# Blender 4.5.2 LTS
# www.blender.org
o building_hitboxes
v -181.559036 2.143962 39.190868
v -181.559021 20.859604 39.190868
v -181.559036 2.143962 9.238000
v -181.559021 20.859604 9.238000
v -165.585464 2.143962 39.190868
v -165.585464 20.859604 39.190868
v -165.585464 2.143962 9.238000
v -165.585464 20.859604 9.238000
v -180.677521 2.143962 59.125168
v -180.677490 20.911432 59.125168
v -180.677521 2.143962 43.105167
v -180.677490 20.911432 43.105167
v -164.680389 2.143962 59.125168
v -164.680389 20.911432 59.125168
v -164.680389 2.143962 43.105167
v -164.680389 20.911432 43.105167
v -160.260239 2.143962 58.586292
v -160.260223 8.894159 58.586292
v -160.260239 2.143962 41.595142
v -160.260223 8.894159 41.595142
v -143.183258 2.143962 58.586292
v -143.183243 8.894159 58.586292
v -143.183258 2.143962 41.595142
v -143.183243 8.894159 41.595142
v -159.512283 2.143962 39.764202
v -159.512268 16.084021 39.764202
v -159.512283 2.143962 22.922543
v -159.512268 16.084021 22.922543
v -142.720383 2.143962 39.764202
v -142.720367 16.084021 39.764202
v -142.720383 2.143962 22.922543
v -142.720367 16.084021 22.922543
v -160.339218 2.143962 93.652802
v -160.339203 15.206027 93.652802
v -160.339218 2.143962 76.811142
v -160.339203 15.206027 76.811142
v -143.524246 2.143962 93.652802
v -143.524231 15.206027 93.652802
v -143.524246 2.143962 76.811142
v -143.524231 15.206027 76.811142
v -179.390839 2.143962 92.607277
v -179.390808 9.526862 92.607277
v -179.390839 2.143962 75.765610
v -179.390808 9.526862 75.765610
v -162.575851 2.143962 92.607277
v -162.575836 9.526862 92.607277
v -162.575851 2.143962 75.765610
v -162.575836 9.526862 75.765610
v -160.019775 2.143962 118.544739
v -160.019775 21.389223 118.544739
v -160.019775 2.143962 102.531212
v -160.019775 21.389223 102.531212
v -143.994141 2.143962 118.544739
v -143.994141 21.389223 118.544739
v -143.994141 2.143962 102.531212
v -143.994141 21.389223 102.531212
v -180.912613 2.143962 116.520424
v -180.912598 8.805351 116.520424
v -180.912613 2.143962 102.352859
v -180.912598 8.805351 102.352859
v -166.726135 2.143962 116.520424
v -166.726135 8.805351 116.520424
v -166.726135 2.143962 102.352859
v -166.726135 8.805351 102.352859
v -180.388016 2.143962 139.054977
v -180.388000 8.831068 139.054977
v -180.388016 2.143962 118.517479
v -180.388000 8.831068 118.517479
v -167.653534 2.143962 139.054977
v -167.653534 8.831068 139.054977
v -167.653534 2.143962 118.517479
v -167.653534 8.831068 118.517479
v -159.045685 2.143962 168.933105
v -159.045685 30.135895 168.933105
v -159.045685 2.143962 152.919571
v -159.045685 30.135895 152.919571
v -143.020050 2.143962 168.933105
v -143.020035 30.135895 168.933105
v -143.020050 2.143962 152.919571
v -143.020035 30.135895 152.919571
v -178.600357 2.143962 169.170776
v -178.600342 17.075418 169.170776
v -178.600357 2.143962 153.157242
v -178.600342 17.075418 153.157242
v -162.574722 2.143962 169.170776
v -162.574707 17.075418 169.170776
v -162.574722 2.143962 153.157242
v -162.574707 17.075418 153.157242
v -114.212204 2.143962 192.840134
v -114.212196 24.227037 192.840134
v -114.212204 2.143962 176.826584
v -114.212196 24.227037 176.826584
v -98.186562 2.143962 192.840134
v -98.186562 24.227037 192.840134
v -98.186562 2.143962 176.826584
v -98.186562 24.227037 176.826584
v -96.119209 2.143962 193.199448
v -96.119209 15.333199 193.199432
v -96.119209 2.143962 176.440750
v -96.119209 15.333199 176.440750
v -79.446945 2.143962 193.199448
v -79.446945 15.333199 193.199432
v -79.446945 2.143962 176.440750
v -79.446945 15.333199 176.440750
v -97.229950 2.143962 173.696274
v -97.229942 30.135937 173.696274
v -97.229950 2.143962 157.695526
v -97.229942 30.135937 157.695526
v -81.225990 2.143962 173.696274
v -81.225990 30.135937 173.696274
v -81.225990 2.143962 157.695526
v -81.225990 30.135937 157.695526
v -115.144669 2.143962 174.620422
v -115.144661 15.276409 174.620422
v -115.144669 2.143962 157.837692
v -115.144661 15.276409 157.837692
v -98.401886 2.143962 174.620422
v -98.401886 15.276409 174.620422
v -98.401886 2.143962 157.837692
v -98.401886 15.276409 157.837692
v -78.713722 2.143962 173.637344
v -78.713722 24.248852 173.637344
v -78.713722 2.143962 157.563599
v -78.713722 24.248852 157.563599
v -62.639565 2.143962 173.637344
v -62.639565 24.248852 173.637344
v -62.639565 2.143962 157.563599
v -62.639565 24.248852 157.563599
v -77.847816 2.143962 192.571793
v -77.847816 17.068123 192.571793
v -77.847816 2.143962 176.440750
v -77.847816 17.068123 176.440750
v -61.809921 2.143962 192.571793
v -61.809921 17.068123 192.571793
v -61.809921 2.143962 176.440750
v -61.809921 17.068123 176.440750
v -50.872604 2.143962 192.944748
v -50.872604 24.230297 192.944748
v -50.872604 2.143962 176.813705
v -50.872604 24.230297 176.813705
v -34.834717 2.143962 192.944748
v -34.834717 24.230297 192.944748
v -34.834717 2.143962 176.813705
v -34.834717 24.230297 176.813705
v -33.611191 2.143962 192.723709
v -33.611191 15.265403 192.723694
v -33.611191 2.143962 175.845413
v -33.611191 15.265403 175.845413
v -16.753418 2.143962 192.723709
v -16.753433 15.265403 192.723694
v -16.753418 2.143962 175.845413
v -16.753433 15.265403 175.845413
v -32.979858 2.143962 173.991745
v -32.979858 27.110470 173.991745
v -32.979858 2.143962 158.001053
v -32.979858 27.110470 158.001053
v -17.014191 2.143962 173.991745
v -17.014191 27.110470 173.991745
v -17.014191 2.143962 158.001053
v -17.014191 27.110470 158.001053
v -51.050034 2.143962 174.467789
v -51.050034 15.234401 174.467789
v -51.050034 2.143962 157.884903
v -51.050034 15.234401 157.884903
v -34.279724 2.143962 174.467789
v -34.279724 15.234401 174.467789
v -34.279724 2.143962 157.884903
v -34.279724 15.234401 157.884903
v -35.074341 30.188721 101.622208
v -35.074341 2.143962 101.622208
v -35.074341 30.188721 117.601845
v -35.074341 2.143962 117.601845
v -51.050034 30.188721 101.622208
v -51.050034 2.143962 101.622208
v -51.050034 30.188721 117.601845
v -51.050034 2.143962 117.601845
v -18.702072 15.384112 100.966118
v -18.702057 2.143962 100.966118
v -18.702072 15.384112 117.601845
v -18.702057 2.143962 117.601845
v -32.550934 15.384112 100.966118
v -32.550934 2.143962 100.966118
v -32.550934 15.384112 117.601845
v -32.550934 2.143962 117.601845
v -18.359131 23.083046 120.345413
v -18.359131 2.143962 120.345413
v -18.359131 23.083046 136.436829
v -18.359131 2.143962 136.436829
v -48.343239 23.083046 120.345413
v -48.343239 2.143962 120.345413
v -48.343239 23.083046 136.436829
v -48.343239 2.143962 136.436829
v -67.377083 27.076866 118.952614
v -67.377083 2.143962 118.952614
v -67.377083 27.076866 135.049698
v -67.377083 2.143962 135.049698
v -83.355057 27.076866 118.952614
v -83.355057 2.143962 118.952614
v -83.355057 27.076866 135.049698
v -83.355057 2.143962 135.049698
v -85.292542 15.353988 118.760498
v -85.292542 2.143962 118.760498
v -85.292542 15.353988 135.464386
v -85.292542 2.143962 135.464386
v -102.002090 15.353988 118.760498
v -102.002098 2.143962 118.760498
v -102.002090 15.353988 135.464386
v -102.002098 2.143962 135.464386
v -86.109421 24.258425 101.757584
v -86.109421 2.143962 101.757584
v -86.109421 24.258425 117.723183
v -86.109421 2.143962 117.723183
v -102.212631 24.258425 101.757584
v -102.212631 2.143962 101.757584
v -102.212631 24.258425 117.723183
v -102.212631 2.143962 117.723183
v -67.284073 15.291774 100.947220
v -67.284073 2.143962 100.947220
v -67.284073 15.291774 117.623726
v -67.284073 2.143962 117.623726
v -83.894669 15.291774 100.947220
v -83.894669 2.143962 100.947220
v -83.894669 15.291774 117.623726
v -83.894669 2.143962 117.623726
v -66.704277 8.861077 74.899117
v -66.704277 2.143962 74.899117
v -66.704277 8.861077 91.719437
v -66.704277 2.143962 91.719437
v -83.683960 8.861077 74.899117
v -83.683960 2.143962 74.899117
v -83.683960 8.861077 91.719437
v -83.683960 2.143962 91.719437
v 3.350113 2.143962 193.187607
v 3.350113 8.905554 193.187592
v 3.350113 2.143962 176.309311
v 3.350113 8.905554 176.309311
v 20.207886 2.143962 193.187607
v 20.207870 8.905554 193.187592
v 20.207886 2.143962 176.309311
v 20.207870 8.905554 176.309311
v 3.741013 2.143962 173.872696
v 3.741013 17.080063 173.872696
v 3.741013 2.143962 157.863892
v 3.741013 17.080063 157.863892
v 19.816986 2.143962 173.872696
v 19.816971 17.080063 173.872696
v 19.816986 2.143962 157.863892
v 19.816971 17.080063 157.863892
v 4.254120 2.143962 213.381332
v 4.254120 15.275448 213.381332
v 4.254120 2.143962 196.659317
v 4.254120 15.275448 196.659302
v 20.957260 2.143962 213.381332
v 20.957245 15.275448 213.381332
v 20.957260 2.143962 196.659317
v 20.957245 15.275448 196.659302
v -17.798416 24.252686 75.789894
v -17.798401 2.143962 75.789894
v -17.798416 24.252686 91.725456
v -17.798401 2.143962 91.725456
v -33.747406 24.252686 75.789894
v -33.747406 2.143962 75.789894
v -33.747406 24.252686 91.725456
v -33.747406 2.143962 91.725456
v -34.599457 15.271363 75.789894
v -34.599457 2.143962 75.789894
v -34.599457 15.271363 92.670456
v -34.599457 2.143962 92.670456
v -51.484818 15.271363 75.789894
v -51.484818 2.143962 75.789894
v -51.484818 15.271363 92.670456
v -51.484818 2.143962 92.670456
v -85.884865 17.084265 75.730247
v -85.884865 2.143962 75.730247
v -85.884865 17.084265 91.726097
v -85.884865 2.143962 91.726097
v -101.865578 17.084265 75.730247
v -101.865578 2.143962 75.730247
v -101.865578 17.084265 91.726097
v -101.865578 2.143962 91.726097
v -86.297630 30.126751 41.547657
v -86.297630 2.143962 41.547657
v -86.297630 30.126751 57.543503
v -86.297630 2.143962 57.543503
v -102.278343 30.126751 41.547657
v -102.278343 2.143962 41.547657
v -102.278343 30.126751 57.543503
v -102.278343 2.143962 57.543503
v -85.867401 15.306804 22.829380
v -85.867401 2.143962 22.829380
v -85.867401 15.306804 39.693420
v -85.867401 2.143962 39.693420
v -102.708572 15.306804 22.829380
v -102.708580 2.143962 22.829380
v -102.708572 15.306804 39.693420
v -102.708580 2.143962 39.693420
v -102.078331 2.143962 20.416332
v -102.078323 8.814671 20.416332
v -102.078331 2.143962 4.213803
v -102.078323 8.814671 4.213805
v -89.746658 2.143962 20.416332
v -89.746658 8.814671 20.416332
v -89.746658 2.143962 4.213803
v -89.746658 8.814671 4.213805
v -68.012169 15.311318 40.934010
v -68.012169 2.143962 40.934010
v -68.012169 15.311318 57.704433
v -68.012169 2.143962 57.704433
v -84.882034 15.311318 40.934010
v -84.882034 2.143962 40.934010
v -84.882034 15.311318 57.704433
v -84.882034 2.143962 57.704433
v -68.984192 24.223652 22.647179
v -68.984192 2.143962 22.647179
v -68.984192 24.223652 38.682625
v -68.984192 2.143962 38.682625
v -84.882034 24.223652 22.647179
v -84.882034 2.143962 22.647179
v -84.882034 24.223652 38.682625
v -84.882034 2.143962 38.682625
v -68.984192 21.419538 4.560532
v -68.984192 2.143962 4.560533
v -68.984192 21.419538 20.595978
v -68.984192 2.143962 20.595978
v -84.882034 21.419538 4.560532
v -84.882034 2.143962 4.560533
v -84.882034 21.419538 20.595978
v -84.882034 2.143962 20.595978
v -32.900955 21.406242 41.811733
v -32.900955 2.143962 41.811733
v -32.900955 21.406242 57.847179
v -32.900955 2.143962 57.847179
v -48.831497 21.406242 41.811733
v -48.831497 2.143962 41.811733
v -48.831497 21.406242 57.847179
v -48.831497 2.143962 57.847179
v -33.200714 15.193705 23.145628
v -33.200714 2.143962 23.145626
v -33.200714 15.193705 39.873451
v -33.200714 2.143962 39.873451
v -49.923302 15.193705 23.145628
v -49.923302 2.143962 23.145626
v -49.923302 15.193705 39.873451
v -49.923302 2.143962 39.873451
v -14.938782 8.834609 40.695179
v -14.938782 2.143962 40.695179
v -14.938782 8.834609 57.555115
v -14.938782 2.143962 57.555115
v -31.702835 8.834609 40.695179
v -31.702835 2.143962 40.695179
v -31.702835 8.834609 57.555115
v -31.702835 2.143962 57.555115
v 20.202042 8.892572 41.337120
v 20.202057 2.143962 41.337120
v 20.202042 8.892572 58.197056
v 20.202057 2.143962 58.197056
v 3.334244 8.892572 41.337120
v 3.334244 2.143962 41.337120
v 3.334244 8.892572 58.197056
v 3.334244 2.143962 58.197056
v 20.202042 15.274811 61.502605
v 20.202057 2.143962 61.502605
v 20.202042 15.274811 78.276222
v 20.202057 2.143962 78.276222
v 3.334244 15.274811 61.502605
v 3.334244 2.143962 61.502605
v 3.334244 15.274811 78.276222
v 3.334244 2.143962 78.276222
v 20.416092 9.235684 81.474106
v 20.416107 2.143962 81.474106
v 20.416092 9.235684 98.384323
v 20.416107 2.143962 98.384323
v 3.548294 9.235684 81.474106
v 3.548294 2.143962 81.474106
v 3.548294 9.235684 98.384323
v 3.548294 2.143962 98.384323
v 20.442352 9.228809 20.941452
v 20.442352 2.143962 20.941452
v 20.442352 9.228809 37.801388
v 20.442352 2.143962 37.801388
v 3.574554 9.228809 20.941452
v 3.574570 2.143962 20.941452
v 3.574554 9.228809 37.801388
v 3.574570 2.143962 37.801388
v 21.175690 8.386868 1.316682
v 21.175690 2.143962 1.316682
v 21.175690 8.386868 17.279503
v 21.175690 2.143962 17.279503
v 3.302200 8.386868 1.316682
v 3.302200 2.143962 1.316682
v 3.302200 8.386868 17.279503
v 3.302200 2.143962 17.279503
v 0.998383 8.393295 -57.463093
v 0.998398 2.143962 -57.463093
v 12.307861 8.393295 -46.093971
v 12.307877 2.143962 -46.093967
v -11.640106 8.393295 -44.824627
v -11.640106 2.143962 -44.824627
v -0.330597 8.393295 -33.455502
v -0.330582 2.143962 -33.455502
v -46.210617 8.617898 -109.690071
v -46.210617 2.143962 -109.690079
v -30.182083 8.617898 -109.690071
v -30.182083 2.143962 -109.690079
v -46.210617 8.617898 -91.816582
v -46.210617 2.143962 -91.816574
v -30.182083 8.617898 -91.816582
v -30.182083 2.143962 -91.816574
v -91.775459 8.610949 -106.594856
v -91.775459 2.143962 -106.594864
v -75.829765 8.610949 -108.222481
v -75.829765 2.143962 -108.222488
v -89.960510 8.610949 -88.813759
v -89.960510 2.143962 -88.813766
v -74.014816 8.610949 -90.441383
v -74.014816 2.143962 -90.441391
v -113.906326 8.645103 -94.095047
v -113.906326 2.143962 -94.095047
v -100.314041 8.645103 -102.589996
v -100.314041 2.143962 -102.589996
v -106.461845 8.645103 -82.183548
v -106.461853 2.143962 -82.183548
v -92.869568 8.645103 -90.678497
v -92.869568 2.143962 -90.678497
v -160.013779 2.143962 19.051258
v -160.013779 9.705162 19.051258
v -160.013779 2.143962 -11.256778
v -160.013779 9.705162 -11.256776
v -142.098969 2.143962 19.051258
v -142.098969 9.705162 19.051258
v -142.098969 2.143962 -11.256778
v -142.098969 9.705162 -11.256776
v -50.312866 2.143962 18.864445
v -50.312866 9.577450 18.864445
v -50.312866 2.143962 -11.443591
v -50.312866 9.577450 -11.443591
v -32.398056 2.143962 18.864445
v -32.398056 9.577450 18.864445
v -32.398056 2.143962 -11.443591
v -32.398056 9.577450 -11.443591
v -30.571701 8.710497 2.994950
v -30.571701 2.143962 2.994950
v -14.690598 8.710497 2.994950
v -14.690582 2.143962 2.994950
v -30.571701 8.710497 20.864906
v -30.571701 2.143962 20.864906
v -14.690598 8.710497 20.864906
v -14.690582 2.143962 20.864906
v -13.822906 8.474941 23.032669
v -13.822891 2.143962 23.032669
v -13.822906 8.474941 38.995487
v -13.822891 2.143962 38.995487
v -31.696396 8.474941 23.032669
v -31.696396 2.143962 23.032669
v -31.696396 8.474941 38.995487
v -31.696396 2.143962 38.995487
v -84.429535 8.643364 -16.288521
v -84.429535 2.143962 -16.288517
v -68.466721 8.643364 -16.288521
v -68.466721 2.143962 -16.288517
v -84.429535 8.643364 1.584976
v -84.429535 2.143962 1.584977
v -68.466721 8.643364 1.584976
v -68.466721 2.143962 1.584977
v -110.052086 2.143962 -49.570133
v -110.052078 8.617027 -49.570129
v -126.080757 2.143962 -49.570133
v -126.080750 8.617027 -49.570129
v -110.052086 2.143962 -67.443626
v -110.052078 8.617027 -67.443626
v -126.080757 2.143962 -67.443626
v -126.080750 8.617027 -67.443626
v -82.209976 8.640840 -67.443626
v -82.209976 2.143962 -67.443626
v -66.181305 8.640840 -67.443626
v -66.181305 2.143962 -67.443626
v -82.209976 8.640840 -49.570129
v -82.209976 2.143962 -49.570133
v -66.181305 8.640840 -49.570129
v -66.181305 2.143962 -49.570133
v -140.546051 2.143962 -49.570133
v -140.546036 8.665617 -49.570129
v -156.574707 2.143962 -49.570133
v -156.574707 8.665617 -49.570129
v -140.546051 2.143962 -67.443626
v -140.546036 8.665617 -67.443626
v -156.574707 2.143962 -67.443626
v -156.574707 8.665617 -67.443626
v -163.516891 2.143962 -50.117565
v -163.516876 8.624931 -50.117565
v -178.756882 2.143962 -45.151569
v -178.756866 8.624931 -45.151566
v -169.054443 2.143962 -67.111603
v -169.054443 8.624931 -67.111603
v -184.294434 2.143962 -62.145611
v -184.294418 8.624931 -62.145611
v -170.535095 10.280313 106.156754
v -170.535095 10.280313 112.716522
v -177.103622 10.280313 106.156754
v -177.103622 10.280313 112.716522
v -179.390808 9.526862 92.607277
v -179.390808 9.526862 75.765610
v -162.575836 9.526862 92.607277
v -162.575836 9.526862 75.765610
v -177.141602 9.526862 90.432594
v -177.141602 9.526862 77.814301
v -164.616196 9.526862 90.432594
v -164.616196 9.526862 77.814301
v -177.141602 13.764085 90.432594
v -177.141602 13.764085 77.814301
v -164.616196 13.764085 90.432594
v -164.616196 13.764085 77.814301
v -157.999374 15.206027 91.309265
v -157.999374 15.206027 79.154686
v -145.864059 15.206027 91.309265
v -145.864059 15.206027 79.154686
v -157.999374 19.725098 91.309265
v -157.999374 19.725098 79.154686
v -145.864059 19.725098 91.309265
v -145.864059 19.725098 79.154686
v -112.861313 15.286688 172.391739
v -112.861313 15.286688 159.945007
v -100.444206 15.286688 172.391739
v -100.444206 15.286688 159.945007
v -112.861313 19.821407 172.391739
v -112.861313 19.821407 159.945007
v -100.444206 19.821407 172.391739
v -100.444206 19.821407 159.945007
v -93.960770 15.333199 191.029800
v -93.960770 15.333199 178.610382
v -81.605385 15.333199 191.029800
v -81.605385 15.333199 178.610382
v -93.960770 19.796513 191.029800
v -93.960770 19.796513 178.610382
v -81.605385 19.796513 191.029800
v -81.605385 19.796513 178.610382
v -31.343185 15.265403 190.452927
v -31.343185 15.265403 178.116165
v -19.021423 15.265403 190.452927
v -19.021423 15.265403 178.116165
v -31.343185 19.860456 190.452927
v -31.343185 19.860456 178.116165
v -19.021423 19.860456 190.452927
v -19.021423 19.860456 178.116165
v -25.182281 21.829132 184.284546
v -48.869278 15.234401 172.273041
v -48.869278 15.234401 160.079651
v -36.576950 15.234401 172.273041
v -36.576950 15.234401 160.079651
v -48.869278 19.834656 172.273041
v -48.869278 19.834656 160.079651
v -36.576950 19.834656 172.273041
v -36.576950 19.834656 160.079651
v 6.487549 15.275448 211.145370
v 6.487549 15.275448 198.895264
v 18.723831 15.275448 211.145370
v 18.723831 15.275448 198.895264
v 6.487549 19.839659 211.145370
v 6.487549 19.839659 198.895264
v 18.723831 19.839659 211.145370
v 18.723831 19.839659 198.895264
v 12.605713 21.797373 205.020309
v 15.834702 11.010139 188.809082
v 7.723297 11.010139 180.687805
v 7.723297 11.010139 188.809082
v 15.834702 11.010139 180.687805
v -20.450226 15.384112 103.043465
v -20.450226 15.384112 115.524498
v -30.843445 15.384112 103.043465
v -30.843445 15.384112 115.524498
v -20.450226 19.831944 103.043465
v -20.450226 19.831944 115.524498
v -30.843445 19.831944 103.043465
v -30.843445 19.831944 115.524498
v -87.479492 15.353988 120.946716
v -87.479492 15.353988 133.278168
v -99.815132 15.353988 120.946716
v -99.815132 15.353988 133.278168
v -87.479492 19.727234 120.946716
v -87.479492 19.727234 133.278168
v -99.815132 19.727234 120.946716
v -99.815132 19.727234 133.278168
v -93.647285 21.896236 127.112442
v -71.285019 11.055444 79.436874
v -71.285019 11.055444 87.181686
v -79.103210 11.055444 79.436874
v -79.103210 11.055444 87.181686
v -69.443527 15.291774 103.146706
v -69.443527 15.291774 115.349213
v -81.735214 15.291774 103.146706
v -81.735214 15.291774 115.349213
v -69.443527 19.822319 103.146706
v -69.443527 19.822319 115.349213
v -81.735214 19.822319 103.146706
v -81.735214 19.822319 115.349213
v 18.098053 9.235684 83.718132
v 18.098053 9.235684 96.048820
v 5.798294 9.235684 83.718132
v 5.798294 9.235684 96.048820
v 18.098053 13.789881 83.718132
v 18.098053 13.789881 96.048820
v 5.798294 13.789881 83.718132
v 5.798294 13.789881 96.048820
v 17.824539 15.274811 63.756916
v 17.824539 15.274811 76.121605
v 5.390411 15.274811 63.756916
v 5.390411 15.274811 76.121605
v 17.824539 19.832424 63.756916
v 17.824539 19.832424 76.121605
v 5.390411 19.832424 63.756916
v 5.390411 19.832424 76.121605
v 15.849258 10.957321 45.687893
v 15.849258 10.957321 53.846279
v 7.687057 10.957321 45.687893
v 7.687057 10.957321 53.846279
v 18.217682 9.228809 23.123398
v 18.217682 9.228809 35.536068
v 5.799225 9.228809 23.123398
v 5.799225 9.228809 35.536068
v 18.217682 13.786511 23.123398
v 18.217682 13.786511 35.536068
v 5.799225 13.786511 23.123398
v 5.799225 13.786511 35.536068
v -19.053589 10.206826 44.833527
v -19.053589 10.206826 53.416759
v -27.588013 10.206826 44.833527
v -27.588013 10.206826 53.416759
v -36.827988 15.271363 78.017799
v -36.827988 15.271363 90.442551
v -49.256279 15.271363 78.017799
v -49.256279 15.271363 90.442551
v -36.827988 19.799494 78.017799
v -36.827988 19.799494 90.442551
v -49.256279 19.799494 78.017799
v -49.256279 19.799494 90.442551
v -43.042145 21.866646 84.230171
v -70.298256 15.311318 43.206623
v -70.298256 15.311318 55.431820
v -82.595940 15.311318 43.206623
v -82.595940 15.311318 55.431820
v -70.298256 19.827360 43.206623
v -70.298256 19.827360 55.431820
v -82.595940 19.827360 43.206623
v -82.595940 19.827360 55.431820
v -88.051994 15.306804 24.946722
v -88.051994 15.306804 37.435638
v -100.523972 15.306804 24.946722
v -100.523972 15.306804 37.435638
v -88.051994 19.833458 24.946722
v -88.051994 19.833458 37.435638
v -100.523972 19.833458 24.946722
v -100.523972 19.833458 37.435638
v -35.423019 15.193705 25.368641
v -35.423019 15.193705 37.650440
v -47.700981 15.193705 25.368641
v -47.700981 15.193705 37.650440
v -35.423019 19.736347 25.368641
v -35.423019 19.736347 37.650440
v -47.700981 19.736347 25.368641
v -47.700981 19.736347 37.650440
v -155.879196 10.269047 54.227295
v -155.879196 10.269047 45.954140
v -147.564255 10.269047 54.227295
v -147.564255 10.269047 45.954140
v -157.168076 16.084021 37.413059
v -157.168076 16.084021 25.273685
v -145.064560 16.084021 37.413059
v -145.064560 16.084021 25.273685
v -157.168076 21.019520 37.413059
v -157.168076 21.019520 25.273685
v -145.064560 21.019520 37.413059
v -145.064560 21.019520 25.273685
v -151.056366 14.279325 19.051258
v -151.056366 14.279325 -11.256776
v -171.136871 10.923795 -47.634563
v -176.674438 10.923795 -64.628609
v -148.560364 13.257579 -49.570129
v -148.560364 13.257579 -67.443626
v -118.066422 10.857426 -49.570129
v -118.066422 10.857426 -67.443626
v -86.699486 2.143962 -4.982890
v -86.699486 8.692451 -4.982890
v -86.834000 2.143962 2.544213
v -86.834000 8.839974 2.544214
v -94.538292 2.143962 -5.122973
v -94.538292 8.733129 -5.122973
v -106.191795 2.143962 2.198281
v -106.191788 8.836710 2.198281
v -105.851456 2.143962 -16.846622
v -94.332458 2.143962 -16.640774
v -94.332458 8.722128 -16.640774
v -105.851448 8.784705 -16.846622
v -86.766739 11.688359 -1.148437
v -100.677368 11.712528 -1.407557
v -106.124954 11.714274 -1.509032
v -100.091957 11.663473 -16.743698
v -106.062729 8.713608 -5.243278
v -106.054878 2.143962 -5.243278
v 13.348587 2.143962 -5.140941
v 13.348572 8.320823 -5.140939
v 20.876755 2.143962 -5.179759
v 20.876755 8.468346 -5.179761
v 13.308136 2.143962 -12.980884
v 13.308121 8.361500 -12.980887
v 20.776932 2.143962 -24.540394
v 20.776917 8.465082 -24.540398
v 1.729218 2.143962 -24.442173
v 1.788635 2.143962 -12.921489
v 1.788635 8.350500 -12.921491
v 1.729202 8.413076 -24.442169
v 17.183563 11.316733 -5.159463
v 17.101288 11.340901 -19.072247
v 17.069061 11.342648 -24.520691
v 1.758926 11.291847 -18.681828
v 13.334335 8.341980 -24.505936
v 13.334213 2.143962 -24.498096
v -61.542366 2.143962 -61.365688
v -61.542366 8.771101 -61.365688
v -61.546837 2.143962 -68.893959
v -61.546837 8.918625 -68.893959
v -53.702301 2.143962 -61.370342
v -53.702301 8.811779 -61.370342
v -42.185928 2.143962 -68.905510
v -42.185928 8.915361 -68.905510
v -42.174606 2.143962 -49.857517
v -53.695427 2.143962 -49.850689
v -53.695427 8.800779 -49.850689
v -42.174606 8.863356 -49.857517
v -61.545891 11.767014 -65.200699
v -47.632851 11.791182 -65.198456
v -42.184311 11.792929 -65.197563
v -47.935028 11.742128 -49.854107
v -42.177582 8.792257 -61.462841
v -42.185425 2.143962 -61.462673
v -98.482498 2.143962 -48.895557
v -98.482498 8.588152 -48.895561
v -105.938667 2.143962 -48.891087
v -105.938667 8.735676 -48.891083
v -98.487167 2.143962 -56.778706
v -98.487160 8.628830 -56.778706
v -105.950218 2.143962 -68.295067
v -105.950218 8.732411 -68.295067
v -86.902214 2.143962 -68.306404
v -86.895386 2.143962 -56.785587
v -86.895386 8.617829 -56.785587
v -86.902214 8.680407 -68.306404
v -102.245399 11.584064 -48.892036
v -102.243164 11.608232 -62.848164
v -102.242264 11.609980 -68.296692
v -86.898804 11.559178 -62.545979
v -98.507538 8.609308 -68.303421
v -98.507378 2.143962 -68.295586
v -14.267014 2.143962 -111.561783
v -14.267044 8.676863 -111.561775
v -6.817734 2.143962 -111.882294
v -6.817749 8.824387 -111.882294
v -13.928192 2.143962 -103.685898
v -13.928207 8.717541 -103.685905
v -5.983673 2.143962 -92.496246
v -5.983688 8.821123 -92.496246
v -25.014069 2.143962 -91.677475
v -25.509277 2.143962 -103.187668
v -25.509277 8.706541 -103.187660
v -25.014069 8.769117 -91.677483
v -10.507645 11.672777 -111.724792
v -9.918304 11.696944 -97.781120
v -9.688248 11.698691 -92.337448
v -25.261673 11.647890 -97.432594
v -13.419327 8.698019 -92.172409
v -13.419785 2.143962 -92.180222
v -48.366463 2.143962 -98.313217
v -48.366463 8.676864 -98.313225
v -48.491264 2.143962 -90.858093
v -48.491264 8.824387 -90.858093
v -56.248520 2.143962 -98.445206
v -56.248520 8.717541 -98.445213
v -67.892525 2.143962 -91.182907
v -67.892525 8.821123 -91.182915
v -67.573662 2.143962 -110.228241
v -56.054451 2.143962 -110.035385
v -56.054451 8.706541 -110.035378
v -67.573662 8.769117 -110.228241
v -48.428185 11.672777 -94.550812
v -62.382179 11.696945 -94.794991
v -67.829865 11.698691 -94.890350
v -61.814034 11.647891 -110.131805
v -67.771866 8.698020 -98.624634
v -67.764023 2.143962 -98.624619
v -76.448128 11.723978 -16.288521
v -76.448128 11.723978 1.584976
v -41.355453 14.253629 18.864445
v -41.355453 14.253629 -11.443591
v -22.590286 13.237396 2.994950
v -22.590286 13.237396 20.864906
v -13.822906 12.966016 31.014076
v -31.696396 12.966016 31.014076
v 21.175690 13.033148 9.298092
v 3.302200 13.033148 9.298092
v 6.653122 13.057744 -51.778530
v -74.195641 13.365426 -67.443626
v -5.985352 13.057744 -39.140064
v -74.195641 13.365426 -49.570129
v -107.110184 11.759068 -98.342522
v -83.802620 13.326992 -107.408669
v -99.665703 11.759068 -86.431023
v -81.987656 13.326992 -89.627571
v -38.196350 11.762884 -109.690071
v -38.196350 11.762884 -91.816582
v -28.096542 2.143962 -48.875629
v -28.096542 7.935764 -48.875626
v -35.624817 2.143962 -48.871151
v -35.624817 8.083288 -48.871151
v -28.101196 2.143962 -56.715679
v -28.101196 7.976442 -56.715679
v -35.636368 2.143962 -68.232040
v -35.636368 8.080024 -68.232040
v -16.588348 2.143962 -68.243378
v -16.581512 2.143962 -56.722561
v -16.581528 7.965442 -56.722561
v -16.588364 8.028019 -68.243378
v -31.931564 10.931677 -48.872101
v -31.929306 10.955845 -62.785137
v -31.928421 10.957591 -68.233665
v -16.584946 10.906791 -62.482952
v -28.193695 7.956921 -68.240395
v -28.193512 2.143962 -68.232559
v -30.474503 2.767020 214.604202
v -30.474503 4.215238 215.606796
v -28.177477 2.767020 214.830444
v -28.373074 4.215238 215.813766
v -25.968725 2.767020 215.500458
v -26.352400 4.215238 216.426727
v -23.933128 2.767020 216.588516
v -24.490137 4.215238 217.422134
v -22.148914 2.767020 218.052780
v -22.857853 4.215238 218.761719
v -20.684647 2.767020 219.836990
v -21.518269 4.215238 220.393997
v -19.596598 2.767020 221.872589
v -20.522869 4.215238 222.256271
v -18.926579 2.767020 224.081345
v -19.909904 4.215238 224.276932
v -18.700342 2.767020 226.378372
v -19.702930 4.215238 226.378372
v -18.926579 2.767020 228.675385
v -19.909904 4.215238 228.479797
v -19.596598 2.767020 230.884140
v -20.522869 4.215238 230.500473
v -20.684647 2.767020 232.919739
v -21.518269 4.215238 232.362732
v -22.148914 2.767020 234.703949
v -22.857853 4.215238 233.995026
v -23.933128 2.767020 236.168228
v -24.490137 4.215238 235.334595
v -25.968725 2.767020 237.256271
v -26.352400 4.215238 236.330002
v -28.177477 2.767020 237.926285
v -28.373074 4.215238 236.942963
v -30.474503 2.767020 238.152527
v -30.474503 4.215238 237.149933
v -32.771526 2.767020 237.926285
v -32.575932 4.215238 236.942963
v -34.980278 2.767020 237.256271
v -34.596603 4.215238 236.330002
v -37.015873 2.767020 236.168228
v -36.458866 4.215238 235.334595
v -38.800091 2.767020 234.703949
v -38.091152 4.215238 233.995026
v -40.264359 2.767020 232.919739
v -39.430737 4.215238 232.362732
v -41.352406 2.767020 230.884140
v -40.426136 4.215238 230.500473
v -42.022423 2.767020 228.675385
v -41.039101 4.215238 228.479797
v -42.248661 2.767020 226.378372
v -41.246075 4.215238 226.378372
v -42.022423 2.767020 224.081345
v -41.039101 4.215238 224.276932
v -41.352406 2.767020 221.872589
v -40.426136 4.215238 222.256271
v -40.264359 2.767020 219.836990
v -39.430737 4.215238 220.393997
v -38.800091 2.767020 218.052780
v -38.091152 4.215238 218.761719
v -37.015873 2.767020 216.588516
v -36.458866 4.215238 217.422134
v -34.980278 2.767020 215.500458
v -34.596603 4.215238 216.426727
v -32.771526 2.767020 214.830444
v -32.575932 4.215238 215.813766
v -30.474503 4.215238 217.336258
v -28.710474 4.215238 217.509995
v -27.014235 4.215238 218.024536
v -25.450974 4.215238 218.860123
v -24.080765 4.215238 219.984619
v -22.956261 4.215238 221.354828
v -22.120682 4.215238 222.918091
v -21.606133 4.215238 224.614334
v -21.432392 4.215238 226.378357
v -21.606133 4.215238 228.142395
v -22.120682 4.215238 229.838623
v -22.956261 4.215238 231.401886
v -24.080765 4.215238 232.772095
v -25.450974 4.215238 233.896606
v -27.014235 4.215238 234.732178
v -28.710474 4.215238 235.246735
v -30.474503 4.215238 235.420471
v -32.238529 4.215238 235.246735
v -33.934769 4.215238 234.732178
v -35.498032 4.215238 233.896606
v -36.868240 4.215238 232.772095
v -37.992741 4.215238 231.401886
v -38.828323 4.215238 229.838623
v -39.342873 4.215238 228.142395
v -39.516613 4.215238 226.378357
v -39.342873 4.215238 224.614334
v -38.828323 4.215238 222.918091
v -37.992741 4.215238 221.354828
v -36.868240 4.215238 219.984619
v -35.498032 4.215238 218.860123
v -33.934769 4.215238 218.024536
v -32.238529 4.215238 217.509995
v -30.474503 3.868828 217.336258
v -28.710474 3.868828 217.509995
v -27.014235 3.868828 218.024536
v -25.450974 3.868828 218.860123
v -24.080765 3.868828 219.984619
v -22.956261 3.868828 221.354828
v -22.120682 3.868828 222.918091
v -21.606133 3.868828 224.614334
v -21.432392 3.868828 226.378357
v -21.606133 3.868828 228.142395
v -22.120682 3.868828 229.838623
v -22.956261 3.868828 231.401886
v -24.080765 3.868828 232.772095
v -25.450974 3.868828 233.896606
v -27.014235 3.868828 234.732178
v -28.710474 3.868828 235.246735
v -30.474503 3.868828 235.420471
v -32.238529 3.868828 235.246735
v -33.934769 3.868828 234.732178
v -35.498032 3.868828 233.896606
v -36.868240 3.868828 232.772095
v -37.992741 3.868828 231.401886
v -38.828323 3.868828 229.838623
v -39.342873 3.868828 228.142395
v -39.516613 3.868828 226.378357
v -39.342873 3.868828 224.614334
v -38.828323 3.868828 222.918091
v -37.992741 3.868828 221.354828
v -36.868240 3.868828 219.984619
v -35.498032 3.868828 218.860123
v -33.934769 3.868828 218.024536
v -32.238529 3.868828 217.509995
v -30.474497 3.868828 221.699600
v -29.561712 3.868828 221.789490
v -28.684006 3.868828 222.055740
v -27.875107 3.868828 222.488113
v -27.166100 3.868828 223.069977
v -26.584234 3.868828 223.778976
v -26.151869 3.868828 224.587891
v -25.885618 3.868828 225.465591
v -25.795717 3.868828 226.378372
v -25.885618 3.868828 227.291153
v -26.151869 3.868828 228.168869
v -26.584234 3.868828 228.977768
v -27.166100 3.868828 229.686768
v -27.875107 3.868828 230.268631
v -28.684006 3.868828 230.701004
v -29.561712 3.868828 230.967255
v -30.474497 3.868828 231.057159
v -31.387283 3.868828 230.967255
v -32.264988 3.868828 230.701004
v -33.073891 3.868828 230.268631
v -33.782894 3.868828 229.686768
v -34.364761 3.868828 228.977768
v -34.797127 3.868828 228.168869
v -35.063377 3.868828 227.291153
v -35.153278 3.868828 226.378372
v -35.063377 3.868828 225.465591
v -34.797127 3.868828 224.587891
v -34.364761 3.868828 223.778976
v -33.782894 3.868828 223.069977
v -33.073891 3.868828 222.488113
v -32.264988 3.868828 222.055740
v -31.387283 3.868828 221.789490
v -30.474497 4.526400 222.558640
v -29.729303 4.526400 222.632034
v -29.012749 4.526400 222.849396
v -28.352367 4.526400 223.202377
v -27.773537 4.526400 223.677414
v -27.298504 4.526400 224.256241
v -26.945522 4.526400 224.916626
v -26.728157 4.526400 225.633179
v -26.654762 4.526400 226.378372
v -26.728157 4.526400 227.123566
v -26.945522 4.526400 227.840134
v -27.298504 4.526400 228.500504
v -27.773537 4.526400 229.079330
v -28.352367 4.526400 229.554367
v -29.012749 4.526400 229.907349
v -29.729303 4.526400 230.124710
v -30.474497 4.526400 230.198105
v -31.219690 4.526400 230.124710
v -31.936247 4.526400 229.907349
v -32.596630 4.526400 229.554367
v -33.175457 4.526400 229.079330
v -33.650490 4.526400 228.500504
v -34.003471 4.526400 227.840134
v -34.220837 4.526400 227.123566
v -34.294231 4.526400 226.378372
v -34.220837 4.526400 225.633179
v -34.003471 4.526400 224.916626
v -33.650490 4.526400 224.256241
v -33.175457 4.526400 223.677414
v -32.596630 4.526400 223.202377
v -31.936247 4.526400 222.849396
v -31.219690 4.526400 222.632034
v -30.267788 5.026182 225.339188
v -29.885843 5.026182 225.497406
v -29.593515 5.026182 225.789734
v -29.435308 5.026182 226.171677
v -29.435308 5.026182 226.585083
v -29.593515 5.026182 226.967026
v -29.885843 5.026182 227.259354
v -30.267788 5.026182 227.417572
v -30.681202 5.026182 227.417572
v -31.063145 5.026182 227.259354
v -31.355473 5.026182 226.967026
v -31.513680 5.026182 226.585083
v -31.513680 5.026182 226.171677
v -31.355473 5.026182 225.789734
v -31.063145 5.026182 225.497406
v -30.681202 5.026182 225.339188
v -30.267788 6.255293 225.339188
v -29.885843 6.255293 225.497406
v -29.593515 6.255293 225.789734
v -29.435308 6.255293 226.171677
v -29.435308 6.255293 226.585083
v -29.593515 6.255293 226.967026
v -29.885843 6.255293 227.259354
v -30.267788 6.255293 227.417572
v -30.681202 6.255293 227.417572
v -31.063145 6.255293 227.259354
v -31.355473 6.255293 226.967026
v -31.513680 6.255293 226.585083
v -31.513680 6.255293 226.171677
v -31.355473 6.255293 225.789734
v -31.063145 6.255293 225.497406
v -30.681202 6.255293 225.339188
v -30.057243 6.889777 224.280716
v -29.286268 6.889777 224.600067
v -28.696190 6.889777 225.190155
v -28.376841 6.889777 225.961121
v -28.376841 6.889777 226.795624
v -28.696190 6.889777 227.566589
v -29.286268 6.889777 228.156677
v -30.057243 6.889777 228.476028
v -30.891741 6.889777 228.476028
v -31.662716 6.889777 228.156677
v -32.252796 6.889777 227.566589
v -32.572144 6.889777 226.795624
v -32.572144 6.889777 225.961121
v -32.252796 6.889777 225.190155
v -31.662716 6.889777 224.600067
v -30.891741 6.889777 224.280716
v -29.951540 7.453213 223.749329
v -28.985250 7.453213 224.149582
v -28.245686 7.453213 224.889145
v -27.845436 7.453213 225.855423
v -27.845436 7.453213 226.901337
v -28.245686 7.453213 227.867615
v -28.985250 7.453213 228.607178
v -29.951540 7.453213 229.007431
v -30.997442 7.453213 229.007431
v -31.963730 7.453213 228.607178
v -32.703293 7.453213 227.867615
v -33.103542 7.453213 226.901337
v -33.103542 7.453213 225.855423
v -32.703293 7.453213 224.889145
v -31.963730 7.453213 224.149582
v -30.997442 7.453213 223.749329
v -29.951540 7.684073 223.749329
v -28.985250 7.684073 224.149582
v -28.245686 7.684073 224.889145
v -27.845436 7.684073 225.855423
v -27.845436 7.684073 226.901337
v -28.245686 7.684073 227.867615
v -28.985250 7.684073 228.607178
v -29.951540 7.684073 229.007431
v -30.997442 7.684073 229.007431
v -31.963730 7.684073 228.607178
v -32.703293 7.684073 227.867615
v -33.103542 7.684073 226.901337
v -33.103542 7.684073 225.855423
v -32.703293 7.684073 224.889145
v -31.963730 7.684073 224.149582
v -30.997442 7.684073 223.749329
v -30.041178 7.684074 224.199966
v -29.240520 7.684074 224.531601
v -28.627724 7.684074 225.144409
v -28.296080 7.684074 225.945053
v -28.296080 7.684074 226.811691
v -28.627724 7.684074 227.612335
v -29.240520 7.684074 228.225143
v -30.041178 7.684074 228.556778
v -30.907803 7.684074 228.556778
v -31.708460 7.684074 228.225143
v -32.321259 7.684074 227.612335
v -32.652901 7.684074 226.811691
v -32.652901 7.684074 225.945053
v -32.321259 7.684074 225.144409
v -31.708460 7.684074 224.531601
v -30.907803 7.684074 224.199966
vn -1.0000 -0.0000 -0.0000
vn -0.0000 -0.0000 -1.0000
vn 1.0000 -0.0000 -0.0000
vn -0.0000 -0.0000 1.0000
vn -0.0000 -1.0000 -0.0000
vn 0.7090 -0.0000 -0.7052
vn 0.7071 -0.0000 0.7071
vn -0.7090 -0.0000 0.7052
vn -0.7071 -0.0000 -0.7071
vn -0.1015 -0.0000 -0.9948
vn 0.9948 -0.0000 -0.1015
vn 0.1015 -0.0000 0.9948
vn -0.9948 -0.0000 0.1015
vn -0.5300 -0.0000 -0.8480
vn 0.8480 -0.0000 -0.5300
vn 0.5300 -0.0000 0.8480
vn -0.8480 -0.0000 0.5300
vn -0.9508 -0.0000 0.3098
vn 0.3098 -0.0000 0.9508
vn 0.9508 -0.0000 -0.3098
vn -0.3098 -0.0000 -0.9508
vn -0.0000 1.0000 -0.0000
vn -0.0000 0.9324 0.3615
vn -0.3611 0.9325 -0.0000
vn -0.0000 0.9324 -0.3615
vn 0.3611 0.9325 -0.0000
vn 0.0050 1.0000 -0.0000
vn -0.0045 1.0000 -0.0000
vn -0.0000 1.0000 0.0046
vn -0.0000 1.0000 -0.0049
vn -0.0000 0.9527 0.3040
vn -0.0000 0.9527 -0.3040
vn 0.3044 0.9526 -0.0000
vn -0.3044 0.9526 -0.0000
vn 0.3048 0.9524 -0.0000
vn -0.3048 0.9524 -0.0000
vn -0.0000 0.9525 0.3045
vn -0.0000 0.9525 -0.3044
vn -0.0000 0.9013 -0.4332
vn 0.4336 0.9011 -0.0000
vn -0.4336 0.9011 -0.0000
vn -0.0000 0.9013 0.4332
vn -0.0000 0.9433 0.3318
vn -0.3317 0.9434 -0.0000
vn 0.3318 0.9434 -0.0000
vn -0.0000 0.9433 -0.3318
vn -0.0000 0.9003 -0.4354
vn 0.4320 0.9019 -0.0000
vn -0.0000 0.9003 0.4353
vn -0.4320 0.9019 -0.0000
vn -0.0000 0.9034 -0.4287
vn 0.4286 0.9035 -0.0000
vn -0.0000 0.9034 0.4287
vn -0.4286 0.9035 -0.0000
vn -0.0000 0.9492 -0.3147
vn 0.3164 0.9486 -0.0000
vn -0.0000 0.9492 0.3147
vn -0.3164 0.9486 -0.0000
vn -0.3156 0.9489 -0.0000
vn 0.3156 0.9489 -0.0000
vn -0.0000 0.9488 -0.3157
vn -0.0000 0.9488 0.3157
vn 0.2994 0.9541 -0.0000
vn -0.2994 0.9541 -0.0000
vn -0.0000 0.9537 0.3008
vn -0.0000 0.9537 -0.3008
vn -0.4548 0.8906 -0.0000
vn 0.4548 0.8906 -0.0000
vn 0.2622 0.9612 -0.0854
vn -0.2622 0.9612 0.0854
vn 0.4971 0.8677 -0.0000
vn -0.4971 0.8677 -0.0000
vn -0.2692 0.9631 -0.0000
vn 0.2692 0.9631 -0.0000
vn -0.0179 -0.0000 0.9998
vn 0.0179 -0.0000 -0.9998
vn 0.9998 -0.0000 0.0179
vn -0.9998 -0.0012 -0.0184
vn 0.0151 0.7880 -0.6154
vn 0.4434 0.8962 0.0141
vn 0.9998 -0.0004 0.0179
vn -0.0112 0.7898 0.6132
vn -0.4471 0.8945 -0.0027
vn 0.0119 0.7796 -0.6262
vn -0.9998 -0.0012 -0.0175
vn -0.9998 0.0009 -0.0174
vn -1.0000 -0.0000 0.0052
vn 1.0000 -0.0000 -0.0052
vn -0.0052 -0.0000 -1.0000
vn 0.0057 0.0013 1.0000
vn 0.6156 -0.7880 -0.0073
vn -0.0084 -0.8962 -0.4436
vn -0.0052 0.0004 -1.0000
vn -0.6133 -0.7898 0.0034
vn -0.0030 -0.8945 0.4471
vn 0.6263 -0.7796 -0.0040
vn 0.0048 0.0013 1.0000
vn 0.0046 -0.0009 1.0000
vn -0.0006 -0.0000 -1.0000
vn 0.0006 -0.0000 1.0000
vn -1.0000 -0.0000 0.0006
vn 1.0000 -0.0012 -0.0001
vn -0.0037 0.7880 0.6156
vn -0.4436 0.8962 -0.0059
vn -1.0000 -0.0004 0.0006
vn -0.0002 0.7898 -0.6134
vn 0.4470 0.8945 -0.0056
vn -0.0004 0.7796 0.6263
vn 1.0000 -0.0012 -0.0009
vn 1.0000 0.0009 -0.0011
vn 1.0000 -0.0000 -0.0006
vn -0.0001 -0.0012 -1.0000
vn 0.6229 0.7823 0.0037
vn -0.0059 0.8962 0.4436
vn 0.0006 -0.0004 1.0000
vn -0.6134 0.7898 0.0002
vn -0.0056 0.8945 -0.4470
vn 0.6263 0.7796 0.0004
vn -0.0009 -0.0012 -1.0000
vn -0.0011 0.0009 -1.0000
vn 0.9991 -0.0000 -0.0430
vn -0.9991 -0.0000 0.0430
vn -0.0430 -0.0000 -0.9991
vn 0.0425 -0.0012 0.9991
vn -0.6225 0.7823 0.0227
vn -0.0129 0.8962 -0.4434
vn -0.0430 -0.0004 -0.9991
vn 0.6128 0.7898 -0.0262
vn 0.0245 0.8945 0.4464
vn -0.6258 0.7796 0.0262
vn 0.0433 -0.0012 0.9991
vn 0.0435 0.0009 0.9991
vn -0.0167 -0.0000 0.9999
vn 0.0167 -0.0000 -0.9999
vn 0.9999 -0.0000 0.0167
vn -0.9999 -0.0012 -0.0173
vn 0.0145 0.7823 -0.6227
vn 0.4434 0.8962 0.0136
vn 0.9999 -0.0004 0.0167
vn -0.0105 0.7898 0.6133
vn -0.4471 0.8945 -0.0022
vn 0.0112 0.7796 -0.6262
vn -0.9999 -0.0012 -0.0164
vn -0.9999 0.0009 -0.0162
vn -0.3601 0.9329 -0.0000
vn 0.3601 0.9329 -0.0000
vn -0.4628 0.8865 -0.0000
vn 0.4628 0.8865 -0.0000
vn -0.4934 0.8698 -0.0000
vn 0.4972 0.8676 -0.0000
vn -0.0000 0.8715 0.4904
vn -0.0000 0.8715 -0.4904
vn -0.0000 0.8642 0.5031
vn -0.0000 0.8642 -0.5031
vn -0.3556 0.8644 -0.3556
vn 0.3556 0.8644 0.3556
vn -0.5078 0.8615 -0.0000
vn 0.5078 0.8615 -0.0000
vn 0.3071 0.9321 -0.1919
vn -0.3071 0.9321 0.1919
vn -0.5045 0.8619 0.0515
vn 0.5045 0.8619 -0.0515
vn -0.3653 0.9309 -0.0000
vn 0.3653 0.9309 -0.0000
vn -0.0001 -0.0013 -1.0000
vn 0.6156 0.7880 0.0037
vn -0.0009 -0.0013 -1.0000
vn 0.0807 0.5674 -0.8195
vn 0.2390 0.5673 -0.7880
vn 0.3882 0.5673 -0.7262
vn 0.5224 0.5673 -0.6366
vn 0.6366 0.5673 -0.5224
vn 0.7262 0.5673 -0.3882
vn 0.7880 0.5673 -0.2390
vn 0.8195 0.5673 -0.0807
vn 0.8195 0.5673 0.0807
vn 0.7880 0.5673 0.2390
vn 0.7262 0.5673 0.3882
vn 0.6366 0.5673 0.5224
vn 0.5224 0.5673 0.6366
vn 0.3882 0.5674 0.7262
vn 0.2390 0.5673 0.7880
vn 0.0807 0.5673 0.8195
vn -0.0807 0.5673 0.8195
vn -0.2390 0.5674 0.7880
vn -0.3882 0.5673 0.7263
vn -0.5224 0.5673 0.6366
vn -0.6366 0.5673 0.5224
vn -0.7263 0.5673 0.3882
vn -0.7880 0.5673 0.2390
vn -0.8195 0.5673 0.0807
vn -0.8195 0.5673 -0.0807
vn -0.7880 0.5673 -0.2390
vn -0.7262 0.5673 -0.3882
vn -0.6366 0.5673 -0.5224
vn -0.5224 0.5673 -0.6366
vn -0.3882 0.5674 -0.7262
vn -0.2390 0.5673 -0.7880
vn -0.0807 0.5673 -0.8195
vn 0.9569 -0.0000 0.2903
vn -0.6344 -0.0000 -0.7730
vn 0.8819 -0.0000 0.4714
vn -0.4714 -0.0000 -0.8819
vn -0.0980 -0.0000 0.9952
vn 0.7730 -0.0000 0.6344
vn -0.2903 -0.0000 -0.9569
vn -0.2903 -0.0000 0.9569
vn 0.6344 -0.0000 0.7730
vn -0.0980 -0.0000 -0.9952
vn -0.4714 -0.0000 0.8819
vn 0.4714 -0.0000 0.8819
vn 0.0980 -0.0000 -0.9952
vn -0.6344 -0.0000 0.7730
vn 0.2903 -0.0000 0.9569
vn 0.2903 -0.0000 -0.9569
vn -0.7730 -0.0000 0.6344
vn 0.0980 -0.0000 0.9952
vn 0.4714 -0.0000 -0.8819
vn -0.8819 -0.0000 0.4714
vn 0.6344 -0.0000 -0.7730
vn -0.9569 -0.0000 0.2903
vn 0.7730 -0.0000 -0.6344
vn -0.9952 -0.0000 0.0980
vn 0.8819 -0.0000 -0.4714
vn -0.9952 -0.0000 -0.0980
vn 0.9569 -0.0000 -0.2903
vn -0.9569 -0.0000 -0.2903
vn 0.9952 -0.0000 -0.0980
vn -0.8819 -0.0000 -0.4714
vn 0.9952 -0.0000 0.0980
vn -0.7730 -0.0000 -0.6344
vn 0.4713 0.7927 -0.3868
vn -0.1634 0.9842 0.0677
vn -0.0598 0.7926 -0.6068
vn -0.2874 0.7927 0.5377
vn 0.5377 0.7927 -0.2874
vn -0.3868 0.7927 0.4713
vn 0.5834 0.7926 -0.1770
vn -0.4713 0.7927 0.3868
vn 0.6067 0.7926 -0.0598
vn -0.5377 0.7926 0.2874
vn 0.6067 0.7926 0.0598
vn -0.5834 0.7927 0.1770
vn 0.5834 0.7927 0.1770
vn -0.6067 0.7926 0.0598
vn 0.5377 0.7926 0.2874
vn -0.6068 0.7926 -0.0598
vn 0.4713 0.7926 0.3868
vn -0.5834 0.7926 -0.1770
vn 0.3868 0.7926 0.4713
vn -0.5377 0.7926 -0.2874
vn 0.2874 0.7927 0.5377
vn 0.0598 0.7926 -0.6068
vn -0.4713 0.7926 -0.3868
vn 0.1770 0.7927 0.5834
vn 0.1770 0.7927 -0.5834
vn -0.3868 0.7926 -0.4713
vn 0.0598 0.7927 0.6067
vn 0.2874 0.7927 -0.5377
vn -0.2874 0.7926 -0.5377
vn -0.0598 0.7926 0.6067
vn 0.3868 0.7926 -0.4713
vn -0.1770 0.7927 -0.5834
vn -0.1770 0.7926 0.5834
vn 0.1635 0.9842 0.0677
vn -0.1769 0.9842 -0.0000
vn 0.1251 0.9842 0.1251
vn -0.1634 0.9842 -0.0677
vn 0.0677 0.9842 0.1634
vn -0.0000 0.9834 -0.1815
vn -0.1251 0.9842 -0.1251
vn 0.0677 0.9842 -0.1634
vn -0.0000 0.9842 0.1769
vn -0.0677 0.9842 -0.1634
vn 0.1251 0.9842 -0.1251
vn -0.0677 0.9842 0.1634
vn 0.1634 0.9842 -0.0677
vn -0.1251 0.9842 0.1251
vn 0.9239 -0.0000 0.3827
vn -0.9239 -0.0000 -0.3827
vn 0.3827 -0.0000 0.9239
vn 0.3827 -0.0000 -0.9239
vn -0.3827 -0.0000 -0.9239
vn 0.7071 -0.0000 -0.7071
vn -0.3827 -0.0000 0.9239
vn 0.9239 -0.0000 -0.3827
vn -0.7071 -0.0000 0.7071
vn -0.9239 -0.0000 0.3827
vn -0.4750 -0.8577 -0.1967
vn 0.1968 -0.8577 0.4750
vn -0.0000 -0.8577 -0.5141
vn -0.3635 -0.8577 -0.3635
vn 0.1968 -0.8577 -0.4750
vn -0.0000 -0.8577 0.5141
vn -0.1968 -0.8577 -0.4750
vn 0.3635 -0.8577 -0.3635
vn -0.1968 -0.8577 0.4750
vn 0.4750 -0.8577 -0.1968
vn -0.3636 -0.8577 0.3636
vn 0.5141 -0.8577 -0.0000
vn -0.4750 -0.8577 0.1968
vn 0.4750 -0.8577 0.1967
vn -0.5142 -0.8577 -0.0000
vn 0.3635 -0.8577 0.3635
vn 0.2784 -0.6861 -0.6721
vn -0.2784 -0.6861 -0.6721
vn -0.0000 -0.6861 0.7275
vn 0.5144 -0.6861 -0.5144
vn -0.2784 -0.6861 0.6721
vn -0.0000 -0.6861 -0.7275
vn 0.6721 -0.6861 -0.2784
vn -0.5144 -0.6861 0.5144
vn 0.7275 -0.6861 -0.0000
vn -0.6721 -0.6861 0.2784
vn 0.6721 -0.6861 0.2784
vn -0.7275 -0.6861 -0.0000
vn 0.5144 -0.6861 0.5144
vn -0.6721 -0.6861 -0.2784
vn 0.2784 -0.6861 0.6721
vn -0.5144 -0.6861 -0.5144
vn 0.1769 0.9842 -0.0000
vn -0.0000 0.9003 -0.4353
vn -0.0000 0.9003 0.4354
vn -0.9998 -0.0000 -0.0173
vn 0.0128 0.7903 -0.6126
vn 0.4547 0.8906 0.0073
vn -0.0111 0.7900 0.6130
vn -0.0100 0.7919 0.6106
vn -0.4750 0.8797 -0.0209
vn -0.9998 -0.0000 -0.0182
vn 0.0046 -0.0000 1.0000
vn 0.6127 -0.7903 -0.0050
vn -0.0015 -0.8906 -0.4548
vn -0.6131 -0.7900 0.0033
vn -0.6107 -0.7919 0.0022
vn 0.0149 -0.8797 0.4752
vn 0.0055 -0.0000 1.0000
vn 1.0000 -0.0000 -0.0011
vn -0.0015 0.7903 0.6127
vn -0.4548 0.8906 0.0011
vn -0.0002 0.7900 -0.6131
vn -0.0013 0.7919 -0.6107
vn 0.4753 0.8797 0.0122
vn 1.0000 -0.0000 -0.0003
vn -0.0011 -0.0000 -1.0000
vn 0.6200 0.7846 0.0015
vn 0.0011 0.8906 0.4548
vn -0.6131 0.7900 0.0002
vn -0.6107 0.7919 0.0013
vn 0.0122 0.8797 -0.4753
vn -0.0003 -0.0000 -1.0000
vn 0.0435 -0.0000 0.9991
vn -0.6195 0.7846 0.0248
vn -0.0204 0.8906 -0.4543
vn 0.6125 0.7900 -0.0262
vn 0.6101 0.7919 -0.0272
vn 0.0080 0.8797 0.4754
vn 0.0426 -0.0000 0.9991
vn -0.9999 -0.0000 -0.0162
vn 0.0122 0.7846 -0.6199
vn 0.4547 0.8906 0.0068
vn -0.0104 0.7900 0.6130
vn -0.0093 0.7919 0.6106
vn -0.4750 0.8797 -0.0204
vn -0.9999 -0.0000 -0.0171
vn 0.6127 0.7903 0.0015
vn 0.0807 0.5673 -0.8195
vn 0.3882 0.5674 -0.7262
vn 0.6366 0.5674 -0.5224
vn 0.7263 0.5673 -0.3882
vn 0.5224 0.5674 0.6366
vn 0.3882 0.5673 0.7263
vn 0.2390 0.5674 0.7880
vn 0.0807 0.5674 0.8195
vn -0.2390 0.5673 0.7880
vn -0.3882 0.5673 0.7262
vn -0.7262 0.5674 0.3882
vn -0.7263 0.5673 -0.3882
vn -0.3882 0.5673 -0.7263
vn 0.4713 0.7926 -0.3868
vn -0.1713 0.9838 0.0520
vn -0.1579 0.9838 0.0844
vn -0.0597 0.7927 -0.6067
vn -0.2874 0.7926 0.5377
vn 0.5377 0.7926 -0.2874
vn -0.3868 0.7926 0.4713
vn 0.6067 0.7927 0.0598
vn -0.5834 0.7926 0.1770
vn 0.5834 0.7926 0.1770
vn -0.6067 0.7927 -0.0598
vn -0.5377 0.7927 -0.2874
vn 0.2874 0.7926 0.5377
vn 0.0598 0.7927 -0.6067
vn -0.4713 0.7927 -0.3868
vn 0.0598 0.7926 0.6068
vn 0.2874 0.7926 -0.5377
vn -0.0598 0.7927 0.6067
vn 0.3868 0.7927 -0.4713
vn -0.1770 0.7926 -0.5834
vn -0.1770 0.7927 0.5834
vn 0.1579 0.9838 0.0844
vn 0.1713 0.9838 0.0520
vn -0.1782 0.9838 -0.0175
vn -0.1781 0.9838 0.0175
vn 0.1136 0.9838 0.1384
vn 0.1384 0.9838 0.1136
vn -0.1579 0.9838 -0.0844
vn -0.1713 0.9839 -0.0520
vn 0.0520 0.9838 0.1713
vn 0.0844 0.9838 0.1579
vn -0.1136 0.9838 -0.1384
vn -0.1384 0.9838 -0.1136
vn 0.0844 0.9838 -0.1579
vn 0.0520 0.9838 -0.1713
vn -0.0175 0.9838 0.1781
vn 0.0175 0.9838 0.1781
vn -0.0520 0.9838 -0.1713
vn -0.0844 0.9838 -0.1579
vn 0.1384 0.9838 -0.1136
vn 0.1136 0.9838 -0.1384
vn -0.0844 0.9838 0.1579
vn -0.0520 0.9838 0.1713
vn 0.1713 0.9838 -0.0520
vn 0.1579 0.9838 -0.0844
vn -0.1384 0.9838 0.1136
vn -0.1136 0.9838 0.1384
vn -0.4750 -0.8577 -0.1968
vn -0.3636 -0.8577 -0.3635
vn 0.3636 -0.8577 -0.3635
vn 0.4750 -0.8577 -0.1967
vn -0.3635 -0.8577 0.3635
vn 0.5142 -0.8577 -0.0000
vn 0.4750 -0.8577 0.1968
vn -0.5141 -0.8577 -0.0000
vn 0.3636 -0.8577 0.3636
vn -0.2784 -0.6862 0.6721
vn 0.1781 0.9839 0.0175
vn 0.1782 0.9838 -0.0175
vt 0.625000 -0.003900
vt 0.375000 0.250000
vt 0.375000 -0.003900
vt 0.625000 0.250000
vt 0.375000 0.500000
vt 0.625000 0.500000
vt 0.375000 0.750000
vt 0.625000 1.000000
vt 0.375000 1.000000
vt 0.625000 0.750000
vt 0.625000 0.467576
vt 0.375000 0.782423
vt 0.375000 0.467576
vt 0.625000 0.782424
vt 0.375000 0.978895
vt 0.375000 -0.040299
vt 0.625000 0.271105
vt 0.375000 0.271105
vt 0.375000 0.898764
vt 0.625000 0.898764
vt 0.625000 0.500000
vt 0.625000 0.895266
vt 0.625000 0.429648
vt 0.605952 0.500000
vt 0.625000 0.978895
vt 0.625000 -0.040299
vt 1.000000 0.500000
vt 0.968750 1.000000
vt 0.968750 0.500000
vt 0.937500 0.500000
vt 0.937500 1.000000
vt 0.906250 0.500000
vt 0.875000 1.000000
vt 0.875000 0.500000
vt 0.843750 0.500000
vt 0.812500 1.000000
vt 0.812500 0.500000
vt 0.781250 1.000000
vt 0.781250 0.500000
vt 0.750000 1.000000
vt 0.750000 0.500000
vt 0.718750 0.500000
vt 0.718750 1.000000
vt 0.687500 0.500000
vt 0.687500 1.000000
vt 0.656250 0.500000
vt 0.656250 1.000000
vt 0.593750 0.500000
vt 0.562500 1.000000
vt 0.562500 0.500000
vt 0.531250 0.500000
vt 0.531250 1.000000
vt 0.500000 0.500000
vt 0.500000 1.000000
vt 0.468750 0.500000
vt 0.437500 1.000000
vt 0.437500 0.500000
vt 0.406250 0.500000
vt 0.406250 1.000000
vt 0.343750 1.000000
vt 0.343750 0.500000
vt 0.312500 0.500000
vt 0.312500 1.000000
vt 0.281250 0.500000
vt 0.250000 1.000000
vt 0.250000 0.500000
vt 0.218750 0.500000
vt 0.187500 1.000000
vt 0.187500 0.500000
vt 0.156250 1.000000
vt 0.156250 0.500000
vt 0.125000 0.500000
vt 0.093750 1.000000
vt 0.093750 0.500000
vt 0.062500 1.000000
vt 0.062500 0.500000
vt 0.843750 1.000000
vt 0.031250 1.000000
vt 0.031250 0.500000
vt 0.000000 0.500000
vt 0.218750 1.000000
vt 0.593750 1.000000
vt 0.281250 1.000000
vt 1.000000 1.000000
vt 0.000000 1.000000
vt 0.125000 1.000000
vt 0.906250 1.000000
vt 0.468750 1.000000
s 0
f 2/1/1 3/2/1 1/3/1
f 4/4/2 7/5/2 3/2/2
f 8/6/3 5/7/3 7/5/3
f 5/7/4 2/8/4 1/9/4
f 20/4/2 23/5/2 19/2/2
f 80/6/3 77/7/3 79/5/3
f 10/1/1 11/2/1 9/3/1
f 12/4/2 15/5/2 11/2/2
f 16/6/3 13/7/3 15/5/3
f 13/7/4 10/8/4 9/9/4
f 18/1/1 19/2/1 17/3/1
f 74/1/1 75/2/1 73/3/1
f 24/6/3 21/7/3 23/5/3
f 21/7/4 18/8/4 17/9/4
f 76/4/2 79/5/2 75/2/2
f 28/4/2 31/5/2 27/2/2
f 26/1/1 27/2/1 25/3/1
f 32/6/3 29/7/3 31/5/3
f 29/7/4 26/8/4 25/9/4
f 36/4/2 39/5/2 35/2/2
f 34/1/1 35/2/1 33/3/1
f 40/6/3 37/7/3 39/5/3
f 37/7/4 34/8/4 33/9/4
f 44/4/2 47/5/2 43/2/2
f 42/1/1 43/2/1 41/3/1
f 48/6/3 45/7/3 47/5/3
f 45/7/4 42/8/4 41/9/4
f 52/4/2 55/5/2 51/2/2
f 50/1/1 51/2/1 49/3/1
f 56/6/3 53/7/3 55/5/3
f 54/10/4 49/9/4 53/7/4
f 60/4/2 63/5/2 59/2/2
f 58/1/1 59/2/1 57/3/1
f 64/6/3 61/7/3 63/5/3
f 61/7/4 58/8/4 57/9/4
f 68/4/2 71/5/2 67/2/2
f 66/1/1 67/2/1 65/3/1
f 72/6/3 69/7/3 71/5/3
f 69/7/4 66/8/4 65/9/4
f 77/7/4 74/8/4 73/9/4
f 88/6/3 85/7/3 87/5/3
f 82/1/1 83/2/1 81/3/1
f 84/4/2 87/5/2 83/2/2
f 85/7/4 82/8/4 81/9/4
f 96/6/3 93/7/3 95/5/3
f 90/1/1 91/2/1 89/3/1
f 92/4/2 95/5/2 91/2/2
f 93/7/4 90/8/4 89/9/4
f 103/5/3 102/10/3 101/7/3
f 98/1/1 99/2/1 97/3/1
f 100/4/2 103/5/2 99/2/2
f 102/10/4 97/9/4 101/7/4
f 112/6/3 109/7/3 111/5/3
f 106/1/1 107/2/1 105/3/1
f 108/4/2 111/5/2 107/2/2
f 110/10/4 105/9/4 109/7/4
f 120/6/3 117/7/3 119/5/3
f 114/1/1 115/2/1 113/3/1
f 116/4/2 119/5/2 115/2/2
f 117/7/4 114/8/4 113/9/4
f 128/6/3 125/7/3 127/5/3
f 122/1/1 123/2/1 121/3/1
f 124/4/2 127/5/2 123/2/2
f 126/10/4 121/9/4 125/7/4
f 136/6/3 133/7/3 135/5/3
f 130/1/1 131/2/1 129/3/1
f 132/4/2 135/5/2 131/2/2
f 134/10/4 129/9/4 133/7/4
f 144/6/3 141/7/3 143/5/3
f 138/1/1 139/2/1 137/3/1
f 140/4/2 143/5/2 139/2/2
f 142/10/4 137/9/4 141/7/4
f 152/6/3 149/7/3 151/5/3
f 146/1/1 147/2/1 145/3/1
f 147/2/2 152/6/2 151/5/2
f 150/10/4 145/9/4 149/7/4
f 160/6/3 157/7/3 159/5/3
f 154/1/1 155/2/1 153/3/1
f 156/4/2 159/5/2 155/2/2
f 158/10/4 153/9/4 157/7/4
f 168/6/3 165/7/3 167/5/3
f 162/1/1 163/2/1 161/3/1
f 164/4/2 167/5/2 163/2/2
f 166/10/4 161/9/4 165/7/4
f 169/6/3 172/7/3 170/5/3
f 171/10/4 176/9/4 172/7/4
f 175/1/1 174/2/1 176/3/1
f 173/4/2 170/5/2 174/2/2
f 177/6/3 180/7/3 178/5/3
f 179/10/4 184/9/4 180/7/4
f 183/1/1 182/2/1 184/3/1
f 182/2/2 177/6/2 178/5/2
f 185/6/3 188/7/3 186/5/3
f 187/10/4 192/9/4 188/7/4
f 191/1/1 190/2/1 192/3/1
f 189/4/2 186/5/2 190/2/2
f 193/6/3 196/7/3 194/5/3
f 195/10/4 200/9/4 196/7/4
f 199/1/1 198/2/1 200/3/1
f 197/4/2 194/5/2 198/2/2
f 201/6/3 204/7/3 202/5/3
f 204/7/4 207/8/4 208/9/4
f 207/1/1 206/2/1 208/3/1
f 205/4/2 202/5/2 206/2/2
f 209/6/3 212/7/3 210/5/3
f 211/10/4 216/9/4 212/7/4
f 215/1/1 214/2/1 216/3/1
f 213/4/2 210/5/2 214/2/2
f 217/6/3 220/7/3 218/5/3
f 219/10/4 224/9/4 220/7/4
f 223/1/1 222/2/1 224/3/1
f 221/4/2 218/5/2 222/2/2
f 225/6/3 228/7/3 226/5/3
f 227/10/4 232/9/4 228/7/4
f 231/1/1 230/2/1 232/3/1
f 229/4/2 226/5/2 230/2/2
f 239/5/3 238/10/3 237/7/3
f 234/1/1 235/2/1 233/3/1
f 235/2/2 240/6/2 239/5/2
f 238/10/4 233/9/4 237/7/4
f 248/6/3 245/7/3 247/5/3
f 242/1/1 243/2/1 241/3/1
f 243/2/2 248/6/2 247/5/2
f 246/10/4 241/9/4 245/7/4
f 243/2/5 245/7/5 241/9/5
f 255/5/3 254/10/3 253/7/3
f 250/1/1 251/2/1 249/3/1
f 251/2/2 256/6/2 255/5/2
f 254/10/4 249/9/4 253/7/4
f 257/6/3 260/7/3 258/5/3
f 259/10/4 264/9/4 260/7/4
f 263/1/1 262/2/1 264/3/1
f 262/2/2 257/6/2 258/5/2
f 265/6/3 268/7/3 266/5/3
f 267/10/4 272/9/4 268/7/4
f 271/1/1 270/2/1 272/3/1
f 269/4/2 266/5/2 270/2/2
f 273/6/3 276/7/3 274/5/3
f 275/10/4 280/9/4 276/7/4
f 279/1/1 278/2/1 280/3/1
f 277/4/2 274/5/2 278/2/2
f 281/6/3 284/7/3 282/5/3
f 283/10/4 288/9/4 284/7/4
f 287/1/1 286/2/1 288/3/1
f 285/4/2 282/5/2 286/2/2
f 289/6/3 292/7/3 290/5/3
f 292/7/4 295/8/4 296/9/4
f 295/1/1 294/2/1 296/3/1
f 293/4/2 290/5/2 294/2/2
f 300/4/2 303/5/2 299/2/2
f 297/3/1 300/4/1 299/2/1
f 304/6/3 301/7/3 303/5/3
f 301/7/4 298/8/4 297/9/4
f 305/6/3 308/7/3 306/5/3
f 307/10/4 312/9/4 308/7/4
f 311/1/1 310/2/1 312/3/1
f 309/4/2 306/5/2 310/2/2
f 313/6/3 316/7/3 314/5/3
f 315/10/4 320/9/4 316/7/4
f 319/1/1 318/2/1 320/3/1
f 317/4/2 314/5/2 318/2/2
f 322/5/3 323/10/3 324/7/3
f 323/10/4 328/9/4 324/7/4
f 327/1/1 326/2/1 328/3/1
f 325/4/2 322/5/2 326/2/2
f 329/6/3 332/7/3 330/5/3
f 331/10/4 336/9/4 332/7/4
f 335/1/1 334/2/1 336/3/1
f 333/4/2 330/5/2 334/2/2
f 337/6/3 340/7/3 338/5/3
f 339/10/4 344/9/4 340/7/4
f 343/1/1 342/2/1 344/3/1
f 341/4/2 338/5/2 342/2/2
f 345/6/3 348/7/3 346/5/3
f 347/10/4 352/9/4 348/7/4
f 351/1/1 350/2/1 352/3/1
f 349/4/2 346/5/2 350/2/2
f 353/6/3 356/7/3 354/5/3
f 355/10/4 360/9/4 356/7/4
f 359/1/1 358/2/1 360/3/1
f 358/2/2 353/6/2 354/5/2
f 361/6/3 364/7/3 362/5/3
f 363/10/4 368/9/4 364/7/4
f 367/1/1 366/2/1 368/3/1
f 366/2/2 361/6/2 362/5/2
f 369/6/3 372/7/3 370/5/3
f 371/10/4 376/9/4 372/7/4
f 375/1/1 374/2/1 376/3/1
f 374/2/2 369/6/2 370/5/2
f 377/6/3 380/7/3 378/5/3
f 379/10/4 384/9/4 380/7/4
f 383/1/1 382/2/1 384/3/1
f 382/2/2 377/6/2 378/5/2
f 385/6/3 388/7/3 386/5/3
f 387/10/4 392/9/4 388/7/4
f 391/1/1 390/2/1 392/3/1
f 389/4/2 386/5/2 390/2/2
f 394/5/6 395/10/6 396/7/6
f 395/10/7 400/3/7 396/7/7
f 399/1/8 398/2/8 400/3/8
f 398/2/9 393/6/9 394/5/9
f 401/6/2 404/7/2 402/5/2
f 403/10/3 408/9/3 404/7/3
f 407/1/4 406/2/4 408/3/4
f 405/4/1 402/5/1 406/2/1
f 409/6/10 412/7/10 410/5/10
f 411/10/11 416/9/11 412/7/11
f 415/1/12 414/2/12 416/3/12
f 414/2/13 409/6/13 410/5/13
f 417/11/14 420/12/14 418/13/14
f 419/14/15 424/15/15 420/12/15
f 424/16/16 421/17/16 422/18/16
f 421/17/17 418/13/17 422/18/17
f 425/3/1 428/4/1 427/2/1
f 428/4/2 431/5/2 427/2/2
f 432/6/3 429/7/3 431/5/3
f 430/10/4 425/9/4 429/7/4
f 434/1/1 435/2/1 433/3/1
f 436/4/2 439/5/2 435/2/2
f 440/6/3 437/7/3 439/5/3
f 438/10/4 433/9/4 437/7/4
f 442/5/2 443/10/2 444/7/2
f 443/10/3 448/9/3 444/7/3
f 447/1/4 446/2/4 448/3/4
f 445/4/1 442/5/1 446/2/1
f 449/6/3 452/7/3 450/5/3
f 451/10/4 456/9/4 452/7/4
f 455/1/1 454/2/1 456/3/1
f 454/2/2 449/6/2 450/5/2
f 457/6/2 460/7/2 458/5/2
f 459/10/3 464/9/3 460/7/3
f 463/1/4 462/2/4 464/3/4
f 461/4/1 458/5/1 462/2/1
f 467/2/1 472/6/1 471/5/1
f 465/3/4 468/4/4 467/2/4
f 470/10/3 465/9/3 469/7/3
f 472/6/2 469/7/2 471/5/2
f 473/6/2 476/7/2 474/5/2
f 475/10/3 480/9/3 476/7/3
f 479/1/4 478/2/4 480/3/4
f 478/2/1 473/6/1 474/5/1
f 484/4/1 487/5/1 483/2/1
f 481/3/4 484/4/4 483/2/4
f 486/10/3 481/9/3 485/7/3
f 488/6/2 485/7/2 487/5/2
f 492/4/18 495/5/18 491/2/18
f 489/3/19 492/4/19 491/2/19
f 494/10/20 489/9/20 493/7/20
f 496/6/21 493/7/21 495/5/21
f 82/8/22 88/6/22 84/4/22
f 74/8/22 80/6/22 76/4/22
f 66/8/22 72/6/22 68/4/22
f 62/10/23 500/8/23 58/8/23
f 60/4/24 500/1/24 499/4/24
f 497/6/22 500/8/22 498/10/22
f 64/6/25 499/4/25 497/6/25
f 64/6/26 498/10/26 62/10/26
f 50/8/22 56/6/22 52/4/22
f 46/10/22 504/6/22 503/10/22
f 44/4/22 501/1/22 502/4/22
f 42/8/22 503/10/22 501/8/22
f 48/6/22 502/4/22 504/6/22
f 503/10/22 505/8/22 501/8/22
f 504/6/22 506/4/22 508/6/22
f 504/6/22 507/10/22 503/10/22
f 502/4/22 505/1/22 506/4/22
f 508/6/3 511/10/3 507/10/3
f 505/1/1 510/4/1 506/4/1
f 507/10/4 509/8/4 505/8/4
f 506/4/2 512/6/2 508/6/2
f 509/8/22 512/6/22 510/4/22
f 40/6/22 514/4/22 516/6/22
f 38/10/22 516/6/22 515/10/22
f 34/1/22 514/4/22 36/4/22
f 38/10/22 513/8/22 34/8/22
f 515/10/4 517/8/4 513/8/4
f 514/4/2 520/6/2 516/6/2
f 516/6/3 519/10/3 515/10/3
f 513/1/1 518/4/1 514/4/1
f 519/10/22 518/4/22 517/8/22
f 90/8/22 96/6/22 92/4/22
f 120/6/27 523/10/27 118/10/27
f 116/4/28 521/1/28 522/4/28
f 118/10/29 521/8/29 114/8/29
f 120/6/30 522/4/30 524/6/30
f 521/1/1 526/4/1 522/4/1
f 523/10/4 525/8/4 521/8/4
f 522/4/2 528/6/2 524/6/2
f 524/6/3 527/10/3 523/10/3
f 525/8/22 528/6/22 526/4/22
f 98/1/22 530/4/22 100/4/22
f 102/10/22 529/8/22 98/8/22
f 100/4/22 532/6/22 104/6/22
f 104/6/22 531/10/22 102/10/22
f 531/10/4 533/8/4 529/8/4
f 530/4/2 536/6/2 532/6/2
f 532/6/3 535/10/3 531/10/3
f 529/1/1 534/4/1 530/4/1
f 533/8/22 536/6/22 534/4/22
f 130/8/22 136/6/22 132/4/22
f 106/8/22 112/6/22 108/4/22
f 122/8/22 128/6/22 124/4/22
f 138/8/22 144/6/22 140/4/22
f 152/6/22 538/4/22 540/6/22
f 152/6/22 539/10/22 150/10/22
f 148/4/22 537/1/22 538/4/22
f 150/10/22 537/8/22 146/8/22
f 540/6/3 543/10/3 539/10/3
f 537/1/1 542/4/1 538/4/1
f 539/10/4 541/8/4 537/8/4
f 538/4/2 544/6/2 540/6/2
f 541/8/31 543/10/31 545/8/31
f 544/6/32 542/4/32 545/6/32
f 543/10/33 544/6/33 545/10/33
f 542/4/34 541/1/34 545/4/34
f 154/8/22 160/6/22 156/4/22
f 168/6/22 548/10/22 166/10/22
f 162/1/22 547/4/22 164/4/22
f 162/8/22 548/10/22 546/8/22
f 164/4/22 549/6/22 168/6/22
f 549/6/3 552/10/3 548/10/3
f 546/1/1 551/4/1 547/4/1
f 548/10/4 550/8/4 546/8/4
f 547/4/2 553/6/2 549/6/2
f 550/8/22 553/6/22 551/4/22
f 256/6/22 556/10/22 254/10/22
f 250/1/22 555/4/22 252/4/22
f 254/10/22 554/8/22 250/8/22
f 256/6/22 555/4/22 557/6/22
f 557/6/3 560/10/3 556/10/3
f 554/1/1 559/4/1 555/4/1
f 556/10/4 558/8/4 554/8/4
f 555/4/2 561/6/2 557/6/2
f 560/10/35 561/6/35 562/10/35
f 559/4/36 558/1/36 562/4/36
f 558/8/37 560/10/37 562/8/37
f 561/6/38 559/4/38 562/6/38
f 240/6/39 564/4/39 566/6/39
f 240/6/40 563/10/40 238/10/40
f 236/4/41 565/1/41 564/4/41
f 238/10/42 565/8/42 234/8/42
f 563/10/22 564/4/22 565/1/22
f 242/8/22 248/6/22 244/4/22
f 187/10/22 189/4/22 191/1/22
f 181/4/22 567/6/22 177/6/22
f 177/6/22 568/10/22 179/10/22
f 183/8/22 568/10/22 570/8/22
f 183/1/22 569/4/22 181/4/22
f 569/4/2 571/6/2 567/6/2
f 568/10/4 574/8/4 570/8/4
f 570/1/1 573/4/1 569/4/1
f 567/6/3 572/10/3 568/10/3
f 572/10/22 573/4/22 574/1/22
f 171/10/22 173/4/22 175/1/22
f 195/10/22 197/4/22 199/1/22
f 201/6/22 577/4/22 575/6/22
f 201/6/22 576/10/22 203/10/22
f 203/10/22 578/8/22 207/8/22
f 207/1/22 577/4/22 205/4/22
f 577/4/2 579/6/2 575/6/2
f 576/10/4 582/8/4 578/8/4
f 578/1/1 581/4/1 577/4/1
f 575/6/3 580/10/3 576/10/3
f 582/8/43 580/10/43 583/8/43
f 581/4/44 582/1/44 583/4/44
f 580/10/45 579/6/45 583/10/45
f 579/6/46 581/4/46 583/6/46
f 211/10/22 213/4/22 215/1/22
f 275/10/22 277/4/22 279/1/22
f 225/6/47 586/4/47 584/6/47
f 227/10/48 584/6/48 585/10/48
f 227/10/49 587/8/49 231/8/49
f 231/1/50 586/4/50 229/4/50
f 585/10/22 586/4/22 587/1/22
f 221/4/22 588/6/22 217/6/22
f 217/6/22 589/10/22 219/10/22
f 219/10/22 591/8/22 223/8/22
f 221/4/22 591/1/22 590/4/22
f 590/4/2 592/6/2 588/6/2
f 589/10/4 595/8/4 591/8/4
f 591/1/1 594/4/1 590/4/1
f 588/6/3 593/10/3 589/10/3
f 593/10/22 594/4/22 595/1/22
f 373/4/22 596/6/22 369/6/22
f 369/6/22 597/10/22 371/10/22
f 375/8/22 597/10/22 599/8/22
f 373/4/22 599/1/22 598/4/22
f 596/6/3 601/10/3 597/10/3
f 601/10/22 602/4/22 603/1/22
f 598/4/2 600/6/2 596/6/2
f 597/10/4 603/8/4 599/8/4
f 599/1/1 602/4/1 598/4/1
f 363/10/22 604/6/22 605/10/22
f 607/1/1 610/4/1 606/4/1
f 367/8/22 605/10/22 607/8/22
f 367/1/22 606/4/22 365/4/22
f 365/4/22 604/6/22 361/6/22
f 609/10/22 610/4/22 611/1/22
f 604/6/3 609/10/3 605/10/3
f 606/4/2 608/6/2 604/6/2
f 605/10/4 611/8/4 607/8/4
f 353/6/51 614/4/51 612/6/51
f 353/6/52 613/10/52 355/10/52
f 355/10/53 615/8/53 359/8/53
f 357/4/54 615/1/54 614/4/54
f 613/10/22 614/4/22 615/1/22
f 381/4/22 616/6/22 377/6/22
f 617/10/4 623/8/4 619/8/4
f 377/6/22 617/10/22 379/10/22
f 379/10/22 619/8/22 383/8/22
f 381/4/22 619/1/22 618/4/22
f 621/10/22 622/4/22 623/1/22
f 619/1/1 622/4/1 618/4/1
f 616/6/3 621/10/3 617/10/3
f 618/4/2 620/6/2 616/6/2
f 345/6/55 626/4/55 624/6/55
f 345/6/56 625/10/56 347/10/56
f 347/10/57 627/8/57 351/8/57
f 349/4/58 627/1/58 626/4/58
f 625/10/22 626/4/22 627/1/22
f 259/10/22 261/4/22 263/1/22
f 265/6/22 630/4/22 628/6/22
f 630/4/2 632/6/2 628/6/2
f 267/10/22 628/6/22 629/10/22
f 267/10/22 631/8/22 271/8/22
f 271/1/22 630/4/22 269/4/22
f 634/4/59 635/1/59 636/4/59
f 629/10/4 635/8/4 631/8/4
f 631/1/1 634/4/1 630/4/1
f 628/6/3 633/10/3 629/10/3
f 633/10/60 632/6/60 636/10/60
f 632/6/61 634/4/61 636/6/61
f 635/8/62 633/10/62 636/8/62
f 331/10/22 333/4/22 335/1/22
f 305/6/22 639/4/22 637/6/22
f 305/6/22 638/10/22 307/10/22
f 307/10/22 640/8/22 311/8/22
f 311/1/22 639/4/22 309/4/22
f 640/1/1 643/4/1 639/4/1
f 637/6/3 642/10/3 638/10/3
f 639/4/2 641/6/2 637/6/2
f 638/10/4 644/8/4 640/8/4
f 642/10/22 643/4/22 644/1/22
f 283/10/22 285/4/22 287/1/22
f 315/10/22 317/4/22 319/1/22
f 293/4/22 648/1/22 647/4/22
f 648/1/1 651/4/1 647/4/1
f 289/6/22 647/4/22 645/6/22
f 289/6/22 646/10/22 291/10/22
f 291/10/22 648/8/22 295/8/22
f 650/10/22 651/4/22 652/1/22
f 645/6/3 650/10/3 646/10/3
f 647/4/2 649/6/2 645/6/2
f 646/10/4 652/8/4 648/8/4
f 298/8/22 304/6/22 300/4/22
f 323/10/22 325/4/22 327/1/22
f 337/6/22 655/4/22 653/6/22
f 656/1/1 659/4/1 655/4/1
f 339/10/22 653/6/22 654/10/22
f 339/10/22 656/8/22 343/8/22
f 341/4/22 656/1/22 655/4/22
f 658/10/22 659/4/22 660/8/22
f 653/6/3 658/10/3 654/10/3
f 655/4/2 657/6/2 653/6/2
f 654/10/4 660/8/4 656/8/4
f 6/10/22 4/4/22 2/8/22
f 14/10/22 12/4/22 10/8/22
f 24/6/63 663/10/63 22/10/63
f 18/1/64 662/4/64 20/4/64
f 22/10/65 661/8/65 18/8/65
f 24/6/66 662/4/66 664/6/66
f 663/10/22 662/4/22 661/8/22
f 26/1/22 666/4/22 28/4/22
f 668/6/3 671/10/3 667/10/3
f 30/10/22 665/8/22 26/8/22
f 28/4/22 668/6/22 32/6/22
f 32/6/22 667/10/22 30/10/22
f 671/10/22 670/4/22 669/8/22
f 665/1/1 670/4/1 666/4/1
f 667/10/4 669/8/4 665/8/4
f 666/4/2 672/6/2 668/6/2
f 426/1/67 674/4/67 428/4/67
f 426/8/4 430/10/4 673/8/4
f 432/6/2 428/4/2 674/6/2
f 432/6/68 673/10/68 430/10/68
f 494/10/69 675/8/69 490/8/69
f 494/10/21 496/6/21 676/10/21
f 496/6/70 675/4/70 676/6/70
f 492/4/19 490/1/19 675/4/19
f 484/4/4 482/1/4 677/4/4
f 486/10/71 677/8/71 482/8/71
f 486/10/2 488/6/2 678/10/2
f 484/4/72 678/6/72 488/6/72
f 470/10/2 472/6/2 680/10/2
f 468/4/73 680/6/73 472/6/73
f 468/4/4 466/1/4 679/4/4
f 470/10/74 679/8/74 466/8/74
f 683/2/75 688/6/75 687/5/75
f 685/19/76 682/8/76 681/9/76
f 682/1/77 683/2/77 681/3/77
f 689/5/76 691/20/76 690/19/76
f 687/5/78 697/21/78 698/5/78
f 685/19/77 691/20/77 686/20/77
f 686/20/79 693/8/79 682/8/79
f 686/20/80 696/20/80 694/22/80
f 684/4/81 682/1/81 693/4/81
f 684/4/82 694/23/82 695/6/82
f 697/21/83 696/6/83 692/24/83
f 691/20/76 692/24/76 696/20/76
f 694/6/84 697/21/84 695/6/84
f 697/21/85 689/5/85 698/5/85
f 695/6/86 697/21/86 688/6/86
f 701/2/87 706/6/87 705/5/87
f 703/19/88 700/8/88 699/9/88
f 700/1/89 701/2/89 699/3/89
f 707/5/88 709/20/88 708/19/88
f 705/5/90 715/21/90 716/5/90
f 703/19/89 709/20/89 704/20/89
f 704/20/91 711/8/91 700/8/91
f 704/20/92 714/20/92 712/22/92
f 702/4/93 700/1/93 711/4/93
f 702/4/94 712/23/94 713/6/94
f 715/21/95 714/6/95 710/24/95
f 709/20/88 710/24/88 714/20/88
f 712/6/96 715/21/96 713/6/96
f 715/21/97 707/5/97 716/5/97
f 713/6/98 715/21/98 706/6/98
f 719/2/99 724/6/99 723/5/99
f 721/19/100 718/8/100 717/9/100
f 718/1/101 719/2/101 717/3/101
f 725/5/100 727/20/100 726/19/100
f 723/5/102 733/21/102 734/5/102
f 721/19/101 727/20/101 722/20/101
f 722/20/103 729/8/103 718/8/103
f 722/20/104 732/20/104 730/22/104
f 720/4/105 718/1/105 729/4/105
f 720/4/106 730/23/106 731/6/106
f 733/21/107 732/6/107 728/24/107
f 727/20/100 728/24/100 732/20/100
f 730/6/108 733/21/108 731/6/108
f 733/21/109 725/5/109 734/5/109
f 731/6/110 733/21/110 724/6/110
f 737/2/101 742/6/101 741/5/101
f 739/19/111 736/8/111 735/9/111
f 736/1/100 737/2/100 735/3/100
f 743/5/111 745/20/111 744/19/111
f 741/5/112 751/21/112 752/5/112
f 739/19/100 745/20/100 740/20/100
f 740/20/113 747/8/113 736/8/113
f 740/20/114 750/20/114 748/22/114
f 738/4/115 736/1/115 747/4/115
f 738/4/116 748/23/116 749/6/116
f 751/21/117 750/6/117 746/24/117
f 745/20/111 746/24/111 750/20/111
f 748/6/118 751/21/118 749/6/118
f 751/21/119 743/5/119 752/5/119
f 749/6/120 751/21/120 742/6/120
f 755/2/121 760/6/121 759/5/121
f 757/19/122 754/8/122 753/9/122
f 754/1/123 755/2/123 753/3/123
f 761/5/122 763/20/122 762/19/122
f 759/5/124 769/21/124 770/5/124
f 757/19/123 763/20/123 758/20/123
f 758/20/125 765/8/125 754/8/125
f 758/20/126 768/20/126 766/22/126
f 756/4/127 754/1/127 765/4/127
f 756/4/128 766/23/128 767/6/128
f 769/21/129 768/6/129 764/24/129
f 763/20/122 764/24/122 768/20/122
f 766/6/130 769/21/130 767/6/130
f 769/21/131 761/5/131 770/5/131
f 767/6/132 769/21/132 760/6/132
f 773/2/133 778/6/133 777/5/133
f 775/19/134 772/8/134 771/9/134
f 772/1/135 773/2/135 771/3/135
f 779/5/134 781/20/134 780/19/134
f 777/5/136 787/21/136 788/5/136
f 775/19/135 781/20/135 776/20/135
f 776/20/137 783/8/137 772/8/137
f 776/20/138 786/20/138 784/22/138
f 774/4/139 772/1/139 783/4/139
f 774/4/140 784/23/140 785/6/140
f 787/21/141 786/6/141 782/24/141
f 781/20/134 782/24/134 786/20/134
f 784/6/142 787/21/142 785/6/142
f 787/21/143 779/5/143 788/5/143
f 785/6/144 787/21/144 778/6/144
f 461/4/145 789/6/145 457/6/145
f 459/10/2 457/6/2 789/10/2
f 459/10/146 790/8/146 463/8/146
f 461/4/4 463/1/4 790/4/4
f 434/1/147 792/4/147 436/4/147
f 434/8/4 438/10/4 791/8/4
f 440/6/2 436/4/2 792/6/2
f 440/6/148 791/10/148 438/10/148
f 445/4/149 793/6/149 441/6/149
f 443/10/2 441/6/2 793/10/2
f 443/10/150 794/8/150 447/8/150
f 445/4/4 447/1/4 794/4/4
f 451/10/3 449/6/3 795/10/3
f 451/10/151 796/8/151 455/8/151
f 453/4/1 455/1/1 796/4/1
f 453/4/152 795/6/152 449/6/152
f 387/10/153 798/8/153 391/8/153
f 389/4/1 391/1/1 798/4/1
f 389/4/154 797/6/154 385/6/154
f 387/10/3 385/6/3 797/10/3
f 397/4/155 799/6/155 393/6/155
f 395/10/6 393/6/6 799/10/6
f 395/10/156 801/1/156 399/1/156
f 397/4/8 399/1/8 801/4/8
f 477/4/157 800/6/157 473/6/157
f 475/10/2 473/6/2 800/10/2
f 475/10/158 802/8/158 479/8/158
f 477/4/4 479/1/4 802/4/4
f 423/25/159 803/14/159 805/25/159
f 421/17/16 423/26/16 805/17/16
f 421/17/160 803/11/160 417/11/160
f 419/14/14 417/11/14 803/14/14
f 409/6/161 806/4/161 804/6/161
f 411/10/10 409/6/10 804/10/10
f 415/8/162 804/10/162 806/8/162
f 413/4/12 415/1/12 806/4/12
f 405/4/163 807/6/163 401/6/163
f 403/10/2 401/6/2 807/10/2
f 403/10/164 808/8/164 407/8/164
f 405/4/4 407/1/4 808/4/4
f 811/2/101 816/6/101 815/5/101
f 813/19/111 810/8/111 809/9/111
f 810/1/100 811/2/100 809/3/100
f 817/5/111 819/20/111 818/19/111
f 815/5/165 825/21/165 826/5/165
f 813/19/100 819/20/100 814/20/100
f 814/20/166 821/8/166 810/8/166
f 814/20/114 824/20/114 822/22/114
f 812/4/115 810/1/115 821/4/115
f 812/4/116 822/23/116 823/6/116
f 825/21/117 824/6/117 820/24/117
f 819/20/111 820/24/111 824/20/111
f 822/6/118 825/21/118 823/6/118
f 825/21/167 817/5/167 826/5/167
f 823/6/120 825/21/120 816/6/120
f 827/27/168 830/28/168 829/29/168
f 830/28/169 831/30/169 829/29/169
f 832/31/170 833/32/170 831/30/170
f 833/32/171 836/33/171 835/34/171
f 836/33/172 837/35/172 835/34/172
f 837/35/173 840/36/173 839/37/173
f 839/37/174 842/38/174 841/39/174
f 841/39/175 844/40/175 843/41/175
f 844/40/176 845/42/176 843/41/176
f 846/43/177 847/44/177 845/42/177
f 848/45/178 849/46/178 847/44/178
f 850/47/179 851/6/179 849/46/179
f 852/8/180 853/48/180 851/6/180
f 853/48/181 856/49/181 855/50/181
f 856/49/182 857/51/182 855/50/182
f 858/52/183 859/53/183 857/51/183
f 860/54/184 861/55/184 859/53/184
f 861/55/185 864/56/185 863/57/185
f 864/56/186 865/58/186 863/57/186
f 866/59/187 867/5/187 865/58/187
f 867/5/188 870/60/188 869/61/188
f 870/60/189 871/62/189 869/61/189
f 872/63/190 873/64/190 871/62/190
f 873/64/191 876/65/191 875/66/191
f 876/65/192 877/67/192 875/66/192
f 877/67/193 880/68/193 879/69/193
f 879/69/194 882/70/194 881/71/194
f 882/70/195 883/72/195 881/71/195
f 883/72/196 886/73/196 885/74/196
f 885/74/197 888/75/197 887/76/197
f 836/33/22 896/77/22 838/77/22
f 887/76/198 890/78/198 889/79/198
f 890/78/199 827/80/199 889/79/199
f 916/81/200 949/68/200 917/68/200
f 854/82/22 905/49/22 856/49/22
f 874/83/22 913/63/22 914/83/22
f 828/84/22 892/28/22 830/28/22
f 828/85/22 922/78/22 891/85/22
f 846/43/22 901/45/22 848/45/22
f 864/56/22 910/59/22 866/59/22
f 884/86/22 918/70/22 919/86/22
f 838/77/22 897/36/22 840/36/22
f 856/49/22 906/52/22 858/52/22
f 876/65/22 914/83/22 915/65/22
f 830/28/22 893/31/22 832/31/22
f 848/45/22 902/47/22 850/47/22
f 868/9/22 910/59/22 911/9/22
f 886/73/22 919/86/22 920/73/22
f 840/36/22 898/38/22 842/38/22
f 860/54/22 906/52/22 907/54/22
f 878/81/22 915/65/22 916/81/22
f 834/87/22 893/31/22 894/87/22
f 850/47/22 903/8/22 852/8/22
f 870/60/22 911/9/22 912/60/22
f 886/73/22 921/75/22 888/75/22
f 842/38/22 899/40/22 844/40/22
f 860/54/22 908/88/22 862/88/22
f 880/68/22 916/81/22 917/68/22
f 834/87/22 895/33/22 836/33/22
f 852/8/22 904/82/22 854/82/22
f 872/63/22 912/60/22 913/63/22
f 890/78/22 921/75/22 922/78/22
f 844/40/22 900/43/22 846/43/22
f 864/56/22 908/88/22 909/56/22
f 882/70/22 917/68/22 918/70/22
f 925/31/22 956/28/22 957/31/22
f 903/8/201 936/82/201 904/82/201
f 917/68/202 950/70/202 918/70/202
f 904/82/203 937/49/203 905/49/203
f 891/84/204 924/28/204 892/28/204
f 918/70/205 951/86/205 919/86/205
f 905/49/206 938/52/206 906/52/206
f 892/28/207 925/31/207 893/31/207
f 919/86/208 952/73/208 920/73/208
f 906/52/209 939/54/209 907/54/209
f 893/31/210 926/87/210 894/87/210
f 920/73/211 953/75/211 921/75/211
f 907/54/212 940/88/212 908/88/212
f 894/87/213 927/33/213 895/33/213
f 921/75/214 954/78/214 922/78/214
f 908/88/215 941/56/215 909/56/215
f 895/33/216 928/77/216 896/77/216
f 922/78/217 923/85/217 891/85/217
f 909/56/218 942/59/218 910/59/218
f 896/77/219 929/36/219 897/36/219
f 910/59/220 943/9/220 911/9/220
f 897/36/221 930/38/221 898/38/221
f 911/9/222 944/60/222 912/60/222
f 898/38/223 931/40/223 899/40/223
f 912/60/224 945/63/224 913/63/224
f 899/40/225 932/43/225 900/43/225
f 913/63/226 946/83/226 914/83/226
f 900/43/227 933/45/227 901/45/227
f 914/83/228 947/65/228 915/65/228
f 901/45/229 934/47/229 902/47/229
f 915/65/230 948/81/230 916/81/230
f 902/47/231 935/8/231 903/8/231
f 960/77/232 991/33/232 992/77/232
f 951/86/22 984/73/22 952/73/22
f 938/52/22 971/54/22 939/54/22
f 926/87/22 957/31/22 958/87/22
f 952/73/22 985/75/22 953/75/22
f 939/54/22 972/88/22 940/88/22
f 926/87/22 959/33/22 927/33/22
f 954/78/22 985/75/22 986/78/22
f 941/56/22 972/88/22 973/56/22
f 928/77/22 959/33/22 960/77/22
f 923/85/22 986/78/22 955/85/22
f 941/56/22 974/59/22 942/59/22
f 929/36/22 960/77/22 961/36/22
f 942/59/22 975/9/22 943/9/22
f 930/38/22 961/36/22 962/38/22
f 943/9/22 976/60/22 944/60/22
f 931/40/22 962/38/22 963/40/22
f 944/60/22 977/63/22 945/63/22
f 932/43/22 963/40/22 964/43/22
f 945/63/22 978/83/22 946/83/22
f 933/45/22 964/43/22 965/45/22
f 946/83/22 979/65/22 947/65/22
f 934/47/22 965/45/22 966/47/22
f 947/65/22 980/81/22 948/81/22
f 935/8/22 966/47/22 967/8/22
f 948/81/22 981/68/22 949/68/22
f 935/8/22 968/82/22 936/82/22
f 949/68/22 982/70/22 950/70/22
f 936/82/22 969/49/22 937/49/22
f 923/84/22 956/28/22 924/28/22
f 951/86/22 982/70/22 983/86/22
f 937/49/22 970/52/22 938/52/22
f 1009/63/233 1029/60/233 1030/83/233
f 955/85/234 1018/78/234 987/85/234
f 974/59/235 1005/56/235 1006/59/235
f 961/36/236 992/77/236 993/36/236
f 975/9/237 1006/59/237 1007/9/237
f 961/36/238 994/38/238 962/38/238
f 975/9/239 1008/60/239 976/60/239
f 963/40/240 994/38/240 995/40/240
f 976/60/241 1009/63/241 977/63/241
f 963/40/242 996/43/242 964/43/242
f 978/83/243 1009/63/243 1010/83/243
f 964/43/244 997/45/244 965/45/244
f 978/83/245 1011/65/245 979/65/245
f 966/47/246 997/45/246 998/47/246
f 979/65/247 1012/81/247 980/81/247
f 966/47/248 999/8/248 967/8/248
f 981/68/249 1012/81/249 1013/68/249
f 968/82/250 999/8/250 1000/82/250
f 981/68/251 1014/70/251 982/70/251
f 968/82/252 1001/49/252 969/49/252
f 956/28/253 987/84/253 988/28/253
f 982/70/254 1015/86/254 983/86/254
f 970/52/255 1001/49/255 1002/52/255
f 956/28/256 989/31/256 957/31/256
f 984/73/257 1015/86/257 1016/73/257
f 971/54/258 1002/52/258 1003/54/258
f 957/31/259 990/87/259 958/87/259
f 984/73/260 1017/75/260 985/75/260
f 971/54/261 1004/88/261 972/88/261
f 958/87/262 991/33/262 959/33/262
f 985/75/263 1018/78/263 986/78/263
f 973/56/264 1004/88/264 1005/56/264
f 997/45/265 1023/43/265 1024/47/265
f 1011/65/266 1030/83/266 1031/81/266
f 999/8/267 1024/47/267 1025/82/267
f 1013/68/268 1031/81/268 1032/70/268
f 1001/49/269 1025/82/269 1026/52/269
f 1018/78/270 1019/28/270 988/28/270
f 1015/86/271 1032/70/271 1033/73/271
f 989/31/272 1019/28/272 1020/87/272
f 1003/54/273 1026/52/273 1027/88/273
f 1017/75/274 1033/73/274 1034/78/274
f 991/33/275 1020/87/275 1021/77/275
f 1005/56/276 1027/88/276 1028/59/276
f 993/36/277 1021/77/277 1022/38/277
f 1007/9/278 1028/59/278 1029/60/278
f 1039/43/279 1024/47/279 1023/43/279
f 1024/47/7 1041/82/7 1025/82/7
f 1031/81/280 1048/70/280 1032/70/280
f 1025/82/281 1042/52/281 1026/52/281
f 1034/78/2 1035/28/2 1019/28/2
f 1032/70/9 1049/73/9 1033/73/9
f 1019/28/282 1036/87/282 1020/87/282
f 1026/52/4 1043/88/4 1027/88/4
f 1033/73/283 1050/78/283 1034/78/283
f 1020/87/284 1037/77/284 1021/77/284
f 1027/88/285 1044/59/285 1028/59/285
f 1021/77/286 1038/38/286 1022/38/286
f 1028/59/287 1045/60/287 1029/60/287
f 1022/38/3 1039/43/3 1023/43/3
f 1029/60/288 1046/83/288 1030/83/288
f 1063/81/289 1048/70/289 1047/81/289
f 1041/82/290 1058/52/290 1042/52/290
f 1035/28/291 1066/78/291 1051/28/291
f 1048/70/292 1065/73/292 1049/73/292
f 1035/28/293 1052/87/293 1036/87/293
f 1042/52/294 1059/88/294 1043/88/294
f 1050/78/295 1065/73/295 1066/78/295
f 1036/87/296 1053/77/296 1037/77/296
f 1043/88/297 1060/59/297 1044/59/297
f 1037/77/298 1054/38/298 1038/38/298
f 1045/60/299 1060/59/299 1061/60/299
f 1038/38/300 1055/43/300 1039/43/300
f 1046/83/301 1061/60/301 1062/83/301
f 1039/43/302 1056/47/302 1040/47/302
f 1047/81/303 1062/83/303 1063/81/303
f 1041/82/304 1056/47/304 1057/82/304
f 1067/28/305 1052/87/305 1051/28/305
f 1066/78/306 1081/73/306 1082/78/306
f 1058/52/307 1075/88/307 1059/88/307
f 1053/77/308 1068/87/308 1069/77/308
f 1060/59/309 1075/88/309 1076/59/309
f 1051/28/310 1082/78/310 1067/28/310
f 1054/38/311 1069/77/311 1070/38/311
f 1060/59/312 1077/60/312 1061/60/312
f 1055/43/313 1070/38/313 1071/43/313
f 1061/60/314 1078/83/314 1062/83/314
f 1055/43/315 1072/47/315 1056/47/315
f 1062/83/316 1079/81/316 1063/81/316
f 1056/47/317 1073/82/317 1057/82/317
f 1063/81/318 1080/70/318 1064/70/318
f 1058/52/319 1073/82/319 1074/52/319
f 1065/73/320 1080/70/320 1081/73/320
f 1069/77/286 1086/38/286 1070/38/286
f 1076/59/287 1093/60/287 1077/60/287
f 1070/38/3 1087/43/3 1071/43/3
f 1077/60/288 1094/83/288 1078/83/288
f 1071/43/279 1088/47/279 1072/47/279
f 1078/83/1 1095/81/1 1079/81/1
f 1072/47/7 1089/82/7 1073/82/7
f 1079/81/280 1096/70/280 1080/70/280
f 1073/82/281 1090/52/281 1074/52/281
f 1082/78/2 1083/28/2 1067/28/2
f 1080/70/9 1097/73/9 1081/73/9
f 1067/28/282 1084/87/282 1068/87/282
f 1074/52/4 1091/88/4 1075/88/4
f 1081/73/283 1098/78/283 1082/78/283
f 1068/87/284 1085/77/284 1069/77/284
f 1075/88/285 1092/59/285 1076/59/285
f 1086/38/22 1103/43/22 1087/43/22
f 1094/83/22 1109/60/22 1110/83/22
f 1108/59/22 1104/47/22 1100/87/22
f 1087/43/22 1104/47/22 1088/47/22
f 1095/81/22 1110/83/22 1111/81/22
f 1088/47/22 1105/82/22 1089/82/22
f 1096/70/22 1111/81/22 1112/70/22
f 1090/52/22 1105/82/22 1106/52/22
f 1083/28/22 1114/78/22 1099/28/22
f 1097/73/22 1112/70/22 1113/73/22
f 1083/28/22 1100/87/22 1084/87/22
f 1090/52/22 1107/88/22 1091/88/22
f 1098/78/22 1113/73/22 1114/78/22
f 1084/87/22 1101/77/22 1085/77/22
f 1091/88/22 1108/59/22 1092/59/22
f 1085/77/22 1102/38/22 1086/38/22
f 1093/60/22 1108/59/22 1109/60/22
f 1030/83/1 1047/81/1 1031/81/1
f 995/40/321 1022/38/321 1023/43/321
f 2/1/1 4/4/1 3/2/1
f 4/4/2 8/6/2 7/5/2
f 8/6/3 6/10/3 5/7/3
f 5/7/4 6/10/4 2/8/4
f 20/4/2 24/6/2 23/5/2
f 80/6/3 78/10/3 77/7/3
f 10/1/1 12/4/1 11/2/1
f 12/4/2 16/6/2 15/5/2
f 16/6/3 14/10/3 13/7/3
f 13/7/4 14/10/4 10/8/4
f 18/1/1 20/4/1 19/2/1
f 74/1/1 76/4/1 75/2/1
f 24/6/3 22/10/3 21/7/3
f 21/7/4 22/10/4 18/8/4
f 76/4/2 80/6/2 79/5/2
f 28/4/2 32/6/2 31/5/2
f 26/1/1 28/4/1 27/2/1
f 32/6/3 30/10/3 29/7/3
f 29/7/4 30/10/4 26/8/4
f 36/4/2 40/6/2 39/5/2
f 34/1/1 36/4/1 35/2/1
f 40/6/3 38/10/3 37/7/3
f 37/7/4 38/10/4 34/8/4
f 44/4/2 48/6/2 47/5/2
f 42/1/1 44/4/1 43/2/1
f 48/6/3 46/10/3 45/7/3
f 45/7/4 46/10/4 42/8/4
f 52/4/2 56/6/2 55/5/2
f 50/1/1 52/4/1 51/2/1
f 56/6/3 54/10/3 53/7/3
f 54/10/4 50/8/4 49/9/4
f 60/4/2 64/6/2 63/5/2
f 58/1/1 60/4/1 59/2/1
f 64/6/3 62/10/3 61/7/3
f 61/7/4 62/10/4 58/8/4
f 68/4/2 72/6/2 71/5/2
f 66/1/1 68/4/1 67/2/1
f 72/6/3 70/10/3 69/7/3
f 69/7/4 70/10/4 66/8/4
f 77/7/4 78/10/4 74/8/4
f 88/6/3 86/10/3 85/7/3
f 82/1/1 84/4/1 83/2/1
f 84/4/2 88/6/2 87/5/2
f 85/7/4 86/10/4 82/8/4
f 96/6/3 94/10/3 93/7/3
f 90/1/1 92/4/1 91/2/1
f 92/4/2 96/6/2 95/5/2
f 93/7/4 94/10/4 90/8/4
f 103/5/3 104/6/3 102/10/3
f 98/1/1 100/4/1 99/2/1
f 100/4/2 104/6/2 103/5/2
f 102/10/4 98/8/4 97/9/4
f 112/6/3 110/10/3 109/7/3
f 106/1/1 108/4/1 107/2/1
f 108/4/2 112/6/2 111/5/2
f 110/10/4 106/8/4 105/9/4
f 120/6/3 118/10/3 117/7/3
f 114/1/1 116/4/1 115/2/1
f 116/4/2 120/6/2 119/5/2
f 117/7/4 118/10/4 114/8/4
f 128/6/3 126/10/3 125/7/3
f 122/1/1 124/4/1 123/2/1
f 124/4/2 128/6/2 127/5/2
f 126/10/4 122/8/4 121/9/4
f 136/6/3 134/10/3 133/7/3
f 130/1/1 132/4/1 131/2/1
f 132/4/2 136/6/2 135/5/2
f 134/10/4 130/8/4 129/9/4
f 144/6/3 142/10/3 141/7/3
f 138/1/1 140/4/1 139/2/1
f 140/4/2 144/6/2 143/5/2
f 142/10/4 138/8/4 137/9/4
f 152/6/3 150/10/3 149/7/3
f 146/1/1 148/4/1 147/2/1
f 147/2/2 148/4/2 152/6/2
f 150/10/4 146/8/4 145/9/4
f 160/6/3 158/10/3 157/7/3
f 154/1/1 156/4/1 155/2/1
f 156/4/2 160/6/2 159/5/2
f 158/10/4 154/8/4 153/9/4
f 168/6/3 166/10/3 165/7/3
f 162/1/1 164/4/1 163/2/1
f 164/4/2 168/6/2 167/5/2
f 166/10/4 162/8/4 161/9/4
f 169/6/3 171/10/3 172/7/3
f 171/10/4 175/8/4 176/9/4
f 175/1/1 173/4/1 174/2/1
f 173/4/2 169/6/2 170/5/2
f 177/6/3 179/10/3 180/7/3
f 179/10/4 183/8/4 184/9/4
f 183/1/1 181/4/1 182/2/1
f 182/2/2 181/4/2 177/6/2
f 185/6/3 187/10/3 188/7/3
f 187/10/4 191/8/4 192/9/4
f 191/1/1 189/4/1 190/2/1
f 189/4/2 185/6/2 186/5/2
f 193/6/3 195/10/3 196/7/3
f 195/10/4 199/8/4 200/9/4
f 199/1/1 197/4/1 198/2/1
f 197/4/2 193/6/2 194/5/2
f 201/6/3 203/10/3 204/7/3
f 204/7/4 203/10/4 207/8/4
f 207/1/1 205/4/1 206/2/1
f 205/4/2 201/6/2 202/5/2
f 209/6/3 211/10/3 212/7/3
f 211/10/4 215/8/4 216/9/4
f 215/1/1 213/4/1 214/2/1
f 213/4/2 209/6/2 210/5/2
f 217/6/3 219/10/3 220/7/3
f 219/10/4 223/8/4 224/9/4
f 223/1/1 221/4/1 222/2/1
f 221/4/2 217/6/2 218/5/2
f 225/6/3 227/10/3 228/7/3
f 227/10/4 231/8/4 232/9/4
f 231/1/1 229/4/1 230/2/1
f 229/4/2 225/6/2 226/5/2
f 239/5/3 240/6/3 238/10/3
f 234/1/1 236/4/1 235/2/1
f 235/2/2 236/4/2 240/6/2
f 238/10/4 234/8/4 233/9/4
f 248/6/3 246/10/3 245/7/3
f 242/1/1 244/4/1 243/2/1
f 243/2/2 244/4/2 248/6/2
f 246/10/4 242/8/4 241/9/4
f 243/2/5 247/5/5 245/7/5
f 255/5/3 256/6/3 254/10/3
f 250/1/1 252/4/1 251/2/1
f 251/2/2 252/4/2 256/6/2
f 254/10/4 250/8/4 249/9/4
f 257/6/3 259/10/3 260/7/3
f 259/10/4 263/8/4 264/9/4
f 263/1/1 261/4/1 262/2/1
f 262/2/2 261/4/2 257/6/2
f 265/6/3 267/10/3 268/7/3
f 267/10/4 271/8/4 272/9/4
f 271/1/1 269/4/1 270/2/1
f 269/4/2 265/6/2 266/5/2
f 273/6/3 275/10/3 276/7/3
f 275/10/4 279/8/4 280/9/4
f 279/1/1 277/4/1 278/2/1
f 277/4/2 273/6/2 274/5/2
f 281/6/3 283/10/3 284/7/3
f 283/10/4 287/8/4 288/9/4
f 287/1/1 285/4/1 286/2/1
f 285/4/2 281/6/2 282/5/2
f 289/6/3 291/10/3 292/7/3
f 292/7/4 291/10/4 295/8/4
f 295/1/1 293/4/1 294/2/1
f 293/4/2 289/6/2 290/5/2
f 300/4/2 304/6/2 303/5/2
f 297/3/1 298/1/1 300/4/1
f 304/6/3 302/10/3 301/7/3
f 301/7/4 302/10/4 298/8/4
f 305/6/3 307/10/3 308/7/3
f 307/10/4 311/8/4 312/9/4
f 311/1/1 309/4/1 310/2/1
f 309/4/2 305/6/2 306/5/2
f 313/6/3 315/10/3 316/7/3
f 315/10/4 319/8/4 320/9/4
f 319/1/1 317/4/1 318/2/1
f 317/4/2 313/6/2 314/5/2
f 322/5/3 321/6/3 323/10/3
f 323/10/4 327/8/4 328/9/4
f 327/1/1 325/4/1 326/2/1
f 325/4/2 321/6/2 322/5/2
f 329/6/3 331/10/3 332/7/3
f 331/10/4 335/8/4 336/9/4
f 335/1/1 333/4/1 334/2/1
f 333/4/2 329/6/2 330/5/2
f 337/6/3 339/10/3 340/7/3
f 339/10/4 343/8/4 344/9/4
f 343/1/1 341/4/1 342/2/1
f 341/4/2 337/6/2 338/5/2
f 345/6/3 347/10/3 348/7/3
f 347/10/4 351/8/4 352/9/4
f 351/1/1 349/4/1 350/2/1
f 349/4/2 345/6/2 346/5/2
f 353/6/3 355/10/3 356/7/3
f 355/10/4 359/8/4 360/9/4
f 359/1/1 357/4/1 358/2/1
f 358/2/2 357/4/2 353/6/2
f 361/6/3 363/10/3 364/7/3
f 363/10/4 367/8/4 368/9/4
f 367/1/1 365/4/1 366/2/1
f 366/2/2 365/4/2 361/6/2
f 369/6/3 371/10/3 372/7/3
f 371/10/4 375/8/4 376/9/4
f 375/1/1 373/4/1 374/2/1
f 374/2/2 373/4/2 369/6/2
f 377/6/3 379/10/3 380/7/3
f 379/10/4 383/8/4 384/9/4
f 383/1/1 381/4/1 382/2/1
f 382/2/2 381/4/2 377/6/2
f 385/6/3 387/10/3 388/7/3
f 387/10/4 391/8/4 392/9/4
f 391/1/1 389/4/1 390/2/1
f 389/4/2 385/6/2 386/5/2
f 394/5/6 393/6/6 395/10/6
f 395/10/7 399/1/7 400/3/7
f 399/1/8 397/4/8 398/2/8
f 398/2/9 397/4/9 393/6/9
f 401/6/2 403/10/2 404/7/2
f 403/10/3 407/8/3 408/9/3
f 407/1/4 405/4/4 406/2/4
f 405/4/1 401/6/1 402/5/1
f 409/6/10 411/10/10 412/7/10
f 411/10/11 415/8/11 416/9/11
f 415/1/12 413/4/12 414/2/12
f 414/2/13 413/4/13 409/6/13
f 417/11/14 419/14/14 420/12/14
f 419/14/15 423/25/15 424/15/15
f 424/16/16 423/26/16 421/17/16
f 421/17/17 417/11/17 418/13/17
f 425/3/1 426/1/1 428/4/1
f 428/4/2 432/6/2 431/5/2
f 432/6/3 430/10/3 429/7/3
f 430/10/4 426/8/4 425/9/4
f 434/1/1 436/4/1 435/2/1
f 436/4/2 440/6/2 439/5/2
f 440/6/3 438/10/3 437/7/3
f 438/10/4 434/8/4 433/9/4
f 442/5/2 441/6/2 443/10/2
f 443/10/3 447/8/3 448/9/3
f 447/1/4 445/4/4 446/2/4
f 445/4/1 441/6/1 442/5/1
f 449/6/3 451/10/3 452/7/3
f 451/10/4 455/8/4 456/9/4
f 455/1/1 453/4/1 454/2/1
f 454/2/2 453/4/2 449/6/2
f 457/6/2 459/10/2 460/7/2
f 459/10/3 463/8/3 464/9/3
f 463/1/4 461/4/4 462/2/4
f 461/4/1 457/6/1 458/5/1
f 467/2/1 468/4/1 472/6/1
f 465/3/4 466/1/4 468/4/4
f 470/10/3 466/8/3 465/9/3
f 472/6/2 470/10/2 469/7/2
f 473/6/2 475/10/2 476/7/2
f 475/10/3 479/8/3 480/9/3
f 479/1/4 477/4/4 478/2/4
f 478/2/1 477/4/1 473/6/1
f 484/4/1 488/6/1 487/5/1
f 481/3/4 482/1/4 484/4/4
f 486/10/3 482/8/3 481/9/3
f 488/6/2 486/10/2 485/7/2
f 492/4/18 496/6/18 495/5/18
f 489/3/19 490/1/19 492/4/19
f 494/10/20 490/8/20 489/9/20
f 496/6/21 494/10/21 493/7/21
f 82/8/22 86/10/22 88/6/22
f 74/8/22 78/10/22 80/6/22
f 66/8/22 70/10/22 72/6/22
f 62/10/23 498/10/23 500/8/23
f 60/4/24 58/1/24 500/1/24
f 497/6/22 499/4/22 500/8/22
f 64/6/25 60/4/25 499/4/25
f 64/6/26 497/6/26 498/10/26
f 50/8/22 54/10/22 56/6/22
f 46/10/22 48/6/22 504/6/22
f 44/4/22 42/1/22 501/1/22
f 42/8/22 46/10/22 503/10/22
f 48/6/22 44/4/22 502/4/22
f 503/10/22 507/10/22 505/8/22
f 504/6/22 502/4/22 506/4/22
f 504/6/22 508/6/22 507/10/22
f 502/4/22 501/1/22 505/1/22
f 508/6/3 512/6/3 511/10/3
f 505/1/1 509/1/1 510/4/1
f 507/10/4 511/10/4 509/8/4
f 506/4/2 510/4/2 512/6/2
f 509/8/22 511/10/22 512/6/22
f 40/6/22 36/4/22 514/4/22
f 38/10/22 40/6/22 516/6/22
f 34/1/22 513/1/22 514/4/22
f 38/10/22 515/10/22 513/8/22
f 515/10/4 519/10/4 517/8/4
f 514/4/2 518/4/2 520/6/2
f 516/6/3 520/6/3 519/10/3
f 513/1/1 517/1/1 518/4/1
f 519/10/22 520/6/22 518/4/22
f 90/8/22 94/10/22 96/6/22
f 120/6/27 524/6/27 523/10/27
f 116/4/28 114/1/28 521/1/28
f 118/10/29 523/10/29 521/8/29
f 120/6/30 116/4/30 522/4/30
f 521/1/1 525/1/1 526/4/1
f 523/10/4 527/10/4 525/8/4
f 522/4/2 526/4/2 528/6/2
f 524/6/3 528/6/3 527/10/3
f 525/8/22 527/10/22 528/6/22
f 98/1/22 529/1/22 530/4/22
f 102/10/22 531/10/22 529/8/22
f 100/4/22 530/4/22 532/6/22
f 104/6/22 532/6/22 531/10/22
f 531/10/4 535/10/4 533/8/4
f 530/4/2 534/4/2 536/6/2
f 532/6/3 536/6/3 535/10/3
f 529/1/1 533/1/1 534/4/1
f 533/8/22 535/10/22 536/6/22
f 130/8/22 134/10/22 136/6/22
f 106/8/22 110/10/22 112/6/22
f 122/8/22 126/10/22 128/6/22
f 138/8/22 142/10/22 144/6/22
f 152/6/22 148/4/22 538/4/22
f 152/6/22 540/6/22 539/10/22
f 148/4/22 146/1/22 537/1/22
f 150/10/22 539/10/22 537/8/22
f 540/6/3 544/6/3 543/10/3
f 537/1/1 541/1/1 542/4/1
f 539/10/4 543/10/4 541/8/4
f 538/4/2 542/4/2 544/6/2
f 154/8/22 158/10/22 160/6/22
f 168/6/22 549/6/22 548/10/22
f 162/1/22 546/1/22 547/4/22
f 162/8/22 166/10/22 548/10/22
f 164/4/22 547/4/22 549/6/22
f 549/6/3 553/6/3 552/10/3
f 546/1/1 550/1/1 551/4/1
f 548/10/4 552/10/4 550/8/4
f 547/4/2 551/4/2 553/6/2
f 550/8/22 552/10/22 553/6/22
f 256/6/22 557/6/22 556/10/22
f 250/1/22 554/1/22 555/4/22
f 254/10/22 556/10/22 554/8/22
f 256/6/22 252/4/22 555/4/22
f 557/6/3 561/6/3 560/10/3
f 554/1/1 558/1/1 559/4/1
f 556/10/4 560/10/4 558/8/4
f 555/4/2 559/4/2 561/6/2
f 240/6/39 236/4/39 564/4/39
f 240/6/40 566/6/40 563/10/40
f 236/4/41 234/1/41 565/1/41
f 238/10/42 563/10/42 565/8/42
f 563/10/22 566/6/22 564/4/22
f 242/8/22 246/10/22 248/6/22
f 187/10/22 185/6/22 189/4/22
f 181/4/22 569/4/22 567/6/22
f 177/6/22 567/6/22 568/10/22
f 183/8/22 179/10/22 568/10/22
f 183/1/22 570/1/22 569/4/22
f 569/4/2 573/4/2 571/6/2
f 568/10/4 572/10/4 574/8/4
f 570/1/1 574/1/1 573/4/1
f 567/6/3 571/6/3 572/10/3
f 572/10/22 571/6/22 573/4/22
f 171/10/22 169/6/22 173/4/22
f 195/10/22 193/6/22 197/4/22
f 201/6/22 205/4/22 577/4/22
f 201/6/22 575/6/22 576/10/22
f 203/10/22 576/10/22 578/8/22
f 207/1/22 578/1/22 577/4/22
f 577/4/2 581/4/2 579/6/2
f 576/10/4 580/10/4 582/8/4
f 578/1/1 582/1/1 581/4/1
f 575/6/3 579/6/3 580/10/3
f 211/10/22 209/6/22 213/4/22
f 275/10/22 273/6/22 277/4/22
f 225/6/322 229/4/322 586/4/322
f 227/10/48 225/6/48 584/6/48
f 227/10/323 585/10/323 587/8/323
f 231/1/50 587/1/50 586/4/50
f 585/10/22 584/6/22 586/4/22
f 221/4/22 590/4/22 588/6/22
f 217/6/22 588/6/22 589/10/22
f 219/10/22 589/10/22 591/8/22
f 221/4/22 223/1/22 591/1/22
f 590/4/2 594/4/2 592/6/2
f 589/10/4 593/10/4 595/8/4
f 591/1/1 595/1/1 594/4/1
f 588/6/3 592/6/3 593/10/3
f 593/10/22 592/6/22 594/4/22
f 373/4/22 598/4/22 596/6/22
f 369/6/22 596/6/22 597/10/22
f 375/8/22 371/10/22 597/10/22
f 373/4/22 375/1/22 599/1/22
f 596/6/3 600/6/3 601/10/3
f 601/10/22 600/6/22 602/4/22
f 598/4/2 602/4/2 600/6/2
f 597/10/4 601/10/4 603/8/4
f 599/1/1 603/1/1 602/4/1
f 363/10/22 361/6/22 604/6/22
f 607/1/1 611/1/1 610/4/1
f 367/8/22 363/10/22 605/10/22
f 367/1/22 607/1/22 606/4/22
f 365/4/22 606/4/22 604/6/22
f 609/10/22 608/6/22 610/4/22
f 604/6/3 608/6/3 609/10/3
f 606/4/2 610/4/2 608/6/2
f 605/10/4 609/10/4 611/8/4
f 353/6/51 357/4/51 614/4/51
f 353/6/52 612/6/52 613/10/52
f 355/10/53 613/10/53 615/8/53
f 357/4/54 359/1/54 615/1/54
f 613/10/22 612/6/22 614/4/22
f 381/4/22 618/4/22 616/6/22
f 617/10/4 621/10/4 623/8/4
f 377/6/22 616/6/22 617/10/22
f 379/10/22 617/10/22 619/8/22
f 381/4/22 383/1/22 619/1/22
f 621/10/22 620/6/22 622/4/22
f 619/1/1 623/1/1 622/4/1
f 616/6/3 620/6/3 621/10/3
f 618/4/2 622/4/2 620/6/2
f 345/6/55 349/4/55 626/4/55
f 345/6/56 624/6/56 625/10/56
f 347/10/57 625/10/57 627/8/57
f 349/4/58 351/1/58 627/1/58
f 625/10/22 624/6/22 626/4/22
f 259/10/22 257/6/22 261/4/22
f 265/6/22 269/4/22 630/4/22
f 630/4/2 634/4/2 632/6/2
f 267/10/22 265/6/22 628/6/22
f 267/10/22 629/10/22 631/8/22
f 271/1/22 631/1/22 630/4/22
f 629/10/4 633/10/4 635/8/4
f 631/1/1 635/1/1 634/4/1
f 628/6/3 632/6/3 633/10/3
f 331/10/22 329/6/22 333/4/22
f 305/6/22 309/4/22 639/4/22
f 305/6/22 637/6/22 638/10/22
f 307/10/22 638/10/22 640/8/22
f 311/1/22 640/1/22 639/4/22
f 640/1/1 644/1/1 643/4/1
f 637/6/3 641/6/3 642/10/3
f 639/4/2 643/4/2 641/6/2
f 638/10/4 642/10/4 644/8/4
f 642/10/22 641/6/22 643/4/22
f 283/10/22 281/6/22 285/4/22
f 315/10/22 313/6/22 317/4/22
f 293/4/22 295/1/22 648/1/22
f 648/1/1 652/1/1 651/4/1
f 289/6/22 293/4/22 647/4/22
f 289/6/22 645/6/22 646/10/22
f 291/10/22 646/10/22 648/8/22
f 650/10/22 649/6/22 651/4/22
f 645/6/3 649/6/3 650/10/3
f 647/4/2 651/4/2 649/6/2
f 646/10/4 650/10/4 652/8/4
f 298/8/22 302/10/22 304/6/22
f 323/10/22 321/6/22 325/4/22
f 337/6/22 341/4/22 655/4/22
f 656/1/1 660/1/1 659/4/1
f 339/10/22 337/6/22 653/6/22
f 339/10/22 654/10/22 656/8/22
f 341/4/22 343/1/22 656/1/22
f 658/10/22 657/6/22 659/4/22
f 653/6/3 657/6/3 658/10/3
f 655/4/2 659/4/2 657/6/2
f 654/10/4 658/10/4 660/8/4
f 6/10/22 8/6/22 4/4/22
f 14/10/22 16/6/22 12/4/22
f 24/6/63 664/6/63 663/10/63
f 18/1/64 661/1/64 662/4/64
f 22/10/65 663/10/65 661/8/65
f 24/6/66 20/4/66 662/4/66
f 663/10/22 664/6/22 662/4/22
f 26/1/22 665/1/22 666/4/22
f 668/6/3 672/6/3 671/10/3
f 30/10/22 667/10/22 665/8/22
f 28/4/22 666/4/22 668/6/22
f 32/6/22 668/6/22 667/10/22
f 671/10/22 672/6/22 670/4/22
f 665/1/1 669/1/1 670/4/1
f 667/10/4 671/10/4 669/8/4
f 666/4/2 670/4/2 672/6/2
f 426/1/67 673/1/67 674/4/67
f 432/6/68 674/6/68 673/10/68
f 494/10/69 676/10/69 675/8/69
f 496/6/70 492/4/70 675/4/70
f 486/10/71 678/10/71 677/8/71
f 484/4/72 677/4/72 678/6/72
f 468/4/73 679/4/73 680/6/73
f 470/10/74 680/10/74 679/8/74
f 683/2/75 684/4/75 688/6/75
f 685/19/76 686/20/76 682/8/76
f 682/1/77 684/4/77 683/2/77
f 689/5/76 692/24/76 691/20/76
f 687/5/324 688/6/324 697/21/324
f 685/19/77 690/19/77 691/20/77
f 686/20/325 694/22/325 693/8/325
f 686/20/326 691/20/326 696/20/326
f 695/6/327 688/6/327 684/4/327
f 684/4/328 693/4/328 694/23/328
f 697/21/329 694/6/329 696/6/329
f 697/21/330 692/24/330 689/5/330
f 701/2/87 702/4/87 706/6/87
f 703/19/88 704/20/88 700/8/88
f 700/1/89 702/4/89 701/2/89
f 707/5/88 710/24/88 709/20/88
f 705/5/331 706/6/331 715/21/331
f 703/19/89 708/19/89 709/20/89
f 704/20/332 712/22/332 711/8/332
f 704/20/333 709/20/333 714/20/333
f 713/6/334 706/6/334 702/4/334
f 702/4/335 711/4/335 712/23/335
f 715/21/336 712/6/336 714/6/336
f 715/21/337 710/24/337 707/5/337
f 719/2/99 720/4/99 724/6/99
f 721/19/100 722/20/100 718/8/100
f 718/1/101 720/4/101 719/2/101
f 725/5/100 728/24/100 727/20/100
f 723/5/338 724/6/338 733/21/338
f 721/19/101 726/19/101 727/20/101
f 722/20/339 730/22/339 729/8/339
f 722/20/340 727/20/340 732/20/340
f 731/6/341 724/6/341 720/4/341
f 720/4/342 729/4/342 730/23/342
f 733/21/343 730/6/343 732/6/343
f 733/21/344 728/24/344 725/5/344
f 737/2/101 738/4/101 742/6/101
f 739/19/111 740/20/111 736/8/111
f 736/1/100 738/4/100 737/2/100
f 743/5/111 746/24/111 745/20/111
f 741/5/345 742/6/345 751/21/345
f 739/19/100 744/19/100 745/20/100
f 740/20/346 748/22/346 747/8/346
f 740/20/347 745/20/347 750/20/347
f 749/6/348 742/6/348 738/4/348
f 738/4/349 747/4/349 748/23/349
f 751/21/350 748/6/350 750/6/350
f 751/21/351 746/24/351 743/5/351
f 755/2/121 756/4/121 760/6/121
f 757/19/122 758/20/122 754/8/122
f 754/1/123 756/4/123 755/2/123
f 761/5/122 764/24/122 763/20/122
f 759/5/352 760/6/352 769/21/352
f 757/19/123 762/19/123 763/20/123
f 758/20/353 766/22/353 765/8/353
f 758/20/354 763/20/354 768/20/354
f 767/6/355 760/6/355 756/4/355
f 756/4/356 765/4/356 766/23/356
f 769/21/357 766/6/357 768/6/357
f 769/21/358 764/24/358 761/5/358
f 773/2/133 774/4/133 778/6/133
f 775/19/134 776/20/134 772/8/134
f 772/1/135 774/4/135 773/2/135
f 779/5/134 782/24/134 781/20/134
f 777/5/359 778/6/359 787/21/359
f 775/19/135 780/19/135 781/20/135
f 776/20/360 784/22/360 783/8/360
f 776/20/361 781/20/361 786/20/361
f 785/6/362 778/6/362 774/4/362
f 774/4/363 783/4/363 784/23/363
f 787/21/364 784/6/364 786/6/364
f 787/21/365 782/24/365 779/5/365
f 461/4/145 790/4/145 789/6/145
f 459/10/146 789/10/146 790/8/146
f 434/1/147 791/1/147 792/4/147
f 440/6/148 792/6/148 791/10/148
f 445/4/149 794/4/149 793/6/149
f 443/10/150 793/10/150 794/8/150
f 451/10/151 795/10/151 796/8/151
f 453/4/152 796/4/152 795/6/152
f 387/10/153 797/10/153 798/8/153
f 389/4/154 798/4/154 797/6/154
f 397/4/155 801/4/155 799/6/155
f 395/10/156 799/10/156 801/1/156
f 477/4/157 802/4/157 800/6/157
f 475/10/158 800/10/158 802/8/158
f 423/25/159 419/14/159 803/14/159
f 421/17/160 805/17/160 803/11/160
f 409/6/161 413/4/161 806/4/161
f 415/8/162 411/10/162 804/10/162
f 405/4/163 808/4/163 807/6/163
f 403/10/164 807/10/164 808/8/164
f 811/2/101 812/4/101 816/6/101
f 813/19/111 814/20/111 810/8/111
f 810/1/100 812/4/100 811/2/100
f 817/5/111 820/24/111 819/20/111
f 815/5/345 816/6/345 825/21/345
f 813/19/100 818/19/100 819/20/100
f 814/20/366 822/22/366 821/8/366
f 814/20/347 819/20/347 824/20/347
f 823/6/348 816/6/348 812/4/348
f 812/4/349 821/4/349 822/23/349
f 825/21/350 822/6/350 824/6/350
f 825/21/351 820/24/351 817/5/351
f 827/27/367 828/84/367 830/28/367
f 830/28/169 832/31/169 831/30/169
f 832/31/368 834/87/368 833/32/368
f 833/32/171 834/87/171 836/33/171
f 836/33/369 838/77/369 837/35/369
f 837/35/370 838/77/370 840/36/370
f 839/37/174 840/36/174 842/38/174
f 841/39/175 842/38/175 844/40/175
f 844/40/176 846/43/176 845/42/176
f 846/43/177 848/45/177 847/44/177
f 848/45/178 850/47/178 849/46/178
f 850/47/179 852/8/179 851/6/179
f 852/8/371 854/82/371 853/48/371
f 853/48/372 854/82/372 856/49/372
f 856/49/373 858/52/373 857/51/373
f 858/52/374 860/54/374 859/53/374
f 860/54/184 862/88/184 861/55/184
f 861/55/375 862/88/375 864/56/375
f 864/56/376 866/59/376 865/58/376
f 866/59/187 868/9/187 867/5/187
f 867/5/188 868/9/188 870/60/188
f 870/60/377 872/63/377 871/62/377
f 872/63/190 874/83/190 873/64/190
f 873/64/191 874/83/191 876/65/191
f 876/65/192 878/81/192 877/67/192
f 877/67/193 878/81/193 880/68/193
f 879/69/378 880/68/378 882/70/378
f 882/70/195 884/86/195 883/72/195
f 883/72/196 884/86/196 886/73/196
f 885/74/379 886/73/379 888/75/379
f 836/33/22 895/33/22 896/77/22
f 887/76/198 888/75/198 890/78/198
f 890/78/199 828/85/199 827/80/199
f 916/81/200 948/81/200 949/68/200
f 854/82/22 904/82/22 905/49/22
f 874/83/22 872/63/22 913/63/22
f 828/84/22 891/84/22 892/28/22
f 828/85/22 890/78/22 922/78/22
f 846/43/22 900/43/22 901/45/22
f 864/56/22 909/56/22 910/59/22
f 884/86/22 882/70/22 918/70/22
f 838/77/22 896/77/22 897/36/22
f 856/49/22 905/49/22 906/52/22
f 876/65/22 874/83/22 914/83/22
f 830/28/22 892/28/22 893/31/22
f 848/45/22 901/45/22 902/47/22
f 868/9/22 866/59/22 910/59/22
f 886/73/22 884/86/22 919/86/22
f 840/36/22 897/36/22 898/38/22
f 860/54/22 858/52/22 906/52/22
f 878/81/22 876/65/22 915/65/22
f 834/87/22 832/31/22 893/31/22
f 850/47/22 902/47/22 903/8/22
f 870/60/22 868/9/22 911/9/22
f 886/73/22 920/73/22 921/75/22
f 842/38/22 898/38/22 899/40/22
f 860/54/22 907/54/22 908/88/22
f 880/68/22 878/81/22 916/81/22
f 834/87/22 894/87/22 895/33/22
f 852/8/22 903/8/22 904/82/22
f 872/63/22 870/60/22 912/60/22
f 890/78/22 888/75/22 921/75/22
f 844/40/22 899/40/22 900/43/22
f 864/56/22 862/88/22 908/88/22
f 882/70/22 880/68/22 917/68/22
f 925/31/22 924/28/22 956/28/22
f 903/8/201 935/8/201 936/82/201
f 917/68/202 949/68/202 950/70/202
f 904/82/203 936/82/203 937/49/203
f 891/84/204 923/84/204 924/28/204
f 918/70/205 950/70/205 951/86/205
f 905/49/206 937/49/206 938/52/206
f 892/28/207 924/28/207 925/31/207
f 919/86/208 951/86/208 952/73/208
f 906/52/209 938/52/209 939/54/209
f 893/31/210 925/31/210 926/87/210
f 920/73/211 952/73/211 953/75/211
f 907/54/212 939/54/212 940/88/212
f 894/87/213 926/87/213 927/33/213
f 921/75/214 953/75/214 954/78/214
f 908/88/215 940/88/215 941/56/215
f 895/33/216 927/33/216 928/77/216
f 922/78/217 954/78/217 923/85/217
f 909/56/218 941/56/218 942/59/218
f 896/77/219 928/77/219 929/36/219
f 910/59/220 942/59/220 943/9/220
f 897/36/221 929/36/221 930/38/221
f 911/9/222 943/9/222 944/60/222
f 898/38/223 930/38/223 931/40/223
f 912/60/224 944/60/224 945/63/224
f 899/40/225 931/40/225 932/43/225
f 913/63/226 945/63/226 946/83/226
f 900/43/227 932/43/227 933/45/227
f 914/83/228 946/83/228 947/65/228
f 901/45/229 933/45/229 934/47/229
f 915/65/230 947/65/230 948/81/230
f 902/47/231 934/47/231 935/8/231
f 960/77/380 959/33/380 991/33/380
f 951/86/22 983/86/22 984/73/22
f 938/52/22 970/52/22 971/54/22
f 926/87/22 925/31/22 957/31/22
f 952/73/22 984/73/22 985/75/22
f 939/54/22 971/54/22 972/88/22
f 926/87/22 958/87/22 959/33/22
f 954/78/22 953/75/22 985/75/22
f 941/56/22 940/88/22 972/88/22
f 928/77/22 927/33/22 959/33/22
f 923/85/22 954/78/22 986/78/22
f 941/56/22 973/56/22 974/59/22
f 929/36/22 928/77/22 960/77/22
f 942/59/22 974/59/22 975/9/22
f 930/38/22 929/36/22 961/36/22
f 943/9/22 975/9/22 976/60/22
f 931/40/22 930/38/22 962/38/22
f 944/60/22 976/60/22 977/63/22
f 932/43/22 931/40/22 963/40/22
f 945/63/22 977/63/22 978/83/22
f 933/45/22 932/43/22 964/43/22
f 946/83/22 978/83/22 979/65/22
f 934/47/22 933/45/22 965/45/22
f 947/65/22 979/65/22 980/81/22
f 935/8/22 934/47/22 966/47/22
f 948/81/22 980/81/22 981/68/22
f 935/8/22 967/8/22 968/82/22
f 949/68/22 981/68/22 982/70/22
f 936/82/22 968/82/22 969/49/22
f 923/84/22 955/84/22 956/28/22
f 951/86/22 950/70/22 982/70/22
f 937/49/22 969/49/22 970/52/22
f 1030/83/381 1010/83/381 1009/63/381
f 1009/63/382 1008/60/382 1029/60/382
f 955/85/383 986/78/383 1018/78/383
f 974/59/384 973/56/384 1005/56/384
f 961/36/385 960/77/385 992/77/385
f 975/9/386 974/59/386 1006/59/386
f 961/36/238 993/36/238 994/38/238
f 975/9/239 1007/9/239 1008/60/239
f 963/40/240 962/38/240 994/38/240
f 976/60/241 1008/60/241 1009/63/241
f 963/40/387 995/40/387 996/43/387
f 978/83/388 977/63/388 1009/63/388
f 964/43/389 996/43/389 997/45/389
f 978/83/245 1010/83/245 1011/65/245
f 966/47/246 965/45/246 997/45/246
f 979/65/390 1011/65/390 1012/81/390
f 966/47/248 998/47/248 999/8/248
f 981/68/249 980/81/249 1012/81/249
f 968/82/250 967/8/250 999/8/250
f 981/68/391 1013/68/391 1014/70/391
f 968/82/392 1000/82/392 1001/49/392
f 956/28/393 955/84/393 987/84/393
f 982/70/394 1014/70/394 1015/86/394
f 970/52/255 969/49/255 1001/49/255
f 956/28/256 988/28/256 989/31/256
f 984/73/257 983/86/257 1015/86/257
f 971/54/395 970/52/395 1002/52/395
f 957/31/396 989/31/396 990/87/396
f 984/73/260 1016/73/260 1017/75/260
f 971/54/397 1003/54/397 1004/88/397
f 958/87/398 990/87/398 991/33/398
f 985/75/399 1017/75/399 1018/78/399
f 973/56/400 972/88/400 1004/88/400
f 1024/47/401 998/47/401 997/45/401
f 997/45/402 996/43/402 1023/43/402
f 1031/81/403 1012/81/403 1011/65/403
f 1011/65/404 1010/83/404 1030/83/404
f 1025/82/405 1000/82/405 999/8/405
f 999/8/406 998/47/406 1024/47/406
f 1032/70/407 1014/70/407 1013/68/407
f 1013/68/408 1012/81/408 1031/81/408
f 1026/52/409 1002/52/409 1001/49/409
f 1001/49/410 1000/82/410 1025/82/410
f 988/28/22 987/85/22 1018/78/22
f 1018/78/270 1034/78/270 1019/28/270
f 1033/73/411 1016/73/411 1015/86/411
f 1015/86/412 1014/70/412 1032/70/412
f 1020/87/413 990/87/413 989/31/413
f 989/31/414 988/28/414 1019/28/414
f 1027/88/415 1004/88/415 1003/54/415
f 1003/54/416 1002/52/416 1026/52/416
f 1034/78/417 1018/78/417 1017/75/417
f 1017/75/418 1016/73/418 1033/73/418
f 1021/77/419 992/77/419 991/33/419
f 991/33/420 990/87/420 1020/87/420
f 1028/59/421 1006/59/421 1005/56/421
f 1005/56/422 1004/88/422 1027/88/422
f 1022/38/423 994/38/423 993/36/423
f 993/36/424 992/77/424 1021/77/424
f 1029/60/425 1008/60/425 1007/9/425
f 1007/9/426 1006/59/426 1028/59/426
f 1039/43/279 1040/47/279 1024/47/279
f 1024/47/7 1040/47/7 1041/82/7
f 1031/81/280 1047/81/280 1048/70/280
f 1025/82/281 1041/82/281 1042/52/281
f 1034/78/2 1050/78/2 1035/28/2
f 1032/70/9 1048/70/9 1049/73/9
f 1019/28/282 1035/28/282 1036/87/282
f 1026/52/4 1042/52/4 1043/88/4
f 1033/73/283 1049/73/283 1050/78/283
f 1020/87/284 1036/87/284 1037/77/284
f 1027/88/285 1043/88/285 1044/59/285
f 1021/77/286 1037/77/286 1038/38/286
f 1028/59/287 1044/59/287 1045/60/287
f 1022/38/3 1038/38/3 1039/43/3
f 1029/60/288 1045/60/288 1046/83/288
f 1063/81/427 1064/70/427 1048/70/427
f 1041/82/290 1057/82/290 1058/52/290
f 1035/28/291 1050/78/291 1066/78/291
f 1048/70/428 1064/70/428 1065/73/428
f 1035/28/293 1051/28/293 1052/87/293
f 1042/52/294 1058/52/294 1059/88/294
f 1050/78/295 1049/73/295 1065/73/295
f 1036/87/429 1052/87/429 1053/77/429
f 1043/88/297 1059/88/297 1060/59/297
f 1037/77/430 1053/77/430 1054/38/430
f 1045/60/431 1044/59/431 1060/59/431
f 1038/38/432 1054/38/432 1055/43/432
f 1046/83/301 1045/60/301 1061/60/301
f 1039/43/433 1055/43/433 1056/47/433
f 1047/81/434 1046/83/434 1062/83/434
f 1041/82/435 1040/47/435 1056/47/435
f 1067/28/305 1068/87/305 1052/87/305
f 1066/78/306 1065/73/306 1081/73/306
f 1058/52/307 1074/52/307 1075/88/307
f 1053/77/308 1052/87/308 1068/87/308
f 1060/59/436 1059/88/436 1075/88/436
f 1051/28/310 1066/78/310 1082/78/310
f 1054/38/311 1053/77/311 1069/77/311
f 1060/59/312 1076/59/312 1077/60/312
f 1055/43/313 1054/38/313 1070/38/313
f 1061/60/314 1077/60/314 1078/83/314
f 1055/43/315 1071/43/315 1072/47/315
f 1062/83/316 1078/83/316 1079/81/316
f 1056/47/317 1072/47/317 1073/82/317
f 1063/81/318 1079/81/318 1080/70/318
f 1058/52/319 1057/82/319 1073/82/319
f 1065/73/320 1064/70/320 1080/70/320
f 1069/77/286 1085/77/286 1086/38/286
f 1076/59/287 1092/59/287 1093/60/287
f 1070/38/3 1086/38/3 1087/43/3
f 1077/60/288 1093/60/288 1094/83/288
f 1071/43/279 1087/43/279 1088/47/279
f 1078/83/1 1094/83/1 1095/81/1
f 1072/47/7 1088/47/7 1089/82/7
f 1079/81/280 1095/81/280 1096/70/280
f 1073/82/281 1089/82/281 1090/52/281
f 1082/78/2 1098/78/2 1083/28/2
f 1080/70/9 1096/70/9 1097/73/9
f 1067/28/282 1083/28/282 1084/87/282
f 1074/52/4 1090/52/4 1091/88/4
f 1081/73/283 1097/73/283 1098/78/283
f 1068/87/284 1084/87/284 1085/77/284
f 1075/88/285 1091/88/285 1092/59/285
f 1086/38/22 1102/38/22 1103/43/22
f 1094/83/22 1093/60/22 1109/60/22
f 1100/87/22 1099/28/22 1114/78/22
f 1114/78/22 1113/73/22 1112/70/22
f 1112/70/22 1111/81/22 1110/83/22
f 1110/83/22 1109/60/22 1108/59/22
f 1108/59/22 1107/88/22 1106/52/22
f 1106/52/22 1105/82/22 1104/47/22
f 1104/47/22 1103/43/22 1102/38/22
f 1102/38/22 1101/77/22 1100/87/22
f 1100/87/22 1114/78/22 1112/70/22
f 1112/70/22 1110/83/22 1108/59/22
f 1108/59/22 1106/52/22 1104/47/22
f 1104/47/22 1102/38/22 1100/87/22
f 1100/87/22 1112/70/22 1108/59/22
f 1087/43/22 1103/43/22 1104/47/22
f 1095/81/22 1094/83/22 1110/83/22
f 1088/47/22 1104/47/22 1105/82/22
f 1096/70/22 1095/81/22 1111/81/22
f 1090/52/22 1089/82/22 1105/82/22
f 1083/28/22 1098/78/22 1114/78/22
f 1097/73/22 1096/70/22 1112/70/22
f 1083/28/22 1099/28/22 1100/87/22
f 1090/52/22 1106/52/22 1107/88/22
f 1098/78/22 1097/73/22 1113/73/22
f 1084/87/22 1100/87/22 1101/77/22
f 1091/88/22 1107/88/22 1108/59/22
f 1085/77/22 1101/77/22 1102/38/22
f 1093/60/22 1092/59/22 1108/59/22
f 1030/83/1 1046/83/1 1047/81/1
f 1023/43/437 996/43/437 995/40/437
f 995/40/438 994/38/438 1022/38/438
