-235.85073852539062,2.8511080741882324,-150.20162963867188,0.0,5.970632433603413,0.0,1.0,1.0183449101813384,1.0
-258.6968078613281,2.8511083126068115,-160.216552734375,0.0,3.348836544164788,0.0,1.0,0.9099652816165799,1.0
-148.83859252929688,2.8511080741882324,-181.66468811035156,0.0,4.808280219656609,0.0,1.0,0.9861140539226498,1.0
-217.62893676757812,2.8511080741882324,-158.04736328125,0.0,3.812717596308721,0.0,1.0,1.0692432741465914,1.0
121.72061157226562,2.8511080741882324,-123.1370849609375,0.0,5.967388161452179,0.0,1.0,0.972281161313919,1.0
38.24244689941406,2.8511080741882324,191.95875549316406,0.0,6.034475813888129,0.0,1.0,0.9607171784492335,1.0
-105.8181381225586,8.506470680236816,-300.25567626953125,0.0,3.4769288890107806,0.0,1.0,1.0680422970226515,1.0
121.56692504882812,2.8511080741882324,-234.12860107421875,0.0,1.4009951951383965,0.0,1.0,0.9786980720466885,1.0
-168.70201110839844,2.8511080741882324,-129.99591064453125,0.0,3.705506280866047,0.0,1.0,1.0581147320435853,1.0
-109.58961486816406,2.8511080741882324,-269.00506591796875,0.0,0.3309073833879762,0.0,1.0,0.9352241043703348,1.0
159.79766845703125,2.8511080741882324,91.96585083007812,0.0,3.4179510961182005,0.0,1.0,1.0077905179826998,1.0
-271.96832275390625,32.235198974609375,-99.53256225585938,0.0,0.32877021535975065,0.0,1.0,1.0264919778349588,1.0
149.31190490722656,2.8511080741882324,99.01835632324219,0.0,3.234832963937901,0.0,1.0,0.9458956795102615,1.0
133.0698699951172,2.8511078357696533,231.5044708251953,0.0,6.263619828198835,0.0,1.0,0.999620119116543,1.0
144.71182250976562,2.8511080741882324,105.84313201904297,0.0,4.541948924451277,0.0,1.0,0.9300777254998375,1.0
42.614471435546875,2.8511080741882324,-208.94229125976562,0.0,1.5807349099473444,0.0,1.0,0.9479003495365796,1.0
-165.8865203857422,2.8511080741882324,-329.05218505859375,0.0,4.142650265076592,0.0,1.0,0.9882523333806243,1.0
257.50408935546875,2.8511080741882324,-60.63554382324219,0.0,0.5211409306047488,0.0,1.0,1.0604647014529567,1.0
-161.408935546875,2.8511080741882324,-107.7627182006836,0.0,4.6825023407650646,0.0,1.0,0.9961673376080963,1.0
-318.1331481933594,2.8511080741882324,-36.01174545288086,0.0,5.239092489044874,0.0,1.0,0.9872759048526868,1.0
-157.94094848632812,2.8511080741882324,-189.0831756591797,0.0,0.9099146762869242,0.0,1.0,0.9663975754885298,1.0
254.99069213867188,2.8511080741882324,51.976097106933594,0.0,1.758126747258458,0.0,1.0,0.9972643153076699,1.0
-57.55664825439453,2.8511080741882324,-213.3363800048828,0.0,3.6920558871107496,0.0,1.0,0.9310729301642938,1.0
142.21701049804688,2.8511080741882324,134.68316650390625,0.0,4.593961433802763,0.0,1.0,1.0775757979084428,1.0
-237.60633850097656,2.8511080741882324,-193.7531280517578,0.0,5.075327395907078,0.0,1.0,0.991820960825146,1.0
142.60438537597656,2.8511080741882324,168.32754516601562,0.0,3.439374581844275,0.0,1.0,0.9638371796491796,1.0
-132.7015838623047,2.8511080741882324,-190.435546875,0.0,4.897436036843625,0.0,1.0,0.9633893959234359,1.0
193.05526733398438,2.8511080741882324,115.48877716064453,0.0,2.382483105416362,0.0,1.0,0.9255528502184808,1.0
99.89616394042969,2.8511078357696533,165.47413635253906,0.0,2.797829349357389,0.0,1.0,1.0927365663506228,1.0
183.41539001464844,2.8511080741882324,100.54583740234375,0.0,3.9210544474126037,0.0,1.0,0.9108241188488344,1.0
-38.65903854370117,2.8511080741882324,-292.15155029296875,0.0,4.139365248849334,0.0,1.0,0.9805540900150251,1.0
176.96624755859375,2.8511080741882324,97.90570068359375,0.0,3.6487323980124184,0.0,1.0,0.9948921287192128,1.0
136.68983459472656,2.8511080741882324,61.343379974365234,0.0,3.4254873579950043,0.0,1.0,1.0005243247235123,1.0
115.54266357421875,2.8511080741882324,-119.71879577636719,0.0,2.9025649300074745,0.0,1.0,1.0712295103698999,1.0
-146.65635681152344,2.8511080741882324,-260.87469482421875,0.0,2.8270964829740337,0.0,1.0,1.000152848954738,1.0
199.39710998535156,2.8511080741882324,123.3265380859375,0.0,3.1421522739714676,0.0,1.0,0.9831973742450898,1.0
-212.6699676513672,2.8511080741882324,15.87061595916748,0.0,0.960424078897099,0.0,1.0,1.0482417806936095,1.0
-150.19961547851562,2.8511080741882324,-167.81716918945312,0.0,1.612543186999838,0.0,1.0,1.0854668737419526,1.0
-127.5928955078125,2.8511080741882324,-250.7316131591797,0.0,5.420983925679204,0.0,1.0,0.9319448075480862,1.0
149.1603546142578,2.8511080741882324,-251.214599609375,0.0,4.252906457722951,0.0,1.0,1.0124818612569229,1.0
254.20486450195312,2.8511080741882324,45.442604064941406,0.0,1.824798700735085,0.0,1.0,1.0550394601090012,1.0
265.1763610839844,2.8511080741882324,-21.793533325195312,0.0,2.094096349078474,0.0,1.0,1.0861981449782276,1.0
-137.27249145507812,2.8511080741882324,-272.4287109375,0.0,2.38422220124996,0.0,1.0,1.026666768776536,1.0
153.05723571777344,2.8511080741882324,70.11912536621094,0.0,1.1580874410730935,0.0,1.0,1.0821053253471347,1.0
-125.96377563476562,2.8511080741882324,-260.82171630859375,0.0,2.413714014636577,0.0,1.0,0.9629608439583045,1.0
-144.1737518310547,2.8511080741882324,-281.92340087890625,0.0,0.5498074846132124,0.0,1.0,1.0075813569355616,1.0
-211.5120849609375,2.8511080741882324,-302.65740966796875,0.0,0.7388132471824188,0.0,1.0,0.9054045087317675,1.0
-254.0167236328125,2.8511080741882324,130.1494598388672,0.0,4.267690211237495,0.0,1.0,1.0597230616498572,1.0
73.71511840820312,2.8511080741882324,-104.61287689208984,0.0,4.947320901258668,0.0,1.0,1.0649131127498186,1.0
181.5000762939453,2.8511080741882324,-188.2339324951172,0.0,2.279380919449464,0.0,1.0,1.0285584977395001,1.0
-236.93759155273438,2.8511080741882324,151.31271362304688,0.0,5.2017872863711485,0.0,1.0,0.9475203665770818,1.0
-235.44924926757812,32.685752868652344,11.557823181152344,0.0,5.04273834715862,0.0,1.0,0.9975308554861274,1.0
37.73734664916992,2.8511080741882324,-194.28427124023438,0.0,4.447929386932651,0.0,1.0,0.9247455515079671,1.0
-302.0370178222656,2.8511080741882324,-102.65260314941406,0.0,4.250824347478299,0.0,1.0,1.0578170377846616,1.0
-249.17330932617188,15.118898391723633,-113.71881866455078,0.0,1.856928549626757,0.0,1.0,0.9886201533929362,1.0
-242.81350708007812,2.8511078357696533,136.76339721679688,0.0,4.822459821389977,0.0,1.0,1.0019019296626615,1.0
-243.36940002441406,32.73780059814453,6.460658073425293,0.0,6.004936285891403,0.0,1.0,1.0403937923507705,1.0
-194.0390167236328,2.8511080741882324,-186.79689025878906,0.0,5.167612669633779,0.0,1.0,0.9930459679361012,1.0
-230.875244140625,2.8511080741882324,77.28577423095703,0.0,3.7813111320478505,0.0,1.0,0.9989113310910867,1.0
30.95514488220215,2.8511080741882324,10.846039772033691,0.0,2.279148460953081,0.0,1.0,1.0972617681527264,1.0
58.30752944946289,2.8511080741882324,-6.267906188964844,0.0,1.59529405833292,0.0,1.0,0.9960474969267534,1.0
-146.019775390625,2.8511080741882324,-90.3809585571289,0.0,1.1953506826129083,0.0,1.0,1.0603985745577473,1.0
-166.41165161132812,2.8511080741882324,-95.88935852050781,0.0,3.3580723319938315,0.0,1.0,0.9877128326096806,1.0
-226.79611206054688,2.8511080741882324,-144.9947052001953,0.0,5.891497237615374,0.0,1.0,0.9784994092290178,1.0
-230.93362426757812,2.8511080741882324,90.77090454101562,0.0,6.270866501535485,0.0,1.0,0.9867052752676182,1.0
11.500648498535156,2.8511080741882324,-287.84014892578125,0.0,4.543095113522717,0.0,1.0,0.9644406508451698,1.0
-254.60580444335938,2.8511080741882324,-226.31494140625,0.0,2.9531481942493976,0.0,1.0,0.966610627268891,1.0
176.09402465820312,2.8511080741882324,86.91400146484375,0.0,3.275243611318446,0.0,1.0,0.979051745441076,1.0
-281.2098693847656,2.8511080741882324,-182.68406677246094,0.0,1.9478704255612243,0.0,1.0,0.902025915347612,1.0
-281.9944763183594,32.569313049316406,-116.89537048339844,0.0,2.7863365468079384,0.0,1.0,1.0920533330653721,1.0
258.1258544921875,2.8511080741882324,7.839595794677734,0.0,4.25876703339616,0.0,1.0,1.0730926584073295,1.0
-234.46824645996094,31.795352935791016,-27.686647415161133,0.0,0.19377911366936978,0.0,1.0,1.0941969201291986,1.0
151.0538330078125,2.8511080741882324,256.3648681640625,0.0,4.9022200644267455,0.0,1.0,1.0571933293447902,1.0
155.31829833984375,2.8511080741882324,-180.21383666992188,0.0,0.25110906758259827,0.0,1.0,0.9480554434328098,1.0
-238.5489501953125,2.8511080741882324,73.3082046508789,0.0,2.0003479218805147,0.0,1.0,1.057393111908049,1.0
155.14053344726562,2.8511080741882324,161.30506896972656,0.0,4.115363676992881,0.0,1.0,1.0559785136061943,1.0
-235.40907287597656,2.8511080741882324,-187.6072540283203,0.0,3.1301688336670925,0.0,1.0,1.0942347481296775,1.0
-72.93833923339844,2.8511080741882324,-167.45762634277344,0.0,5.713111705602245,0.0,1.0,1.0624016284358189,1.0
149.23199462890625,2.8511078357696533,-97.45787048339844,0.0,2.382264585782999,0.0,1.0,1.0651058523128312,1.0
-149.21630859375,2.8511080741882324,-175.02093505859375,0.0,3.517743578098917,0.0,1.0,1.0852015664921737,1.0
19.73666763305664,2.8511080741882324,-270.3183288574219,0.0,0.699376308272653,0.0,1.0,1.0709601210908863,1.0
-210.45704650878906,2.8511080741882324,-146.52940368652344,0.0,1.8368543920123561,0.0,1.0,0.9375898041053571,1.0
-82.89903259277344,2.8511078357696533,-73.43440246582031,0.0,0.292433769174279,0.0,1.0,1.0317525387491084,1.0
149.61412048339844,2.8511080741882324,180.20999145507812,0.0,4.1776797688478835,0.0,1.0,1.0525329399331533,1.0
215.79983520507812,2.8511080741882324,156.2098846435547,0.0,3.1748840929810234,0.0,1.0,0.9532992105206717,1.0
-252.71250915527344,2.8511080741882324,-58.0282096862793,0.0,5.628838535763969,0.0,1.0,1.0241539137977052,1.0
103.48301696777344,2.8511080741882324,-207.50120544433594,0.0,6.165212705712798,0.0,1.0,1.081384603787736,1.0
117.16846466064453,2.8511080741882324,194.33946228027344,0.0,4.59233224748855,0.0,1.0,0.9413233199573396,1.0
-239.61685180664062,2.8511080741882324,126.98201751708984,0.0,5.605278292596092,0.0,1.0,0.9721196295418274,1.0
-159.0811767578125,2.8511080741882324,-329.22918701171875,0.0,1.2074492358896978,0.0,1.0,1.0187703038675193,1.0
105.92767333984375,2.8511080741882324,-80.7468490600586,0.0,3.0721187662789817,0.0,1.0,1.0573415969741333,1.0
-210.8447265625,2.8511080741882324,55.15304183959961,0.0,3.327397436978608,0.0,1.0,1.006867996178579,1.0
185.73883056640625,2.8511080741882324,245.03375244140625,0.0,2.4908936184848622,0.0,1.0,0.9071367925331352,1.0
150.23345947265625,2.8511080741882324,262.3980407714844,0.0,2.783493925256666,0.0,1.0,0.9207444999689063,1.0
-200.73532104492188,2.8511080741882324,-186.6193084716797,0.0,1.9939563013636554,0.0,1.0,1.0523350956838187,1.0
-237.12184143066406,2.8511080741882324,110.31450653076172,0.0,0.9342245329352611,0.0,1.0,1.0804751075717975,1.0
167.60472106933594,2.8511080741882324,-27.30295181274414,0.0,0.6275808994952459,0.0,1.0,0.915191601371845,1.0
151.27999877929688,2.8511080741882324,-11.674760818481445,0.0,4.996423395460066,0.0,1.0,1.0092333206130735,1.0
-304.69232177734375,2.8511080741882324,55.38571548461914,0.0,0.0673444962974011,0.0,1.0,1.083400995479093,1.0
-305.2147216796875,2.8511080741882324,30.67123031616211,0.0,2.508314033948294,0.0,1.0,1.0434009300669862,1.0
-300.1263122558594,2.8511080741882324,65.52899932861328,0.0,0.287788226664821,0.0,1.0,1.0143614070010925,1.0
-267.80999755859375,2.8511080741882324,31.56171226501465,0.0,0.9132363441053928,0.0,1.0,0.9051808473768675,1.0
146.98626708984375,2.8511080741882324,-28.54003143310547,0.0,5.703115627457724,0.0,1.0,1.0061419741463857,1.0
-1.1231639385223389,16.86823272705078,-226.61891174316406,0.0,6.039785232390397,0.0,1.0,1.0732824856697214,1.0
-39.465301513671875,2.8511080741882324,-167.27191162109375,0.0,0.5785391875253639,0.0,1.0,1.0634272525030297,1.0
134.19940185546875,2.8511080741882324,-85.1661148071289,0.0,5.966264598958749,0.0,1.0,1.0823731129420042,1.0
-51.901527404785156,2.8511083126068115,-299.5752868652344,0.0,2.320167340208096,0.0,1.0,1.0136250052876428,1.0
181.22616577148438,2.8511080741882324,109.63177490234375,0.0,4.16448597182646,0.0,1.0,1.083703434003111,1.0
-289.90814208984375,2.8511080741882324,-169.8211212158203,0.0,3.7452934612618023,0.0,1.0,1.037658298542182,1.0
94.88824462890625,2.8511078357696533,-138.67015075683594,0.0,1.5187649303435327,0.0,1.0,1.0241358796266025,1.0
-236.40895080566406,2.8511080741882324,116.74588012695312,0.0,1.2621388217528977,0.0,1.0,1.0847539691985204,1.0
-311.7127380371094,2.8511083126068115,-70.50556182861328,0.0,2.929203160960087,0.0,1.0,1.0660232868789963,1.0
151.7252655029297,2.8511080741882324,107.15524291992188,0.0,3.0835144455196484,0.0,1.0,0.9970646962643938,1.0
38.712806701660156,2.8511080741882324,258.17510986328125,0.0,0.6506891839127851,0.0,1.0,0.9231225778201483,1.0
165.1353759765625,2.8511080741882324,251.6961212158203,0.0,5.493105400058417,0.0,1.0,0.9238705973944662,1.0
35.89242172241211,2.8511080741882324,-258.97705078125,0.0,1.2154440640693795,0.0,1.0,0.9692365010980777,1.0
145.48483276367188,2.8511080741882324,125.8463363647461,0.0,2.004073677989987,0.0,1.0,1.0834395496727995,1.0
-249.74664306640625,2.8511080741882324,13.169195175170898,0.0,5.772582314880109,0.0,1.0,1.0522791212283147,1.0
44.86717987060547,2.8511080741882324,49.74973678588867,0.0,5.3034270372618115,0.0,1.0,0.9108813099467035,1.0
-243.138427734375,15.118898391723633,-112.30915832519531,0.0,2.581061366283864,0.0,1.0,0.9515161124593959,1.0
-253.70152282714844,2.8511080741882324,97.84159088134766,0.0,0.7743977660030755,0.0,1.0,0.913283245150958,1.0
-293.084228515625,2.8511080741882324,34.707462310791016,0.0,0.9432937709641023,0.0,1.0,1.0379398812524816,1.0
-102.59740447998047,2.8511078357696533,-241.0717010498047,0.0,3.4477382966313623,0.0,1.0,0.9538272936291055,1.0
138.61016845703125,2.8511080741882324,235.45718383789062,0.0,0.4018829596821844,0.0,1.0,0.9130448374672431,1.0
-119.48898315429688,2.8511080741882324,-257.230224609375,0.0,2.716841104968845,0.0,1.0,1.0150333330561057,1.0
-211.59107971191406,2.8511080741882324,-179.0157012939453,0.0,0.07557089084187224,0.0,1.0,1.0905727200819166,1.0
-311.88629150390625,2.8511080741882324,29.655738830566406,0.0,5.345132220465076,0.0,1.0,0.9870406849183945,1.0
-142.7742156982422,2.8511083126068115,-79.09671783447266,0.0,5.055431729420243,0.0,1.0,1.0099561928540874,1.0
-15.288280487060547,2.8511080741882324,-268.39239501953125,0.0,0.640464062600331,0.0,1.0,0.9382901606439124,1.0
-299.71075439453125,2.8511080741882324,59.06178665161133,0.0,1.270470991446188,0.0,1.0,0.9339336916035804,1.0
144.75648498535156,2.8511080741882324,234.29345703125,0.0,0.12829475159081968,0.0,1.0,0.9590296132022155,1.0
133.3953399658203,2.8511080741882324,-15.333206176757812,0.0,4.41589439756343,0.0,1.0,0.9283100154076903,1.0
111.07856750488281,2.8511080741882324,-11.74283218383789,0.0,1.0688396645297653,0.0,1.0,0.9510962216731873,1.0
141.33905029296875,2.8511080741882324,153.27005004882812,0.0,2.0277269981224455,0.0,1.0,0.9052539768024702,1.0
-187.93218994140625,2.8511080741882324,-139.4478302001953,0.0,5.750917717565321,0.0,1.0,0.9147335135581225,1.0
162.5039825439453,2.8511080741882324,85.69721221923828,0.0,5.920156982672526,0.0,1.0,1.0456102267582876,1.0
144.59010314941406,2.8511080741882324,-113.39607238769531,0.0,0.056143834125112306,0.0,1.0,0.9160537019590321,1.0
-61.530120849609375,16.752771377563477,-304.7357482910156,0.0,5.71123348552376,0.0,1.0,1.057704425458403,1.0
119.99861907958984,2.8511080741882324,267.7160949707031,0.0,4.205421157057685,0.0,1.0,1.0896238209728892,1.0
-237.01333618164062,14.685370445251465,-173.71754455566406,0.0,0.8899414715258398,0.0,1.0,1.024173905259146,1.0
-230.15826416015625,2.8511078357696533,116.0324478149414,0.0,3.7101302740630553,0.0,1.0,0.9940836449507111,1.0
212.9761962890625,2.8511080741882324,126.0477066040039,0.0,0.9878798244784203,0.0,1.0,0.9163306558099095,1.0
264.9430847167969,2.8511080741882324,14.997764587402344,0.0,2.4761934666698346,0.0,1.0,0.9580616320154067,1.0
180.07412719726562,2.8511080741882324,122.88261413574219,0.0,4.327955406386317,0.0,1.0,0.9347609033572535,1.0
173.9748077392578,2.8511080741882324,-103.172119140625,0.0,0.8679631693486745,0.0,1.0,1.0662155654792114,1.0
164.8420867919922,2.8511080741882324,-1.7152061462402344,0.0,5.081243467114824,0.0,1.0,1.0816502542601478,1.0
-227.61642456054688,14.97848892211914,-173.00668334960938,0.0,3.3162563067156343,0.0,1.0,1.0922257981078392,1.0
-206.45765686035156,2.8511080741882324,28.63789176940918,0.0,1.8129505479371846,0.0,1.0,0.9177966801465751,1.0
70.21524047851562,2.8511080741882324,31.990249633789062,0.0,3.4993426570613315,0.0,1.0,1.0448196624290864,1.0
82.12309265136719,2.8511080741882324,59.44786834716797,0.0,0.38537111576274136,0.0,1.0,1.0307172493215655,1.0
-265.37701416015625,2.8511080741882324,25.45028305053711,0.0,4.077150528740067,0.0,1.0,0.9190729862165526,1.0
102.2081069946289,2.8511080741882324,56.05333709716797,0.0,5.829657082666824,0.0,1.0,0.9164377491120772,1.0
60.28111267089844,2.8511080741882324,43.51007843017578,0.0,1.7368296147261195,0.0,1.0,0.9779430692282947,1.0
91.9684829711914,2.8511080741882324,-270.6056823730469,0.0,5.3911349734306135,0.0,1.0,1.0047771158532735,1.0
-34.2680778503418,2.8511080741882324,-317.1473388671875,0.0,2.8163398962584236,0.0,1.0,0.9790421384082245,1.0
-262.5399475097656,2.8511080741882324,88.32532501220703,0.0,2.875874032688774,0.0,1.0,1.0308197577524363,1.0
224.64569091796875,2.8511080741882324,175.6331329345703,0.0,0.7467768278077591,0.0,1.0,0.9811612301770767,1.0
103.7895278930664,2.8511080741882324,-42.49983215332031,0.0,1.8281256500326613,0.0,1.0,0.9362965074793005,1.0
107.40695190429688,2.8511078357696533,145.8612060546875,0.0,3.5133468282393827,0.0,1.0,0.9723929198865072,1.0
-220.87460327148438,2.8511080741882324,-192.309814453125,0.0,4.3817328376470535,0.0,1.0,1.048182516253436,1.0
-152.7084503173828,2.8511080741882324,-217.76687622070312,0.0,3.140821763184633,0.0,1.0,1.0194826569910247,1.0
-139.8631134033203,2.8511080741882324,-154.2633056640625,0.0,0.953994657642234,0.0,1.0,1.0852976737390243,1.0
-52.46712112426758,16.73752784729004,-300.85595703125,0.0,4.360665681288804,0.0,1.0,1.0702070436689646,1.0
55.888587951660156,2.8511080741882324,38.122520446777344,0.0,0.40973027677408647,0.0,1.0,0.9464004695962417,1.0
-145.75619506835938,2.8511080741882324,-215.80584716796875,0.0,2.77050326687711,0.0,1.0,1.0093982425159993,1.0
92.36323547363281,2.8511080741882324,55.2204704284668,0.0,1.958394152255542,0.0,1.0,0.9025023216694472,1.0
-33.497074127197266,2.8511080741882324,-199.77096557617188,0.0,4.6316532508635735,0.0,1.0,0.9610731217393549,1.0
-133.7420196533203,2.8511080741882324,-221.56898498535156,0.0,5.4985448889927335,0.0,1.0,0.9059898906506684,1.0
-218.96775817871094,2.8511080741882324,-180.47190856933594,0.0,0.12066757040659824,0.0,1.0,1.0784677679115267,1.0
-273.8458251953125,2.8511080741882324,34.211509704589844,0.0,4.642258974268209,0.0,1.0,1.0153303434946743,1.0
-188.16310119628906,2.8511080741882324,-173.53114318847656,0.0,0.10739244417483826,0.0,1.0,1.0010577735562727,1.0
116.73690795898438,2.8511080741882324,61.528011322021484,0.0,4.305317493549604,0.0,1.0,1.045940783898327,1.0
-210.1888427734375,15.022205352783203,-178.1124267578125,0.0,4.7341464398848325,0.0,1.0,1.0416346044198697,1.0
-85.87432861328125,2.8511080741882324,-183.82440185546875,0.0,1.6472873758633078,0.0,1.0,0.9875035607436169,1.0
76.4533920288086,2.8511080741882324,-112.09907531738281,0.0,4.986706155877332,0.0,1.0,0.9546094263535061,1.0
25.81713104248047,2.8511080741882324,-170.86610412597656,0.0,0.3602664904885752,0.0,1.0,1.0777193243835708,1.0
209.92617797851562,2.8511080741882324,215.87863159179688,0.0,0.2814094302725626,0.0,1.0,0.9073157122680954,1.0
93.46305847167969,2.8511083126068115,-79.19852447509766,0.0,0.7977756449571376,0.0,1.0,0.9131875130245328,1.0
188.35519409179688,2.8511080741882324,96.7203369140625,0.0,0.7618952201755548,0.0,1.0,0.9066308161100953,1.0
-246.2006072998047,2.8511080741882324,84.91278076171875,0.0,5.093386450965798,0.0,1.0,0.9508610926990632,1.0
-253.444580078125,2.8511080741882324,42.54737091064453,0.0,2.927281957892671,0.0,1.0,0.9576301890335391,1.0
128.76089477539062,2.8511080741882324,265.5815124511719,0.0,3.2958538137438533,0.0,1.0,0.9510799547034134,1.0
-313.08917236328125,2.8511080741882324,-78.7573013305664,0.0,3.11487343925061,0.0,1.0,0.9811866080846184,1.0
-102.41319274902344,2.8511080741882324,-253.8188934326172,0.0,2.056135084919006,0.0,1.0,1.0163317778074878,1.0
-252.2106475830078,2.8511080741882324,-28.47724723815918,0.0,0.34967652185713044,0.0,1.0,1.0983514097704736,1.0
273.0059509277344,2.8511080741882324,-50.06968307495117,0.0,0.11002676714495813,0.0,1.0,1.07385812907745,1.0
-217.6670379638672,15.704456329345703,-166.91302490234375,0.0,2.762629804233726,0.0,1.0,1.0616422482551335,1.0
54.17417907714844,2.8511078357696533,125.93659973144531,0.0,1.08209357088605,0.0,1.0,1.074093550136423,1.0
111.30502319335938,2.8511080741882324,-89.84254455566406,0.0,5.316996492306599,0.0,1.0,1.0189936057546194,1.0
-212.09686279296875,2.8511080741882324,-188.69512939453125,0.0,1.1614623484619084,0.0,1.0,0.9415413354380056,1.0
40.0285758972168,2.8511080741882324,-270.1006774902344,0.0,3.823911330266458,0.0,1.0,1.010416221278753,1.0
-125.60032653808594,2.8511080741882324,-208.22406005859375,0.0,5.712594128700978,0.0,1.0,1.046646898226794,1.0
105.42533874511719,2.8511080741882324,-253.6802215576172,0.0,3.05230528179735,0.0,1.0,0.9894837491547508,1.0
127.78018951416016,2.8511080741882324,-85.42034912109375,0.0,1.8737343767450385,0.0,1.0,0.9765551278866085,1.0
-170.76852416992188,2.8511080741882324,-226.13026428222656,0.0,2.233102897513372,0.0,1.0,1.0097025460478153,1.0
121.91361999511719,2.8511080741882324,-113.37637329101562,0.0,1.7380030478873805,0.0,1.0,1.07776801470028,1.0
-157.27760314941406,2.8511080741882324,-289.7506103515625,0.0,4.922165031171954,0.0,1.0,0.9695170670433056,1.0
-215.79275512695312,15.303567886352539,-172.67428588867188,0.0,1.877945428610406,0.0,1.0,0.9730355415605317,1.0
26.440242767333984,2.8511080741882324,65.23594665527344,0.0,4.015288480470118,0.0,1.0,1.012078549098134,1.0
-244.04779052734375,21.684009552001953,-48.105262756347656,0.0,5.841074825057295,0.0,1.0,1.0292606504281905,1.0
109.80938720703125,2.8511080741882324,133.998046875,0.0,0.8408116963761527,0.0,1.0,0.9048039846985706,1.0
-291.426513671875,2.8511083126068115,-49.73894119262695,0.0,6.0325594760267,0.0,1.0,1.0309024257248736,1.0
207.07958984375,2.8511080741882324,-11.623207092285156,0.0,0.15050217908145805,0.0,1.0,1.0537488266181168,1.0
-312.2411193847656,2.8511080741882324,36.4987678527832,0.0,5.826439991422351,0.0,1.0,0.9609628902336883,1.0
-292.02154541015625,2.8511080741882324,62.46123123168945,0.0,4.262623172811513,0.0,1.0,0.9770180890536593,1.0
-66.02328491210938,2.8511080741882324,-1.5989391803741455,0.0,2.3962775203470623,0.0,1.0,0.968422585173471,1.0
12.959543228149414,2.8511080741882324,243.7022247314453,0.0,3.0983277981831026,0.0,1.0,0.9420084449659639,1.0
88.06266021728516,2.8511080741882324,-57.87763595581055,0.0,4.323977745037143,0.0,1.0,1.077480225243099,1.0
-220.26657104492188,2.8511080741882324,66.49239349365234,0.0,4.733838280022765,0.0,1.0,0.9052527740200539,1.0
-249.96536254882812,2.8511080741882324,108.8656234741211,0.0,0.8140107458934398,0.0,1.0,1.0901692951209094,1.0
-38.039222717285156,2.8511080741882324,-130.14935302734375,0.0,1.0717450351831805,0.0,1.0,0.969227686677189,1.0
-230.81085205078125,2.8511080741882324,132.48907470703125,0.0,6.000328690923049,0.0,1.0,0.992196813557275,1.0
-68.50984954833984,2.8511080741882324,-274.815673828125,0.0,4.703833658216302,0.0,1.0,0.9577100359536261,1.0
-238.34048461914062,23.214807510375977,-46.58827209472656,0.0,0.09282808689159237,0.0,1.0,0.9961173627432389,1.0
173.55047607421875,2.8511080741882324,212.30422973632812,0.0,5.100293372793929,0.0,1.0,0.9998780912775975,1.0
31.485471725463867,2.8511080741882324,73.44676208496094,0.0,3.5888318072094525,0.0,1.0,0.907812855728447,1.0
-250.2771453857422,2.8511080741882324,115.94837188720703,0.0,1.9110500020890624,0.0,1.0,0.9594029695641814,1.0
-286.2252502441406,2.8511080741882324,-178.86009216308594,0.0,2.937373411163348,0.0,1.0,1.0179465170238984,1.0
151.24636840820312,2.8511080741882324,-67.83768463134766,0.0,5.793127409498951,0.0,1.0,0.9342170370644715,1.0
100.1032943725586,2.8511080741882324,-16.829118728637695,0.0,2.3598415629067095,0.0,1.0,0.9284831210481751,1.0
114.5880126953125,2.8511080741882324,46.912166595458984,0.0,3.5048625967889038,0.0,1.0,1.084721621583198,1.0
93.46591186523438,2.8511080741882324,40.18605041503906,0.0,5.685494793741123,0.0,1.0,0.9905426820991106,1.0
101.79093933105469,2.8511080741882324,224.8854522705078,0.0,0.5768666614407025,0.0,1.0,1.0902421619445215,1.0
48.31212615966797,2.8511080741882324,110.90812683105469,0.0,5.418053135545178,0.0,1.0,1.0713727629511256,1.0
65.61187744140625,2.8511080741882324,58.41503143310547,0.0,4.729583627569064,0.0,1.0,1.0642630926612169,1.0
-213.22662353515625,2.8511080741882324,101.77533721923828,0.0,0.6098152382258839,0.0,1.0,0.9842873682195075,1.0
-264.8191833496094,2.8511080741882324,44.707149505615234,0.0,0.5878663473194691,0.0,1.0,0.9744894688749959,1.0
70.24253845214844,2.8511080741882324,47.27171325683594,0.0,2.1529812401892183,0.0,1.0,0.958872496057988,1.0
-216.64706420898438,2.8511080741882324,46.43194580078125,0.0,0.5626809916674116,0.0,1.0,1.0122089733340844,1.0
89.43038940429688,2.8511080741882324,-130.9641571044922,0.0,1.6184743731674602,0.0,1.0,0.9611300463780693,1.0
-260.06219482421875,2.8511080741882324,-98.25128173828125,0.0,4.100874710030689,0.0,1.0,1.0410710588616092,1.0
-168.0088653564453,2.8511080741882324,-192.7061767578125,0.0,3.5004730112152993,0.0,1.0,1.0025483690497219,1.0
-316.23193359375,2.8511080741882324,-52.299686431884766,0.0,3.434235881747069,0.0,1.0,1.0042875233908632,1.0
-96.06663513183594,2.8511080741882324,-201.3594970703125,0.0,3.414871459710593,0.0,1.0,0.9967082049608348,1.0
-252.00485229492188,2.8511080741882324,5.057277679443359,0.0,3.9839156627064924,0.0,1.0,0.9755324088935992,1.0
40.62156295776367,2.8511080741882324,-148.26116943359375,0.0,4.415252046163713,0.0,1.0,0.9825837070350661,1.0
55.14601135253906,2.8511080741882324,-178.4242706298828,0.0,5.362679204764244,0.0,1.0,0.9370809645310926,1.0
174.56121826171875,2.8511080741882324,227.4921417236328,0.0,0.8364274916235892,0.0,1.0,0.9619363032710941,1.0
-247.0809783935547,15.118898391723633,-98.00028991699219,0.0,0.8618018401834111,0.0,1.0,0.964068120587951,1.0
-148.61402893066406,2.8511080741882324,-223.28933715820312,0.0,6.024711572199989,0.0,1.0,0.927678576910325,1.0
-307.5654602050781,2.8511078357696533,49.69026565551758,0.0,0.6767162510563105,0.0,1.0,1.0317383062625551,1.0
-242.7158966064453,2.8511080741882324,113.69285583496094,0.0,3.6335625794157353,0.0,1.0,0.9708521439964816,1.0
100.03501892089844,2.8511080741882324,116.77357482910156,0.0,3.470404738385326,0.0,1.0,0.9412302380915109,1.0
-262.68438720703125,2.8511080741882324,-234.7180938720703,0.0,3.4667157929632704,0.0,1.0,1.041452620163895,1.0
-207.31243896484375,15.784847259521484,-169.247314453125,0.0,1.9909663400766204,0.0,1.0,0.9241379295286772,1.0
22.77402687072754,2.8511080741882324,-275.7147216796875,0.0,1.078690877547294,0.0,1.0,0.9575742492486273,1.0
113.22928619384766,2.8511080741882324,166.57598876953125,0.0,3.664395073598163,0.0,1.0,0.9852894695830965,1.0
-204.742919921875,2.8511080741882324,42.45581817626953,0.0,4.402632649311801,0.0,1.0,1.0102414150252845,1.0
147.52166748046875,2.8511078357696533,-130.68751525878906,0.0,3.5024147818175746,0.0,1.0,1.028262291142152,1.0
84.53890991210938,2.8511080741882324,-63.443519592285156,0.0,0.7032723984574722,0.0,1.0,1.0141754033208783,1.0
28.67900848388672,2.8511080741882324,-283.61114501953125,0.0,5.113890739434231,0.0,1.0,0.9494376976811312,1.0
-26.307296752929688,2.8511080741882324,-217.49017333984375,0.0,2.971671719280213,0.0,1.0,1.0582929017651594,1.0
-206.8033447265625,2.9079627990722656,-260.7750244140625,0.0,4.519675236092458,0.0,1.0,1.0240354587270475,1.0
-175.4829864501953,2.8511080741882324,-107.38143920898438,0.0,1.734999479040844,0.0,1.0,0.9980968004275206,1.0
64.35647583007812,2.8511080741882324,50.93162536621094,0.0,3.411691624794446,0.0,1.0,0.9649853833838854,1.0
-2.151982307434082,22.52064323425293,-259.03692626953125,0.0,5.35056328874146,0.0,1.0,1.0159045251215424,1.0
150.5784912109375,2.8511080741882324,246.1469268798828,0.0,5.245035511194669,0.0,1.0,0.9893995182166164,1.0
-129.1197052001953,2.8511080741882324,-225.40228271484375,0.0,2.029458548432001,0.0,1.0,0.9244304996930903,1.0
121.42044067382812,2.8511083126068115,20.935901641845703,0.0,1.2547590206400017,0.0,1.0,0.9388964287066746,1.0
-84.2154769897461,2.8511080741882324,-29.897605895996094,0.0,5.9067923306307515,0.0,1.0,1.0464882438455194,1.0
161.0580596923828,2.8511080741882324,-89.43299865722656,0.0,0.6281549030491385,0.0,1.0,0.9329024832255136,1.0
-100.60435485839844,2.8511080741882324,-265.5621643066406,0.0,6.198564569230004,0.0,1.0,0.9791955037336781,1.0
-244.46755981445312,2.8511080741882324,-259.9424743652344,0.0,3.2687221512962124,0.0,1.0,1.0483736439747329,1.0
-247.10562133789062,2.8511080741882324,-148.92071533203125,0.0,5.121747439477502,0.0,1.0,1.089296580409469,1.0
137.207275390625,2.8511080741882324,-147.4179229736328,0.0,1.4261932617727207,0.0,1.0,1.0331043420170407,1.0
-29.840709686279297,2.8511080741882324,-33.10306930541992,0.0,4.637266927764514,0.0,1.0,0.9204799130274163,1.0
48.8698844909668,2.8511083126068115,187.8739776611328,0.0,0.8599126702207985,0.0,1.0,0.9575647602079731,1.0
-9.785124778747559,22.594066619873047,-255.6525421142578,0.0,2.4288162762592957,0.0,1.0,1.0739472983071678,1.0
-26.40559196472168,2.8511080741882324,-278.5054931640625,0.0,2.8985467247407963,0.0,1.0,1.0306201776461306,1.0
-206.60426330566406,2.8511080741882324,-271.9323425292969,0.0,0.7818057624799535,0.0,1.0,1.0656558652557757,1.0
-145.6044921875,2.8511080741882324,-274.93505859375,0.0,3.164435947912106,0.0,1.0,0.9997226118167998,1.0
-273.48101806640625,30.529380798339844,-34.12371063232422,0.0,3.8677891123000467,0.0,1.0,1.005787727204214,1.0
-243.66796875,2.8511080741882324,2.25400972366333,0.0,3.171347505287606,0.0,1.0,0.9078159373434285,1.0
30.262798309326172,2.8511080741882324,256.1092224121094,0.0,3.6215228719744292,0.0,1.0,0.9164612635173525,1.0
102.9496841430664,2.8511080741882324,63.551456451416016,0.0,3.2761680950825687,0.0,1.0,1.014506700521339,1.0
83.16642761230469,2.8511080741882324,190.265625,0.0,1.319991301204994,0.0,1.0,0.9327984235580368,1.0
63.956825256347656,2.8511080741882324,138.50270080566406,0.0,6.160824955889051,0.0,1.0,0.9426261665146451,1.0
-150.12149047851562,2.8511080741882324,-208.06446838378906,0.0,3.8658145634091183,0.0,1.0,0.917793944632011,1.0
38.414222717285156,2.8511080741882324,-307.8808288574219,0.0,0.42715543241040765,0.0,1.0,0.927986041320265,1.0
-276.0379333496094,33.033695220947266,-64.43944549560547,0.0,0.8937921821715,0.0,1.0,0.9344312010552777,1.0
190.72694396972656,2.8511080741882324,102.97064208984375,0.0,3.0174692519154926,0.0,1.0,0.9366663012328565,1.0
31.676868438720703,2.8511080741882324,270.2301940917969,0.0,2.8346841342002307,0.0,1.0,1.062860252219047,1.0
-232.27987670898438,32.57106399536133,29.92166519165039,0.0,1.6331036829636651,0.0,1.0,0.9669006352880467,1.0
-225.22438049316406,32.57106399536133,21.337949752807617,0.0,2.5289556880336366,0.0,1.0,0.9060547654211202,1.0
-25.76660919189453,2.8511080741882324,-80.02461242675781,0.0,1.4745139851430478,0.0,1.0,1.0947976705710722,1.0
-65.97895812988281,2.8511080741882324,-16.952226638793945,0.0,1.972121686509068,0.0,1.0,1.0134449942112504,1.0
-287.0075378417969,32.73065948486328,-51.35920333862305,0.0,5.620424982712058,0.0,1.0,1.0708339813428345,1.0
-30.415109634399414,16.83235740661621,-276.94549560546875,0.0,0.46959169252774824,0.0,1.0,0.9806608016395185,1.0
168.70181274414062,2.8511080741882324,235.03367614746094,0.0,1.0572345897849336,0.0,1.0,1.0440750805203247,1.0
2.6931076049804688,2.8511080741882324,-277.3240051269531,0.0,4.219393179517258,0.0,1.0,0.9912236076266618,1.0
-275.4448547363281,31.326446533203125,-28.225732803344727,0.0,0.8608888977345354,0.0,1.0,0.9258007105519103,1.0
-7.6095476150512695,22.591554641723633,-248.60824584960938,0.0,3.427987012984081,0.0,1.0,0.9584779303711489,1.0
168.80010986328125,2.8511080741882324,114.97369384765625,0.0,4.179288971936873,0.0,1.0,0.9573470056976521,1.0
-226.5109405517578,2.8511080741882324,-182.72052001953125,0.0,2.5789785546717576,0.0,1.0,0.9764007877405585,1.0
-287.0679931640625,2.8511078357696533,-199.35435485839844,0.0,5.427218967650306,0.0,1.0,1.0099325886902857,1.0
-259.263427734375,2.8511080741882324,30.401466369628906,0.0,0.30248728099980365,0.0,1.0,0.9695853900528171,1.0
-28.899930953979492,2.8511080741882324,-173.6497802734375,0.0,3.9859107744424915,0.0,1.0,0.9102240364811643,1.0
189.16058349609375,2.8511080741882324,-226.77073669433594,0.0,0.24055814120581656,0.0,1.0,0.9604810977553294,1.0
-193.57850646972656,2.8511080741882324,-125.76301574707031,0.0,3.539895701838504,0.0,1.0,0.9204438441563979,1.0
224.9448699951172,2.8511080741882324,129.6668701171875,0.0,6.278120115839819,0.0,1.0,1.041267928479324,1.0
174.07862854003906,2.8511080741882324,250.07888793945312,0.0,5.419574003092423,0.0,1.0,1.0393483732752484,1.0
101.18891906738281,2.8511080741882324,234.68141174316406,0.0,5.5004002758747825,0.0,1.0,1.0568048048147745,1.0
-225.45535278320312,2.8511080741882324,87.92692565917969,0.0,4.119168558637451,0.0,1.0,1.0108945047985713,1.0
-240.6385040283203,2.8511080741882324,7.664282321929932,0.0,4.520220563388221,0.0,1.0,0.9939051190461917,1.0
45.38910675048828,2.8511080741882324,131.6990966796875,0.0,0.24870190420170427,0.0,1.0,0.9113382396459758,1.0
162.8919219970703,2.8511080741882324,187.16424560546875,0.0,1.4060263745858155,0.0,1.0,0.9617093020213278,1.0
-199.34036254882812,2.8511080741882324,-170.11329650878906,0.0,5.404629625660516,0.0,1.0,0.9032009448868318,1.0
-228.4089813232422,32.77536392211914,7.703469753265381,0.0,5.798315851930709,0.0,1.0,1.0781467580081574,1.0
-140.18655395507812,2.8511080741882324,-256.16796875,0.0,4.966608315291442,0.0,1.0,1.0449103798383026,1.0
-40.88658905029297,2.8511080741882324,-69.62065887451172,0.0,1.160636676689924,0.0,1.0,0.9459510542625225,1.0
131.55517578125,2.8511080741882324,-91.6749267578125,0.0,2.0467879252528305,0.0,1.0,0.9288293548973016,1.0
-166.64590454101562,2.8511080741882324,-169.84515380859375,0.0,3.1022562359284165,0.0,1.0,0.9452849500482798,1.0
-262.006103515625,2.8511080741882324,114.76322937011719,0.0,6.035786003693983,0.0,1.0,0.9564361053511955,1.0
46.844181060791016,2.8511080741882324,195.2353057861328,0.0,3.405738537318178,0.0,1.0,1.055481671767341,1.0
28.000268936157227,2.8511080741882324,82.05824279785156,0.0,5.168232490390089,0.0,1.0,1.0952640645424263,1.0
198.0218505859375,2.8511080741882324,208.69573974609375,0.0,2.1954307228989034,0.0,1.0,1.0957458774049635,1.0
31.69886016845703,2.8511080741882324,92.1994857788086,0.0,5.6700862688263225,0.0,1.0,1.0231054079314226,1.0
-305.5818176269531,2.8511080741882324,-144.92379760742188,0.0,0.49318408259074487,0.0,1.0,1.0596859042574303,1.0
150.95999145507812,2.8511080741882324,83.95726776123047,0.0,4.358650695314103,0.0,1.0,1.0027081846297963,1.0
137.39840698242188,2.8511080741882324,-113.9164810180664,0.0,3.417165843379626,0.0,1.0,0.9206965223779211,1.0
194.1977996826172,2.8511080741882324,215.44253540039062,0.0,0.46143588396721585,0.0,1.0,1.0098568540748432,1.0
241.14064025878906,2.8511080741882324,-131.6719970703125,0.0,3.2782822199077004,0.0,1.0,1.0731278850168295,1.0
96.24888610839844,2.8511080741882324,-229.92227172851562,0.0,4.44698827843443,0.0,1.0,1.0426242609690606,1.0
-173.81307983398438,2.8511080741882324,-258.1056823730469,0.0,5.0256069351359205,0.0,1.0,0.9449505875961766,1.0
-198.41268920898438,2.8511080741882324,28.798728942871094,0.0,3.0372752780919723,0.0,1.0,1.030022916805472,1.0
-262.3406677246094,15.214303016662598,-118.82658386230469,0.0,1.5785535162598985,0.0,1.0,1.040443465561153,1.0
172.65713500976562,2.8511080741882324,-31.806949615478516,0.0,1.664521081870126,0.0,1.0,0.9254891433953177,1.0
-287.28948974609375,2.8511080741882324,51.22433090209961,0.0,0.3963557455024952,0.0,1.0,0.9688974468120731,1.0
-138.79122924804688,2.8511080741882324,-285.5496826171875,0.0,3.600915977246103,0.0,1.0,1.0000741419893435,1.0
82.91854858398438,2.8511080741882324,160.33273315429688,0.0,3.458850443536261,0.0,1.0,1.0681214929108889,1.0
-268.5296325683594,2.8511080741882324,-63.10575866699219,0.0,1.9539928878301738,0.0,1.0,1.044801722343928,1.0
-134.76507568359375,2.8511080741882324,-99.93950653076172,0.0,2.6290378922897752,0.0,1.0,0.9759159621478066,1.0
5.9308390617370605,16.902538299560547,-229.66580200195312,0.0,1.1860364112016772,0.0,1.0,0.9990846195782057,1.0
-13.705347061157227,22.63762855529785,-251.0840606689453,0.0,1.300959914935381,0.0,1.0,1.0516142572713498,1.0
81.39987182617188,2.8511080741882324,175.53636169433594,0.0,5.251452275076606,0.0,1.0,0.98645536670975,1.0
-193.2245330810547,2.8511083126068115,-86.99070739746094,0.0,3.3660994505577158,0.0,1.0,0.9913233855075312,1.0
-290.6750793457031,29.793638229370117,-79.99870300292969,0.0,1.6860389013367754,0.0,1.0,0.9039052029279038,1.0
163.9306182861328,2.8511080741882324,-46.309268951416016,0.0,0.4921097976942316,0.0,1.0,1.068635443302588,1.0
97.30828857421875,2.8511080741882324,-131.0268096923828,0.0,2.4742248844399692,0.0,1.0,0.9715054254959817,1.0
-292.0553894042969,30.786834716796875,-54.84341812133789,0.0,1.1338685436173328,0.0,1.0,1.0321186188001357,1.0
94.67974090576172,2.8511080741882324,-299.74737548828125,0.0,0.3293700784445463,0.0,1.0,0.9575303702888265,1.0
183.26220703125,2.8511078357696533,239.06163024902344,0.0,1.4719934845003737,0.0,1.0,0.9529958316968962,1.0
-161.60731506347656,2.8511080741882324,-71.84600830078125,0.0,5.7458880853780965,0.0,1.0,0.9115605525715835,1.0
12.882851600646973,16.902538299560547,-217.64694213867188,0.0,0.2375708267780733,0.0,1.0,0.956851493344441,1.0
-238.87367248535156,14.995365142822266,-89.06468963623047,0.0,2.1382011661908114,0.0,1.0,1.0608257426557393,1.0
-286.6586608886719,2.8511080741882324,57.372642517089844,0.0,1.5150641023812703,0.0,1.0,1.039273963436882,1.0
-142.78858947753906,2.8511080741882324,-195.8418426513672,0.0,1.5597538474786512,0.0,1.0,1.0978973518200135,1.0
95.75357818603516,2.8511080741882324,188.7327117919922,0.0,6.180526293112433,0.0,1.0,1.0501412960040544,1.0
84.5867919921875,2.8511080741882324,-100.93538665771484,0.0,0.641952331532197,0.0,1.0,0.9246696794071309,1.0
103.86673736572266,2.8511080741882324,107.31855773925781,0.0,1.305703647515092,0.0,1.0,1.029778440451316,1.0
-266.1412353515625,2.8511080741882324,-33.97209930419922,0.0,5.471087589411898,0.0,1.0,0.9879133311119556,1.0
115.19412231445312,2.8511080741882324,78.51111602783203,0.0,2.1068672421581898,0.0,1.0,1.0363560989588272,1.0
107.85407257080078,2.8511080741882324,46.677284240722656,0.0,1.6515568722621101,0.0,1.0,1.0779295310274772,1.0
-70.70508575439453,2.8511080741882324,-304.74053955078125,0.0,2.107262534788925,0.0,1.0,0.938245433311981,1.0
-260.3581237792969,2.8511080741882324,-189.95895385742188,0.0,0.8111145675508342,0.0,1.0,1.081129864509467,1.0
-236.6192626953125,15.794498443603516,-81.41972351074219,0.0,0.8178044146707968,0.0,1.0,0.9324103886252434,1.0
-98.46347045898438,2.8511080741882324,-164.67701721191406,0.0,4.226614171681758,0.0,1.0,0.9007756824062236,1.0
-158.67149353027344,2.8511080741882324,-31.236862182617188,0.0,3.011983361106902,0.0,1.0,1.0346087249814728,1.0
-110.1129150390625,2.8511080741882324,-238.44146728515625,0.0,3.826666382789898,0.0,1.0,1.0507680699918571,1.0
198.1839599609375,2.8511080741882324,79.44596862792969,0.0,5.312308246355463,0.0,1.0,1.0368676783541813,1.0
104.48454284667969,2.8511080741882324,240.6220703125,0.0,6.00343317763611,0.0,1.0,1.002483572857932,1.0
-59.54633712768555,2.8511078357696533,-224.81729125976562,0.0,3.900789511191136,0.0,1.0,1.038508641536959,1.0
-61.62071990966797,2.8511080741882324,-285.56036376953125,0.0,2.6305342876963995,0.0,1.0,1.037647150538407,1.0
108.88462829589844,2.8511080741882324,-143.55088806152344,0.0,1.745232131851301,0.0,1.0,0.9996807841989968,1.0
173.66964721679688,2.8511080741882324,-59.31096649169922,0.0,5.244873234658076,0.0,1.0,0.9472902361366887,1.0
-192.48556518554688,5.1324591636657715,-225.6208038330078,0.0,2.4330631701250387,0.0,1.0,0.9587339497912817,1.0
-30.817481994628906,16.969715118408203,-243.13848876953125,0.0,3.1416104412901404,0.0,1.0,1.0047665924089053,1.0
16.241500854492188,16.902538299560547,-226.98672485351562,0.0,1.8923336204364378,0.0,1.0,0.9885926453805503,1.0
46.29410934448242,2.8511080741882324,30.737957000732422,0.0,4.222020459382061,0.0,1.0,0.9134447731298364,1.0
-252.49020385742188,2.8511078357696533,-156.42050170898438,0.0,1.9314139514703332,0.0,1.0,0.9529289503977819,1.0
41.77687072753906,2.8511080741882324,113.89454650878906,0.0,5.37536948155353,0.0,1.0,1.0226069682729526,1.0
1.7167372703552246,2.8511080741882324,13.851455688476562,0.0,5.247401034376816,0.0,1.0,1.0914002030831227,1.0
-95.38832092285156,2.8511080741882324,-35.56083679199219,0.0,5.725753967804531,0.0,1.0,1.064448488563146,1.0
18.68349266052246,16.902538299560547,-215.67648315429688,0.0,3.686556249373825,0.0,1.0,1.07402304601638,1.0
112.00643157958984,2.8511078357696533,0.9941611289978027,0.0,2.136775752418004,0.0,1.0,1.0771921639356101,1.0
118.90811157226562,2.8511080741882324,-17.706071853637695,0.0,0.5215559402448027,0.0,1.0,0.9896322783299049,1.0
-250.8871612548828,2.8511080741882324,-8.571097373962402,0.0,5.730246879212547,0.0,1.0,0.9225739488674738,1.0
110.99610900878906,2.8511083126068115,84.20744323730469,0.0,5.741888655934162,0.0,1.0,1.031052688686147,1.0
123.02311706542969,2.8511080741882324,-2.925779342651367,0.0,5.822639440514436,0.0,1.0,0.9735040869878199,1.0
18.03125762939453,2.8511078357696533,59.75626754760742,0.0,2.116207281816214,0.0,1.0,0.912168995181725,1.0
50.65713882446289,2.8511080741882324,215.8399200439453,0.0,1.6593343814890826,0.0,1.0,1.0052074419187504,1.0
145.807373046875,2.8511080741882324,173.7716064453125,0.0,5.6677481604930895,0.0,1.0,1.0249970240183452,1.0
38.47149658203125,2.8511080741882324,230.6916961669922,0.0,5.320820041611479,0.0,1.0,0.9977112327712074,1.0
205.02523803710938,2.8511080741882324,57.971046447753906,0.0,1.7669490644047952,0.0,1.0,1.0026818350535742,1.0
-55.12744903564453,2.8511080741882324,-289.7744445800781,0.0,2.101209902058226,0.0,1.0,1.0718494831714447,1.0
199.5413360595703,2.8511080741882324,64.99259948730469,0.0,2.0092018728552645,0.0,1.0,0.9717924420059126,1.0
-195.42437744140625,2.8511080741882324,-136.24200439453125,0.0,0.22184821062520121,0.0,1.0,0.9710443873995535,1.0
214.69876098632812,2.8511080741882324,67.2102279663086,0.0,0.4652249769710687,0.0,1.0,0.9613797258816578,1.0
233.03814697265625,2.8511080741882324,142.0641632080078,0.0,1.7915945286171642,0.0,1.0,0.9078209337741987,1.0
120.3169174194336,2.8511080741882324,199.66436767578125,0.0,2.735615608043523,0.0,1.0,0.9007200652086296,1.0
135.24197387695312,2.8511078357696533,-122.86894226074219,0.0,5.434800776629288,0.0,1.0,0.9502849802497989,1.0
-157.21524047851562,2.8511080741882324,-208.7259979248047,0.0,3.193121531929135,0.0,1.0,0.9961667617857652,1.0
153.68756103515625,2.8511080741882324,-109.75094604492188,0.0,3.860708049139527,0.0,1.0,1.0449183104160615,1.0
-284.552001953125,2.8511080741882324,-60.154232025146484,0.0,1.875946136938587,0.0,1.0,0.9014115509353365,1.0
-235.6315155029297,18.12160873413086,-57.74083709716797,0.0,5.504960412689162,0.0,1.0,1.073797104837758,1.0
-250.42213439941406,16.58707618713379,-76.62930297851562,0.0,5.3518277635656295,0.0,1.0,1.060609479153297,1.0
-306.5997009277344,2.8511080741882324,-51.16027069091797,0.0,1.2948622177002052,0.0,1.0,0.9402130558343417,1.0
-140.37997436523438,2.8511080741882324,-211.16360473632812,0.0,4.686342429151155,0.0,1.0,0.9667485154558453,1.0
-55.74640655517578,16.716083526611328,-272.0762634277344,0.0,4.391785307396178,0.0,1.0,1.022642222800492,1.0
207.97283935546875,2.8511080741882324,7.625522613525391,0.0,3.4869245620354947,0.0,1.0,1.0425347924691957,1.0
-147.85911560058594,2.8511078357696533,-74.28843688964844,0.0,5.3136611544652,0.0,1.0,0.9150302784969563,1.0
-225.1796112060547,2.8511080741882324,108.9434585571289,0.0,4.039115121914234,0.0,1.0,1.098942887396975,1.0
-238.2692413330078,17.190927505493164,-71.448974609375,0.0,3.3998667350142298,0.0,1.0,0.9695320972328444,1.0
116.08912658691406,2.8511080741882324,223.766357421875,0.0,2.7425401358811348,0.0,1.0,0.9547999055279435,1.0
111.43824768066406,2.8511080741882324,-252.29312133789062,0.0,1.170922757836017,0.0,1.0,0.9362002962475745,1.0
4.815682411193848,14.56648063659668,-199.85154724121094,0.0,2.1327358966792658,0.0,1.0,1.0343988631712444,1.0
189.54022216796875,2.8511080741882324,236.86862182617188,0.0,5.901484508932331,0.0,1.0,1.033793037674989,1.0
182.805908203125,2.8511080741882324,-30.24475860595703,0.0,4.197871261870541,0.0,1.0,1.0192544030593902,1.0
2.0522842407226562,2.8511080741882324,-65.89032745361328,0.0,4.5461599269986355,0.0,1.0,0.947539914564847,1.0
50.1937255859375,2.8511080741882324,148.85179138183594,0.0,2.133418354784672,0.0,1.0,1.0926966335220856,1.0
-140.19482421875,2.8511080741882324,-181.72201538085938,0.0,4.045506586420804,0.0,1.0,1.0351457381829088,1.0
173.33203125,2.8511080741882324,15.308578491210938,0.0,1.7100617870088763,0.0,1.0,1.0950360263899306,1.0
-236.56658935546875,2.8511080741882324,-271.6923828125,0.0,1.2015971000317056,0.0,1.0,0.9623597491687323,1.0
146.83937072753906,2.8511080741882324,-189.27862548828125,0.0,2.4872448143283714,0.0,1.0,1.0987650710414603,1.0
-226.64791870117188,15.222345352172852,-76.51376342773438,0.0,3.9718410813889182,0.0,1.0,1.0939032068188994,1.0
170.8407440185547,2.8511080741882324,-219.91387939453125,0.0,0.2443216687187598,0.0,1.0,0.9215187529130605,1.0
107.43501281738281,2.8511080741882324,212.39544677734375,0.0,1.2775665272580548,0.0,1.0,0.9654463936427028,1.0
-220.29718017578125,15.514986038208008,-160.95977783203125,0.0,2.8708324631398465,0.0,1.0,0.9810288601415186,1.0
-245.50286865234375,16.379732131958008,-81.64204406738281,0.0,2.7190670545356643,0.0,1.0,1.0226279482030631,1.0
157.30213928222656,2.8511080741882324,-158.51400756835938,0.0,3.147635627001446,0.0,1.0,1.061299435917066,1.0
169.51052856445312,2.8511080741882324,-93.7245864868164,0.0,5.852562251853855,0.0,1.0,0.9326672534442896,1.0
-31.07610321044922,2.8511080741882324,-264.78729248046875,0.0,2.1118882579720615,0.0,1.0,0.9451429331454373,1.0
157.62326049804688,2.8511080741882324,-189.78884887695312,0.0,0.8461173216025425,0.0,1.0,0.9495089431078164,1.0
138.65777587890625,2.8511080741882324,-206.3044891357422,0.0,5.696864326815345,0.0,1.0,1.034296448132911,1.0
168.3026885986328,2.8511080741882324,-151.95721435546875,0.0,3.817580501513365,0.0,1.0,1.0484798025232465,1.0
68.10133361816406,2.8511080741882324,-122.5049057006836,0.0,6.045116403981758,0.0,1.0,0.9395809788438876,1.0
101.43136596679688,2.8511080741882324,42.345550537109375,0.0,5.605949186436222,0.0,1.0,0.9050131094295262,1.0
188.11160278320312,2.8511080741882324,9.95663070678711,0.0,4.33240263483918,0.0,1.0,1.0377801190366118,1.0
-16.84089469909668,14.044092178344727,-198.71688842773438,0.0,4.036545955712242,0.0,1.0,0.919462246555229,1.0
-308.7136535644531,2.8511080741882324,-116.12041473388672,0.0,0.9807415759878276,0.0,1.0,0.9161258430403796,1.0
178.05030822753906,2.8511080741882324,-79.61943054199219,0.0,6.201728178108792,0.0,1.0,1.0899438569886217,1.0
152.49078369140625,2.8511080741882324,-199.93649291992188,0.0,0.7712312665509553,0.0,1.0,0.9480678206109725,1.0
80.68057250976562,2.8511080741882324,-45.800628662109375,0.0,5.67510724050982,0.0,1.0,0.9528293250209975,1.0
225.2497100830078,2.8511080741882324,195.1016082763672,0.0,5.592071812607892,0.0,1.0,1.0526809192785564,1.0
147.98866271972656,2.8511080741882324,-237.10891723632812,0.0,1.6427328778076722,0.0,1.0,0.9209243403064787,1.0
110.0203857421875,2.8511080741882324,-45.764137268066406,0.0,4.820102432234391,0.0,1.0,0.9586905181769156,1.0
161.7656707763672,2.8511080741882324,-37.53868865966797,0.0,0.4786324731988814,0.0,1.0,0.9993277752695184,1.0
194.06954956054688,2.8511080741882324,5.793205261230469,0.0,5.39307691897045,0.0,1.0,1.05435409474955,1.0
158.69155883789062,2.8511080741882324,-148.01284790039062,0.0,2.852796241236717,0.0,1.0,0.9706493249165775,1.0
199.300048828125,2.8511080741882324,-85.75552368164062,0.0,4.45549306231383,0.0,1.0,0.9478692545519285,1.0
151.63046264648438,2.8511080741882324,-185.53695678710938,0.0,1.0125356434942887,0.0,1.0,0.9220122664667624,1.0
88.40111541748047,2.8511080741882324,213.56480407714844,0.0,2.944423401572818,0.0,1.0,1.0437976233047976,1.0
136.14634704589844,2.8511080741882324,-224.43325805664062,0.0,4.132699544556734,0.0,1.0,0.9648673037547576,1.0
-300.51904296875,2.8511080741882324,13.362930297851562,0.0,3.289994948394937,0.0,1.0,0.9976764272495418,1.0
-204.3738555908203,15.312414169311523,-134.04022216796875,0.0,3.7394846991244037,0.0,1.0,1.0041265716787362,1.0
-2.727405548095703,2.8511080741882324,-289.1966247558594,0.0,6.217655814767011,0.0,1.0,0.9105208217689342,1.0
133.26956176757812,2.8511080741882324,-240.2777862548828,0.0,2.7236695520053593,0.0,1.0,1.0362636479359686,1.0
112.48123931884766,2.8511080741882324,-276.235595703125,0.0,5.262724767113251,0.0,1.0,0.9456410896707347,1.0
-257.7552185058594,32.436676025390625,60.543521881103516,0.0,2.0785991144832057,0.0,1.0,1.082984120958079,1.0
48.2755241394043,2.8511080741882324,124.74494934082031,0.0,0.5436265487638794,0.0,1.0,1.0699986301794153,1.0
-115.94759368896484,2.8511080741882324,-236.53924560546875,0.0,1.6602305324711697,0.0,1.0,0.9785865227312464,1.0
111.60047149658203,2.8511080741882324,-290.4332275390625,0.0,0.47525897121976685,0.0,1.0,1.0552761964840327,1.0
203.64178466796875,2.8511080741882324,0.540374755859375,0.0,4.245553311524326,0.0,1.0,0.9865694283305922,1.0
-205.79275512695312,2.8511080741882324,-193.31980895996094,0.0,4.270205769632118,0.0,1.0,0.9356272988770087,1.0
-42.94947052001953,16.63300323486328,-272.80865478515625,0.0,1.4268905189728707,0.0,1.0,1.069565384058956,1.0
203.84642028808594,2.8511080741882324,219.2692413330078,0.0,1.3010621434217868,0.0,1.0,0.930913425300584,1.0
7.617807388305664,2.8511080741882324,59.954437255859375,0.0,5.672101077901359,0.0,1.0,0.9457121060363232,1.0
142.07801818847656,2.8511080741882324,45.7677116394043,0.0,4.746947305600051,0.0,1.0,0.9522005328446316,1.0
187.61697387695312,2.8511080741882324,226.21307373046875,0.0,1.9211464871803021,0.0,1.0,0.9257924018895608,1.0
211.8955841064453,2.8511080741882324,188.39334106445312,0.0,0.12116255753082845,0.0,1.0,0.9187032505806225,1.0
102.29524230957031,2.8511080741882324,-268.8973693847656,0.0,5.992622774281955,0.0,1.0,1.06061955576026,1.0
32.22709655761719,2.8511080741882324,162.03924560546875,0.0,6.132925270752301,0.0,1.0,1.0390653683119748,1.0
163.79701232910156,2.8511080741882324,-194.5904541015625,0.0,1.7061174828521357,0.0,1.0,0.9975303553821621,1.0
-105.28784942626953,2.8511080741882324,-209.82362365722656,0.0,4.505578347127515,0.0,1.0,0.9213022660303359,1.0
-143.36605834960938,2.8511080741882324,-294.5054931640625,0.0,2.6169172224842776,0.0,1.0,0.9749345174146634,1.0
-285.4952392578125,32.21684265136719,-92.89163208007812,0.0,1.2444553437404395,0.0,1.0,1.0961162795013566,1.0
32.855445861816406,2.8511080741882324,212.42686462402344,0.0,0.5370207781649293,0.0,1.0,1.041833799468875,1.0
-78.01012420654297,2.8511080741882324,-147.944091796875,0.0,5.4470434043156715,0.0,1.0,0.994117362451093,1.0
-11.699296951293945,22.69717788696289,-243.24832153320312,0.0,1.4684990075458029,0.0,1.0,0.9936481613253425,1.0
115.00531768798828,2.8511080741882324,-109.67799377441406,0.0,5.659497826500079,0.0,1.0,1.0523736191495836,1.0
-40.118717193603516,16.741310119628906,-298.8566589355469,0.0,0.6241014076236584,0.0,1.0,1.069464837191422,1.0
-239.62997436523438,19.67517852783203,-53.11909866333008,0.0,5.428796001364268,0.0,1.0,0.9488108275738365,1.0
-81.1624526977539,2.8511080741882324,-199.5360107421875,0.0,0.9074764540476171,0.0,1.0,1.0713026429016053,1.0
-88.77532958984375,2.8511080741882324,-202.38534545898438,0.0,2.7470333746348197,0.0,1.0,0.9273855500536529,1.0
-128.9219512939453,2.8511080741882324,-103.10531616210938,0.0,2.8199152148598685,0.0,1.0,0.9389279498348796,1.0
-234.12632751464844,2.8511080741882324,-199.9467010498047,0.0,5.0171111687060455,0.0,1.0,1.007017155419812,1.0
27.316776275634766,2.8511080741882324,131.37876892089844,0.0,4.447917468466874,0.0,1.0,1.0809442249462033,1.0
-159.73373413085938,2.8511080741882324,-59.38681411743164,0.0,0.18232592365929276,0.0,1.0,0.9472476717946613,1.0
2.1638340950012207,2.8511080741882324,120.25578308105469,0.0,1.5660344705365792,0.0,1.0,1.0078577613510795,1.0
262.2566833496094,2.8511080741882324,-79.98265075683594,0.0,2.6661343258306864,0.0,1.0,1.089576770584655,1.0
192.94866943359375,2.8511080741882324,42.20045471191406,0.0,5.207015933640125,0.0,1.0,0.9810537511185026,1.0
-250.91688537597656,2.8511080741882324,124.01986694335938,0.0,3.505231500036088,0.0,1.0,0.9760602183998716,1.0
11.676791191101074,2.8511080741882324,112.45907592773438,0.0,1.3246635061857586,0.0,1.0,1.0836412010476693,1.0
-80.50001525878906,2.8511080741882324,-187.190185546875,0.0,6.0409297481107975,0.0,1.0,1.0452226137713119,1.0
10.454814910888672,2.8511080741882324,106.32260131835938,0.0,0.8285472589242284,0.0,1.0,1.0861228302684938,1.0
-57.54093933105469,16.71612548828125,-293.6617736816406,0.0,0.09931787453989918,0.0,1.0,1.0472043631049661,1.0
-54.93431854248047,16.697063446044922,-283.47125244140625,0.0,4.661574504661249,0.0,1.0,1.0330550435810992,1.0
-198.1836395263672,14.982674598693848,-137.02821350097656,0.0,2.0084655774361435,0.0,1.0,0.9970757330495653,1.0
12.33634090423584,2.8511080741882324,120.66277313232422,0.0,1.8486475684165355,0.0,1.0,0.9249327361595149,1.0
-104.36835479736328,2.8511080741882324,-260.65966796875,0.0,4.782170885224543,0.0,1.0,1.0514907807944407,1.0
-110.04373931884766,2.8511080741882324,-123.01303100585938,0.0,3.504231591875555,0.0,1.0,1.0296203403787296,1.0
14.929658889770508,2.8511080741882324,-157.67938232421875,0.0,3.687325209607913,0.0,1.0,0.9037750416954367,1.0
-192.26559448242188,14.6070556640625,-138.2949981689453,0.0,0.14808395246861683,0.0,1.0,0.9766547346457258,1.0
-113.85897064208984,2.8511080741882324,-138.7247314453125,0.0,1.3407917669266174,0.0,1.0,0.9057883094055799,1.0
-69.30818176269531,2.8511080741882324,-209.9419403076172,0.0,0.008712633538171735,0.0,1.0,1.0852093727312981,1.0
-145.73731994628906,2.8511078357696533,-110.41130065917969,0.0,0.37620302268858913,0.0,1.0,1.094441427629898,1.0
184.72940063476562,2.8511080741882324,-143.86070251464844,0.0,2.2093140530827355,0.0,1.0,0.9881472803669871,1.0
217.28814697265625,2.8511080741882324,-113.31246948242188,0.0,4.750419675903309,0.0,1.0,1.0189954219594248,1.0
-232.64193725585938,14.902621269226074,-88.19369506835938,0.0,0.4303155333986311,0.0,1.0,1.027666630641467,1.0
229.03335571289062,2.8511080741882324,-79.06602478027344,0.0,4.216788116000856,0.0,1.0,0.9281157929664977,1.0
208.14361572265625,2.8511083126068115,-102.48703002929688,0.0,5.232930732182611,0.0,1.0,0.9869101329593073,1.0
-254.7352294921875,17.144489288330078,-66.32308197021484,0.0,4.980377881798936,0.0,1.0,0.9923836743510248,1.0
185.1228790283203,2.8511080741882324,-118.04664611816406,0.0,0.4165898991481169,0.0,1.0,0.9503458965566892,1.0
202.21121215820312,2.8511080741882324,-148.33425903320312,0.0,5.623199468939727,0.0,1.0,1.0799744463407954,1.0
-28.434629440307617,2.8511080741882324,-149.3212127685547,0.0,1.1197386344905995,0.0,1.0,1.0350074765237247,1.0
-273.3624267578125,32.23603057861328,-105.71173095703125,0.0,4.4503206743975685,0.0,1.0,0.991780100653189,1.0
-301.0386047363281,2.8511083126068115,19.473819732666016,0.0,5.933558450081373,0.0,1.0,1.0833180959137259,1.0
-281.9590148925781,32.601234436035156,36.78837585449219,0.0,4.779587978287426,0.0,1.0,1.024403098274603,1.0
-64.24354553222656,16.747159957885742,-282.3929748535156,0.0,1.892749704165029,0.0,1.0,0.9816803928329552,1.0
-24.840471267700195,2.8511080741882324,-193.69944763183594,0.0,0.5253463062683991,0.0,1.0,1.033147205110784,1.0
201.71673583984375,2.8511083126068115,-124.24050903320312,0.0,5.174618961303688,0.0,1.0,0.9443816941637715,1.0
-131.31448364257812,2.8511080741882324,-323.0617980957031,0.0,1.3353858486179109,0.0,1.0,0.9756069296419968,1.0
-50.29661560058594,2.8511078357696533,-308.08392333984375,0.0,4.975745051809327,0.0,1.0,0.9649035124306066,1.0
-47.88484191894531,16.656070709228516,-277.91796875,0.0,1.517538328080869,0.0,1.0,1.0737640850745065,1.0
-144.14462280273438,2.8511080741882324,-164.4395294189453,0.0,3.6443898350600104,0.0,1.0,0.9327825171962884,1.0
192.0071563720703,2.8511083126068115,-97.16221618652344,0.0,6.05522225239406,0.0,1.0,1.016348208224302,1.0
186.81265258789062,2.8511080741882324,-44.327816009521484,0.0,1.4776462743564656,0.0,1.0,0.9692504262028733,1.0
-236.59776306152344,2.8511080741882324,135.0225372314453,0.0,5.262195391967204,0.0,1.0,1.0110797251019106,1.0
-61.42179489135742,2.8511080741882324,-187.43678283691406,0.0,1.8898834897697174,0.0,1.0,0.9771186038996776,1.0
101.21394348144531,2.8511080741882324,-112.51089477539062,0.0,6.0748586613480455,0.0,1.0,0.9437840024977471,1.0
-233.9611358642578,2.8511080741882324,-8.5642671585083,0.0,1.3335563356320348,0.0,1.0,1.0985018278008627,1.0
4.67868185043335,2.8511080741882324,108.95394897460938,0.0,3.769331603254526,0.0,1.0,0.951366071656801,1.0
7.603782653808594,16.902538299560547,-237.18792724609375,0.0,2.281587050218668,0.0,1.0,1.0638605355939914,1.0
-20.417652130126953,17.059940338134766,-275.0208740234375,0.0,1.6374428588361207,0.0,1.0,0.9798035351117516,1.0
-277.023193359375,32.70624542236328,51.024192810058594,0.0,2.123971718445282,0.0,1.0,0.9059572546562723,1.0
164.96636962890625,2.8511083126068115,-145.7843780517578,0.0,3.7287383442324797,0.0,1.0,1.0209312165126028,1.0
-17.39558982849121,2.8511080741882324,-323.8929443359375,0.0,1.8443947589895968,0.0,1.0,1.0495351234479735,1.0
48.911922454833984,2.8511080741882324,208.79612731933594,0.0,5.16009582928887,0.0,1.0,1.0379559243622432,1.0
-52.423606872558594,2.8511080741882324,-124.50518798828125,0.0,3.262149831059126,0.0,1.0,1.0840268808569828,1.0
150.36636352539062,2.8511080741882324,169.77015686035156,0.0,3.90650602300882,0.0,1.0,0.9063579584171879,1.0
-273.9528503417969,32.619712829589844,-58.17473220825195,0.0,4.017906022686184,0.0,1.0,1.0022655312142283,1.0
-132.6428680419922,2.8511080741882324,-134.405517578125,0.0,2.2211022239020286,0.0,1.0,0.948348698847363,1.0
-189.00086975097656,15.21112060546875,-146.15423583984375,0.0,1.6010828311719978,0.0,1.0,0.9536208632852997,1.0
187.11248779296875,2.8511080741882324,-123.78099060058594,0.0,1.1325863233756877,0.0,1.0,0.9675249824715123,1.0
233.4512939453125,2.8511083126068115,-73.94463348388672,0.0,2.1252448900944243,0.0,1.0,1.0237922850514471,1.0
185.8153533935547,2.8511080741882324,-172.88504028320312,0.0,4.558937484120142,0.0,1.0,0.9291685222431766,1.0
-226.29991149902344,2.8511080741882324,8.796960830688477,0.0,3.453661155253452,0.0,1.0,1.0354417145198402,1.0
139.20559692382812,2.8511080741882324,-230.379638671875,0.0,1.7788786937311598,0.0,1.0,1.0726749351025882,1.0
188.59181213378906,2.8511080741882324,-106.8335952758789,0.0,5.044130048748662,0.0,1.0,1.00994463572763,1.0
229.55215454101562,2.8511080741882324,59.37379455566406,0.0,4.341262299187006,0.0,1.0,1.0755202214703183,1.0
248.75650024414062,2.8511080741882324,-37.41832733154297,0.0,5.865649015417769,0.0,1.0,0.9828901155652642,1.0
-280.7455139160156,2.8511080741882324,17.843826293945312,0.0,4.609118474307401,0.0,1.0,0.9999518165220573,1.0
150.5314483642578,2.8511080741882324,-208.48947143554688,0.0,4.244552845320694,0.0,1.0,1.067043073875523,1.0
149.05996704101562,2.8511080741882324,-61.94927978515625,0.0,0.8571433489796724,0.0,1.0,0.9652526493215184,1.0
-111.39667510986328,2.8511080741882324,-170.19342041015625,0.0,2.3910791832477463,0.0,1.0,1.0892135715222848,1.0
54.69004440307617,2.8511080741882324,109.42868041992188,0.0,2.67377789979898,0.0,1.0,1.0074926037071474,1.0
226.6285858154297,2.8511080741882324,-67.68937683105469,0.0,0.455513640982102,0.0,1.0,1.0726117318267738,1.0
13.971683502197266,2.8511080741882324,149.59329223632812,0.0,3.1503419299460367,0.0,1.0,1.0072866792455322,1.0
192.28945922851562,2.8511080741882324,-157.04312133789062,0.0,4.689829159092322,0.0,1.0,1.0202331960615534,1.0
-141.55807495117188,2.8511083126068115,-72.99029541015625,0.0,1.1502089670696607,0.0,1.0,1.0212007697140564,1.0
133.97584533691406,2.8511080741882324,-39.68048858642578,0.0,6.100188681961424,0.0,1.0,0.909110245853284,1.0
-129.43797302246094,2.8511080741882324,-196.29339599609375,0.0,0.1986810791496959,0.0,1.0,0.9568662553048809,1.0
215.6145477294922,2.8511078357696533,-71.95542907714844,0.0,2.331088240573446,0.0,1.0,0.9452669404006675,1.0
118.4349594116211,2.8511080741882324,13.55325984954834,0.0,5.732227434989414,0.0,1.0,0.9532191737484432,1.0
-224.64077758789062,2.8511080741882324,-0.6896359920501709,0.0,3.3531632619201615,0.0,1.0,0.9028306848240184,1.0
17.37617301940918,2.8511080741882324,116.882080078125,0.0,4.622685205828436,0.0,1.0,0.9384615947151806,1.0
-206.42373657226562,5.791957855224609,-225.3128204345703,0.0,5.541162537104367,0.0,1.0,1.0991607332745092,1.0
221.33718872070312,2.8511080741882324,207.5841522216797,0.0,1.0108093775397924,0.0,1.0,1.0451894061112437,1.0
201.4554901123047,2.8511080741882324,-102.13929748535156,0.0,4.317534036490147,0.0,1.0,1.0808447588216987,1.0
181.34559631347656,2.8511080741882324,-155.46066284179688,0.0,0.48504032447779183,0.0,1.0,1.0540059815020242,1.0
-222.91876220703125,5.795994758605957,-235.16250610351562,0.0,2.7170076538835364,0.0,1.0,0.9379952468414844,1.0
164.62481689453125,2.8511080741882324,-166.6658935546875,0.0,4.939290973624632,0.0,1.0,0.9466816308885265,1.0
13.06066608428955,16.902538299560547,-232.38894653320312,0.0,6.0770070276804375,0.0,1.0,1.0118560216055983,1.0
181.6906280517578,2.8511080741882324,-133.8085479736328,0.0,0.8293640915503493,0.0,1.0,1.0937359903318362,1.0
189.42721557617188,2.8511080741882324,-1.8000640869140625,0.0,6.0832957667763425,0.0,1.0,1.0071591377905245,1.0
-58.80274200439453,2.8511080741882324,-175.240478515625,0.0,2.234135851990321,0.0,1.0,0.9382926323038798,1.0
165.68536376953125,2.8511080741882324,-12.624935150146484,0.0,5.671076242949264,0.0,1.0,0.9660195654422967,1.0
187.6895294189453,2.8511080741882324,-185.6614227294922,0.0,3.212806741821063,0.0,1.0,1.0908882521635428,1.0
42.00571060180664,2.8511080741882324,164.54127502441406,0.0,2.881675332841195,0.0,1.0,0.9240006102637054,1.0
142.8487548828125,2.8511080741882324,215.1330108642578,0.0,0.6968592592056567,0.0,1.0,1.075100713824584,1.0
-67.72007751464844,2.8511080741882324,-154.04443359375,0.0,0.2350328999914015,0.0,1.0,1.0816683489567827,1.0
-103.6595230102539,2.8511080741882324,-147.15660095214844,0.0,4.620063620997473,0.0,1.0,1.095714017836577,1.0
-254.11061096191406,2.8511080741882324,-150.54006958007812,0.0,1.4573980231615524,0.0,1.0,1.0450559119475376,1.0
-24.877656936645508,16.871131896972656,-290.6451721191406,0.0,0.11404120056285501,0.0,1.0,1.0479444538029798,1.0
211.6279296875,2.8511080741882324,-109.72378540039062,0.0,0.6444368097459038,0.0,1.0,0.9863637545325793,1.0
98.11257934570312,2.8511080741882324,-104.77401733398438,0.0,2.3134775850608764,0.0,1.0,0.9353650506572245,1.0
-94.75668334960938,2.8511080741882324,-131.21527099609375,0.0,2.1062690121071825,0.0,1.0,0.9526749631558491,1.0
221.20364379882812,2.8511080741882324,-100.08683013916016,0.0,1.4389208869305556,0.0,1.0,1.072242753206368,1.0
-234.0754852294922,2.8511080741882324,-254.266845703125,0.0,1.8904794250329657,0.0,1.0,0.9524760967848129,1.0
132.5221405029297,2.8511080741882324,-185.13377380371094,0.0,1.3645868595055457,0.0,1.0,0.9334147915163168,1.0
-15.762002944946289,2.8511080741882324,-107.6124496459961,0.0,1.4543705172893049,0.0,1.0,0.9451711245785394,1.0
96.61509704589844,2.8511083126068115,215.69854736328125,0.0,1.8827997515642072,0.0,1.0,1.0828873128870642,1.0
-200.14907836914062,5.787276268005371,-221.87841796875,0.0,1.3254631926224445,0.0,1.0,1.0082391411902034,1.0
-224.91311645507812,14.967353820800781,-112.1663818359375,0.0,5.627649416107194,0.0,1.0,0.9468056109485504,1.0
-278.09259033203125,32.235198974609375,-88.4923095703125,0.0,0.5552633104608963,0.0,1.0,1.0934790942917774,1.0
176.87884521484375,2.8511080741882324,-203.28591918945312,0.0,6.264296875240332,0.0,1.0,1.0407968937433363,1.0
-275.834716796875,31.944110870361328,-9.89792537689209,0.0,4.337188036701039,0.0,1.0,1.013411715945909,1.0
-236.5631103515625,32.00551986694336,-1.648503303527832,0.0,4.769848850378191,0.0,1.0,1.0251761098649763,1.0
-261.5977478027344,2.8511080741882324,-165.97726440429688,0.0,4.820461604590458,0.0,1.0,1.0491500047908537,1.0
-3.460810661315918,2.8511080741882324,-169.02969360351562,0.0,6.19262064839551,0.0,1.0,0.9895403220329204,1.0
-125.70436096191406,2.8511080741882324,-111.70735931396484,0.0,3.610933283950035,0.0,1.0,0.976428732501239,1.0
177.08375549316406,2.8511080741882324,234.6588134765625,0.0,4.85543137039364,0.0,1.0,0.9644593215472576,1.0
237.85227966308594,2.8511080741882324,-145.45480346679688,0.0,5.779458230242729,0.0,1.0,1.089175609398217,1.0
184.59153747558594,2.8511080741882324,232.8973846435547,0.0,0.46429352661756423,0.0,1.0,0.9777407790536385,1.0
161.44131469726562,2.8511080741882324,-183.57928466796875,0.0,3.457980082964355,0.0,1.0,0.9514547179845669,1.0
-119.33125305175781,2.8511083126068115,-30.65304183959961,0.0,0.46239800768096423,0.0,1.0,0.9310726463967332,1.0
216.14498901367188,2.8511080741882324,-92.53679656982422,0.0,3.7000043624334387,0.0,1.0,1.0917408991001454,1.0
193.66815185546875,2.8511080741882324,-141.14300537109375,0.0,0.5794296589576735,0.0,1.0,0.9926388713068731,1.0
-193.83946228027344,2.8511080741882324,-37.613040924072266,0.0,1.5354900081283878,0.0,1.0,1.0126445221172333,1.0
-240.72120666503906,31.5932559967041,-6.045922756195068,0.0,0.36452524579029105,0.0,1.0,0.9757230757626657,1.0
-111.011962890625,2.8511080741882324,-205.38050842285156,0.0,3.0124043614130827,0.0,1.0,1.0921227674961311,1.0
-205.28924560546875,15.031729698181152,-120.11429595947266,0.0,0.7638538103614236,0.0,1.0,1.0153998668508044,1.0
5.389333248138428,2.8511080741882324,140.80789184570312,0.0,1.265495880639983,0.0,1.0,0.9453334811518781,1.0
146.77862548828125,2.8511080741882324,-226.7935791015625,0.0,4.603383840628997,0.0,1.0,1.0172050149830707,1.0
-266.9841613769531,32.043983459472656,-7.29158878326416,0.0,3.7577005482004693,0.0,1.0,1.0226165366846527,1.0
-14.090681076049805,16.909996032714844,-278.6121826171875,0.0,2.801526090442634,0.0,1.0,1.0317261442329857,1.0
204.76568603515625,2.8511080741882324,-117.42760467529297,0.0,4.328133832380642,0.0,1.0,1.011608457864704,1.0
-56.30864334106445,2.8511080741882324,-147.442626953125,0.0,3.800146236577349,0.0,1.0,1.0091550397809916,1.0
72.63074493408203,2.8511080741882324,244.7831268310547,0.0,4.0957886678592645,0.0,1.0,0.9672084412200369,1.0
-128.0277099609375,2.8511080741882324,-150.2203826904297,0.0,4.373394476592945,0.0,1.0,0.9678605698746533,1.0
-241.83680725097656,2.8511078357696533,-184.13861083984375,0.0,5.693790944463264,0.0,1.0,1.0585218603702502,1.0
-55.482582092285156,15.73044204711914,-252.8599395751953,0.0,1.5043076783041753,0.0,1.0,1.00131675836308,1.0
-142.18133544921875,2.8511080741882324,-188.39407348632812,0.0,1.1827673253040656,0.0,1.0,0.9427120742863934,1.0
-272.9559631347656,2.8511080741882324,-87.80146026611328,0.0,5.257298352342595,0.0,1.0,1.0731182164966506,1.0
149.1064910888672,2.8511080741882324,272.2396240234375,0.0,4.114634530011788,0.0,1.0,1.0739883760545488,1.0
-83.43833923339844,2.8511080741882324,-216.53280639648438,0.0,0.7872426815115424,0.0,1.0,0.9531130714443247,1.0
-237.47250366210938,32.72256851196289,4.400274276733398,0.0,5.138391275586748,0.0,1.0,0.9137926765235781,1.0
-84.82327270507812,2.8511080741882324,-161.758544921875,0.0,4.407736562393356,0.0,1.0,0.9835862452414169,1.0
84.27471923828125,2.8511080741882324,-161.98599243164062,0.0,0.7252784652883534,0.0,1.0,1.0310568646284433,1.0
30.22545623779297,2.8511080741882324,-185.71267700195312,0.0,0.9931065845450746,0.0,1.0,0.9027686185601514,1.0
-77.3696517944336,2.8511080741882324,-205.0530548095703,0.0,6.081735510087278,0.0,1.0,1.036496662712015,1.0
-79.30146026611328,2.8511080741882324,-301.81768798828125,0.0,3.9184613036933964,0.0,1.0,1.0840510019816685,1.0
-63.100738525390625,16.421466827392578,-268.0793151855469,0.0,5.643213161705032,0.0,1.0,1.0296399971754975,1.0
93.7904281616211,2.8511080741882324,-59.896141052246094,0.0,4.622179738556482,0.0,1.0,1.0395523909747888,1.0
-256.13031005859375,2.8511080741882324,-252.68905639648438,0.0,4.736694923799076,0.0,1.0,1.0211746836482463,1.0
-262.537841796875,29.92218017578125,-24.845462799072266,0.0,4.4218376321921875,0.0,1.0,0.9808801022645053,1.0
-229.48699951171875,2.8511080741882324,-58.77963638305664,0.0,0.02272779717767037,0.0,1.0,1.074783921025844,1.0
18.317861557006836,16.88680076599121,-242.5682373046875,0.0,4.5363587681216,0.0,1.0,1.0474464765036158,1.0
86.12841796875,2.8511080741882324,44.33161544799805,0.0,2.1549065909510396,0.0,1.0,1.0058299152785328,1.0
-270.2994384765625,32.757720947265625,-1.7442454099655151,0.0,1.51834759340796,0.0,1.0,1.0691699005347874,1.0
129.02883911132812,2.8511080741882324,46.97613525390625,0.0,2.922471413308226,0.0,1.0,1.000004935611083,1.0
12.10304069519043,16.90066909790039,-243.470947265625,0.0,0.7714078284999809,0.0,1.0,0.9504565673085663,1.0
-86.33779907226562,2.8511078357696533,-266.4133605957031,0.0,3.962966241400388,0.0,1.0,0.9385154326144973,1.0
-261.39837646484375,31.22172737121582,-13.335244178771973,0.0,4.611369321526209,0.0,1.0,1.0201042306774513,1.0
119.0882568359375,2.8511080741882324,-257.7314758300781,0.0,3.1557640979229524,0.0,1.0,0.997164703013312,1.0
-99.459716796875,2.8511080741882324,-224.20919799804688,0.0,4.128452254725233,0.0,1.0,1.065011090728992,1.0
13.445711135864258,2.8511080741882324,-84.01504516601562,0.0,3.6731717711975245,0.0,1.0,1.081585885875103,1.0
-129.78530883789062,2.8511080741882324,-127.87516784667969,0.0,1.00079121022914,0.0,1.0,1.0478508179571424,1.0
-315.1095886230469,2.8511080741882324,-94.41364288330078,0.0,2.997432531091447,0.0,1.0,1.0308916295154749,1.0
63.709197998046875,2.8511080741882324,-109.81168365478516,0.0,2.542312979749458,0.0,1.0,0.9833084353863566,1.0
-259.2802429199219,2.8511083126068115,126.57258605957031,0.0,0.2179651275277926,0.0,1.0,1.0579460838105128,1.0
160.24087524414062,2.8511080741882324,-106.21954345703125,0.0,2.107414544156037,0.0,1.0,0.9526552492814396,1.0
-41.521453857421875,2.8511080741882324,-139.7575225830078,0.0,3.3713281361508955,0.0,1.0,0.9081047475466713,1.0
117.3941650390625,2.8511080741882324,-60.06727600097656,0.0,1.206022105340606,0.0,1.0,1.0284548654211272,1.0
-204.52818298339844,2.8511080741882324,-45.832054138183594,0.0,1.6841074682642465,0.0,1.0,1.0136378685727598,1.0
228.44198608398438,2.8511080741882324,-87.8819580078125,0.0,3.491522439607963,0.0,1.0,0.9766599445165896,1.0
271.1553039550781,2.8511080741882324,14.508198738098145,0.0,1.4431292560387932,0.0,1.0,0.9996231452659396,1.0
-199.4620819091797,13.9558687210083,-117.48538970947266,0.0,5.3568743360614315,0.0,1.0,1.0551333393248412,1.0
-238.9645538330078,2.8511080741882324,-73.51561737060547,0.0,1.7028619945031345,0.0,1.0,0.9511588976318387,1.0
-97.65202331542969,2.8511080741882324,-195.51475524902344,0.0,3.375915548727258,0.0,1.0,1.0745251536780112,1.0
-267.65234375,2.8511080741882324,-84.3848648071289,0.0,4.183730437080008,0.0,1.0,1.0843172436399642,1.0
-235.53570556640625,2.8511083126068115,-56.75901794433594,0.0,2.615851060734618,0.0,1.0,1.0733583964556193,1.0
-195.26931762695312,2.8511080741882324,129.4838104248047,0.0,1.1494839417536593,0.0,1.0,1.0906842579609553,1.0
49.499549865722656,2.8511080741882324,118.09907531738281,0.0,0.6464097415754998,0.0,1.0,1.0931376404700852,1.0
164.14718627929688,2.8511080741882324,-245.40682983398438,0.0,6.134951501071951,0.0,1.0,1.0284014736213078,1.0
-40.4761962890625,2.8511080741882324,-146.35321044921875,0.0,6.12891925171889,0.0,1.0,1.0886878763382537,1.0
167.8135986328125,2.8511080741882324,-52.532005310058594,0.0,3.232614127255086,0.0,1.0,0.9365604285451925,1.0
-60.61637496948242,2.8511080741882324,-329.1417541503906,0.0,2.0545045449818415,0.0,1.0,0.9142290810255742,1.0
-117.19571685791016,2.8511080741882324,-153.99554443359375,0.0,4.595245672316576,0.0,1.0,0.9828575645343165,1.0
-54.14616775512695,2.8511083126068115,-331.29803466796875,0.0,4.27574552165124,0.0,1.0,1.0863140449080881,1.0
-267.8294677734375,2.8511080741882324,-150.76402282714844,0.0,2.1203984940240987,0.0,1.0,0.9208499627591269,1.0
-91.99606323242188,31.319135665893555,-315.4826354980469,0.0,1.4830678986124641,0.0,1.0,0.9896495475384247,1.0
-89.35328674316406,2.8511080741882324,-305.0394287109375,0.0,2.2018598747191334,0.0,1.0,0.9087606898019477,1.0
-154.3979034423828,2.8511080741882324,-235.6746063232422,0.0,3.574744041046717,0.0,1.0,0.9644070879614587,1.0
-286.86419677734375,30.644023895263672,30.716766357421875,0.0,1.9377959364076731,0.0,1.0,0.9156528577547162,1.0
-131.5810546875,2.687429666519165,-274.8605041503906,0.0,0.345559550587885,0.0,1.0,0.9059313050403655,1.0
-217.10360717773438,2.8511080741882324,60.573387145996094,0.0,4.136435545823075,0.0,1.0,1.0278641897306962,1.0
-225.13717651367188,2.8511080741882324,-269.730712890625,0.0,5.374741356176979,0.0,1.0,0.9868200596041696,1.0
-282.5841979980469,2.8511078357696533,-88.05451965332031,0.0,2.719434335879396,0.0,1.0,1.0646356123189773,1.0
56.83939743041992,2.8511080741882324,239.4221954345703,0.0,3.6981530861267045,0.0,1.0,0.9345600768360276,1.0
-28.20855140686035,2.8511080741882324,-323.6860656738281,0.0,3.8946229975780455,0.0,1.0,0.9768406793188094,1.0
-194.52545166015625,2.8511080741882324,-152.40931701660156,0.0,4.169649296707219,0.0,1.0,1.0840354679177882,1.0
-250.3265838623047,2.8511080741882324,-1.677992343902588,0.0,1.211347952021053,0.0,1.0,1.0911456966449702,1.0
148.87501525878906,2.8511080741882324,215.91250610351562,0.0,1.7638497356059328,0.0,1.0,0.9611467652955722,1.0
-46.53468704223633,2.8511080741882324,-134.88877868652344,0.0,0.9509752433095112,0.0,1.0,0.9661098732106523,1.0
155.27145385742188,2.8511080741882324,-252.85855102539062,0.0,0.5128752100824954,0.0,1.0,0.9384355306498843,1.0
-165.93946838378906,2.8511080741882324,-289.8070983886719,0.0,0.5591997193313822,0.0,1.0,0.9577276692945167,1.0
129.1663818359375,2.8511080741882324,-231.92034912109375,0.0,5.107080974671988,0.0,1.0,0.9505700194337378,1.0
-248.43240356445312,32.681583404541016,49.67816162109375,0.0,3.5280759560227968,0.0,1.0,0.9240677975473837,1.0
15.709455490112305,2.8511083126068115,-132.40542602539062,0.0,2.295868710227873,0.0,1.0,0.9109923315641617,1.0
3.751404047012329,16.90031623840332,-282.1000671386719,0.0,1.347412410387312,0.0,1.0,0.9948000836432176,1.0
77.32149505615234,2.8511083126068115,4.253252029418945,0.0,3.561700110228734,0.0,1.0,0.9677060653156616,1.0
-116.42439270019531,2.8511080741882324,-163.8191375732422,0.0,5.655028646414622,0.0,1.0,1.083538742384559,1.0
123.51671600341797,2.8511080741882324,275.24017333984375,0.0,1.5341404954891231,0.0,1.0,1.0523424281216727,1.0
227.3276824951172,2.8511080741882324,36.20221710205078,0.0,5.230291243002536,0.0,1.0,1.0545303137618212,1.0
-269.2628479003906,32.190853118896484,61.22956848144531,0.0,5.689408038209839,0.0,1.0,0.9744445036882243,1.0
-160.9074249267578,2.8511080741882324,-52.726436614990234,0.0,2.0937545694901725,0.0,1.0,0.97641159454103,1.0
-127.44580078125,2.8511080741882324,-122.26932525634766,0.0,3.388324855716117,0.0,1.0,0.9897808959977167,1.0
-181.509033203125,2.8511080741882324,-277.679443359375,0.0,4.064714993468032,0.0,1.0,1.0637931698181278,1.0
-146.33819580078125,2.8511080741882324,-31.192766189575195,0.0,1.972688018159318,0.0,1.0,1.0289295496999906,1.0
-66.26447296142578,2.8511080741882324,-143.9842529296875,0.0,1.6478435161588514,0.0,1.0,0.9417578647472379,1.0
-26.743968963623047,2.8511080741882324,-180.8839569091797,0.0,3.571352976710797,0.0,1.0,0.9985658999909435,1.0
-116.85298156738281,2.8511080741882324,-339.32037353515625,0.0,1.8959251071131578,0.0,1.0,0.9968275571303552,1.0
-176.90072631835938,2.8511080741882324,-210.44029235839844,0.0,0.49930334918707725,0.0,1.0,0.9950217533104319,1.0
-62.59287643432617,2.8511080741882324,-197.87335205078125,0.0,4.44741030024622,0.0,1.0,1.0775652454646376,1.0
-108.71485900878906,2.8511080741882324,-175.73046875,0.0,2.942713584831166,0.0,1.0,1.0549920167160283,1.0
250.5347137451172,2.8511080741882324,-99.27544403076172,0.0,2.6459949065981685,0.0,1.0,1.070091799972384,1.0
210.2581787109375,2.8511080741882324,-145.92410278320312,0.0,3.183208479359072,0.0,1.0,1.0705328950781898,1.0
-154.1915740966797,2.8511080741882324,-297.03436279296875,0.0,4.204712363238353,0.0,1.0,0.9044218191950985,1.0
223.17832946777344,2.8511080741882324,61.73809814453125,0.0,4.453487074447724,0.0,1.0,0.9556527682261046,1.0
-96.82771301269531,2.8511080741882324,-144.59378051757812,0.0,4.568033766345249,0.0,1.0,0.9725210594433401,1.0
227.3995361328125,2.8511080741882324,-140.17861938476562,0.0,5.433899745475643,0.0,1.0,1.0349472120484244,1.0
64.7290267944336,2.8511080741882324,236.62295532226562,0.0,4.883373346563634,0.0,1.0,0.9787404892160134,1.0
-46.287841796875,2.8511080741882324,-303.2959899902344,0.0,2.4675896446595016,0.0,1.0,1.0323850064311875,1.0
74.96990966796875,2.8511080741882324,170.76644897460938,0.0,3.2001139501233484,0.0,1.0,0.9316530368208149,1.0
199.02316284179688,2.8511080741882324,73.50460815429688,0.0,1.045063830939543,0.0,1.0,1.0484834584297036,1.0
67.69925689697266,2.8511080741882324,263.04071044921875,0.0,0.7916108070264557,0.0,1.0,0.9594496177474501,1.0
-210.87867736816406,13.942522048950195,-106.1778335571289,0.0,3.03390018290955,0.0,1.0,1.0059723587749785,1.0
-116.10620880126953,2.8511080741882324,-83.00828552246094,0.0,2.148148590915438,0.0,1.0,1.0118743595929214,1.0
-221.96356201171875,2.8511080741882324,-168.5480499267578,0.0,5.435887950349514,0.0,1.0,0.9981909143198875,1.0
204.91213989257812,2.8511080741882324,77.76117706298828,0.0,0.4703038624534042,0.0,1.0,1.0432293259664187,1.0
2.982006072998047,2.8511080741882324,-231.4558868408203,0.0,5.1856590319913956,0.0,1.0,1.0735093081010014,1.0
149.750244140625,2.8511080741882324,145.22547912597656,0.0,2.7830094204894316,0.0,1.0,1.0324429819883696,1.0
178.59149169921875,2.8511080741882324,81.42267608642578,0.0,1.1396956985947655,0.0,1.0,0.9493129202898367,1.0
223.81385803222656,2.8511080741882324,-155.1744842529297,0.0,0.4642550254778597,0.0,1.0,0.9915921570675278,1.0
-105.50927734375,2.8511080741882324,-136.9532928466797,0.0,4.569115018191885,0.0,1.0,1.0314801809894845,1.0
210.96914672851562,2.8511080741882324,77.31511688232422,0.0,5.897464604760255,0.0,1.0,1.0199792913925114,1.0
206.86163330078125,2.8511080741882324,94.26580047607422,0.0,1.606338418029924,0.0,1.0,0.9263547351663323,1.0
-161.4656219482422,2.8511080741882324,-284.571044921875,0.0,1.6522677586412817,0.0,1.0,0.9658154279322286,1.0
28.578880310058594,16.472232818603516,-258.80572509765625,0.0,3.0146548361275984,0.0,1.0,0.9450910679643347,1.0
76.85928344726562,2.8511080741882324,250.7357177734375,0.0,0.5388236248559347,0.0,1.0,1.0380263384699717,1.0
235.6056671142578,2.8511080741882324,-87.23413848876953,0.0,4.0587499133344,0.0,1.0,0.9594942418590356,1.0
-271.6484069824219,14.407426834106445,-155.62274169921875,0.0,1.4891046070397558,0.0,1.0,1.044046208511204,1.0
-15.572352409362793,2.8511083126068115,-169.76617431640625,0.0,1.7130480853682601,0.0,1.0,1.00139505078132,1.0
213.0401611328125,2.8511080741882324,-45.393775939941406,0.0,4.933685832299952,0.0,1.0,1.0466696741589312,1.0
133.4998321533203,2.8511080741882324,121.94488525390625,0.0,2.5089770498552064,0.0,1.0,1.0370704328247065,1.0
45.219181060791016,2.8511080741882324,-88.56949615478516,0.0,3.6222496147073597,0.0,1.0,0.9743363233764469,1.0
-134.5323028564453,2.8511080741882324,-145.88201904296875,0.0,5.358149213832644,0.0,1.0,1.0999161011352756,1.0
227.0262451171875,2.8511080741882324,110.32982635498047,0.0,0.42685572164499525,0.0,1.0,0.9301187373022208,1.0
222.4547119140625,2.8511078357696533,69.421875,0.0,0.29396064267907807,0.0,1.0,1.0704745300835237,1.0
250.21173095703125,2.8511080741882324,-76.76788330078125,0.0,1.142917403760136,0.0,1.0,0.919655452363765,1.0
-273.96923828125,2.8511080741882324,-31.10099983215332,0.0,3.6612687111828266,0.0,1.0,1.0236222524051255,1.0
222.50717163085938,2.8511080741882324,105.58799743652344,0.0,4.428750401959853,0.0,1.0,1.0126972875114746,1.0
-124.96543884277344,2.8511080741882324,-310.28326416015625,0.0,2.681724648329459,0.0,1.0,0.9333989507181771,1.0
-113.49225616455078,2.8511080741882324,-181.47349548339844,0.0,0.6873009069031673,0.0,1.0,1.0962562424681588,1.0
28.373872756958008,2.8511083126068115,262.084228515625,0.0,2.4200603892595347,0.0,1.0,1.006886850929099,1.0
206.85235595703125,2.8511080741882324,20.105510711669922,0.0,2.078336972299983,0.0,1.0,0.9440539438608468,1.0
-197.13319396972656,2.8511080741882324,-272.0389404296875,0.0,4.531672316794941,0.0,1.0,0.9499671864294351,1.0
-198.98385620117188,2.8511080741882324,-59.88578414916992,0.0,0.9248014326207153,0.0,1.0,1.0552496647787757,1.0
-78.57119750976562,2.8511080741882324,-331.3644714355469,0.0,2.7288130714320973,0.0,1.0,1.092462464369406,1.0
-148.07681274414062,2.8511080741882324,-82.51921844482422,0.0,5.3223411540648,0.0,1.0,0.9881503109016696,1.0
183.14149475097656,2.8511080741882324,90.17411804199219,0.0,5.519654373169137,0.0,1.0,1.0542840320054587,1.0
161.25279235839844,2.8511080741882324,-65.10928344726562,0.0,0.7510773801694516,0.0,1.0,1.0810748533991597,1.0
-25.856449127197266,22.06048583984375,-264.9023132324219,0.0,4.480063617363543,0.0,1.0,1.0273471481498588,1.0
-206.2615966796875,2.8511080741882324,-219.47189331054688,0.0,0.6009400925617421,0.0,1.0,0.920980840129441,1.0
15.496892929077148,2.8511080741882324,-228.39674377441406,0.0,1.8899111438170573,0.0,1.0,1.0310219975892951,1.0
241.32672119140625,2.8511080741882324,-96.34080505371094,0.0,4.32572703698108,0.0,1.0,1.0749072058619973,1.0
266.2926940917969,2.8511078357696533,32.147544860839844,0.0,0.5862862276750193,0.0,1.0,1.0933228305881204,1.0
198.49301147460938,2.8511080741882324,-183.87217712402344,0.0,6.067255985495681,0.0,1.0,1.0944848270361627,1.0
155.28956604003906,2.8511080741882324,42.45365905761719,0.0,1.777019822828542,0.0,1.0,0.9964086025840048,1.0
12.884839057922363,2.8511080741882324,155.74545288085938,0.0,5.697548703529545,0.0,1.0,1.070684808391143,1.0
15.807731628417969,16.852359771728516,-264.27337646484375,0.0,3.114248907316997,0.0,1.0,1.0122838314991145,1.0
98.59033203125,2.8511080741882324,0.17431259155273438,0.0,5.699503856665289,0.0,1.0,1.039063169220836,1.0
-155.19532775878906,2.8511078357696533,-76.45128631591797,0.0,3.0641720543060904,0.0,1.0,1.0210893813546063,1.0
-264.25274658203125,2.8511080741882324,-242.94361877441406,0.0,4.593508682579505,0.0,1.0,0.9562635600100301,1.0
-270.10723876953125,14.515586853027344,-148.38119506835938,0.0,2.876262799667459,0.0,1.0,0.9480358897890293,1.0
110.2313232421875,2.8511080741882324,106.72679138183594,0.0,3.5495686533258124,0.0,1.0,0.9163746788106168,1.0
-265.2492370605469,15.069253921508789,-128.14642333984375,0.0,2.297492703967204,0.0,1.0,0.961291527484673,1.0
90.65837097167969,2.8511080741882324,-103.47132873535156,0.0,1.322669300821565,0.0,1.0,0.9544555476008004,1.0
-200.07264709472656,2.8511080741882324,-18.324064254760742,0.0,0.6895766247857532,0.0,1.0,0.9290927621402743,1.0
-266.75921630859375,14.886725425720215,-134.2548828125,0.0,2.52002774669684,0.0,1.0,1.0466248279368628,1.0
52.370296478271484,2.8511080741882324,-121.884033203125,0.0,1.0342501578756067,0.0,1.0,0.9112001490171544,1.0
29.362092971801758,2.8511080741882324,243.16571044921875,0.0,2.6189298371871983,0.0,1.0,1.0054536475580953,1.0
78.50942993164062,2.8511080741882324,-68.48397064208984,0.0,1.9207958637417877,0.0,1.0,0.9530864500430472,1.0
159.5743408203125,2.8511080741882324,61.817909240722656,0.0,0.22375796199736636,0.0,1.0,0.9275262403461976,1.0
121.67518615722656,2.8511080741882324,85.30482482910156,0.0,3.4164110925135054,0.0,1.0,1.082628104657789,1.0
99.73247528076172,2.8511080741882324,-200.22409057617188,0.0,2.1287059418689656,0.0,1.0,1.0354499329969569,1.0
-160.68162536621094,2.8511080741882324,-154.66720581054688,0.0,3.2469002982560307,0.0,1.0,0.9566873313262894,1.0
8.701424598693848,2.8511080741882324,-66.63394927978516,0.0,0.4823334185554607,0.0,1.0,1.0299015427316924,1.0
-248.43194580078125,2.8511080741882324,-21.1038875579834,0.0,2.0373623672857293,0.0,1.0,1.065879953774495,1.0
20.23265266418457,2.8511080741882324,224.5777587890625,0.0,0.17800751560305067,0.0,1.0,1.0733764126559369,1.0
-27.3668212890625,2.8511080741882324,-330.2239990234375,0.0,3.9599067021082273,0.0,1.0,1.0238480204914295,1.0
110.84771728515625,2.8511080741882324,123.36825561523438,0.0,3.8690244106893332,0.0,1.0,0.9805197877756473,1.0
17.98306655883789,16.851003646850586,-270.07952880859375,0.0,5.7008567909262045,0.0,1.0,1.0887998986399448,1.0
-35.299652099609375,2.8511080741882324,-172.0557403564453,0.0,0.43563573185289256,0.0,1.0,0.9478057445581732,1.0
216.6732635498047,2.8511080741882324,89.83027648925781,0.0,0.5747731621113022,0.0,1.0,1.0442849921362687,1.0
-106.97064208984375,2.8511080741882324,-328.8815612792969,0.0,0.9181428671565657,0.0,1.0,1.0377729154532402,1.0
209.22354125976562,2.8511080741882324,-171.26577758789062,0.0,0.15453365507383904,0.0,1.0,1.0831547657720924,1.0
28.095977783203125,2.8511080741882324,52.02315139770508,0.0,2.0214109678679293,0.0,1.0,0.9094556686374495,1.0
-119.07597351074219,2.8511080741882324,-317.9551086425781,0.0,3.1765540475166163,0.0,1.0,1.0344455184214612,1.0
8.109647750854492,2.8511080741882324,-156.7688446044922,0.0,6.191245967944794,0.0,1.0,0.9417703308022436,1.0
-277.0243225097656,2.8511080741882324,-25.857746124267578,0.0,3.9093459169256013,0.0,1.0,0.9921665917069615,1.0
239.1302490234375,2.8511080741882324,-79.67640686035156,0.0,1.1762163972512414,0.0,1.0,1.0037494302970502,1.0
-234.91162109375,2.8511080741882324,-67.15565490722656,0.0,3.321406389694435,0.0,1.0,1.085117212707984,1.0
88.45854949951172,2.8511080741882324,-115.5699234008789,0.0,3.014038635165085,0.0,1.0,0.9308935007881637,1.0
60.90951156616211,2.8511080741882324,92.82068634033203,0.0,6.243556666720808,0.0,1.0,0.9902804712284166,1.0
218.94674682617188,2.8511080741882324,-182.10250854492188,0.0,2.1974208317952386,0.0,1.0,1.0925740013075687,1.0
246.3134307861328,2.8511080741882324,-123.27570343017578,0.0,2.7886483426906543,0.0,1.0,0.9752235190413445,1.0
199.01239013671875,2.8511080741882324,-173.93858337402344,0.0,5.085224113462927,0.0,1.0,0.9443977408503542,1.0
195.00132751464844,2.8511078357696533,-216.7371368408203,0.0,4.629220826724837,0.0,1.0,0.9107640044212212,1.0
186.6865234375,2.8511080741882324,-215.54872131347656,0.0,0.14054992132775418,0.0,1.0,0.9744834953906614,1.0
19.970802307128906,2.8511080741882324,-153.10098266601562,0.0,3.43549839473104,0.0,1.0,0.9550484727371897,1.0
1.6635408401489258,2.8511080741882324,191.2202911376953,0.0,5.949449786199442,0.0,1.0,0.9100090745980679,1.0
-153.9002227783203,2.8511078357696533,-27.31226921081543,0.0,5.3667200408678015,0.0,1.0,0.9638340627927059,1.0
62.14882278442383,2.8511080741882324,105.74772644042969,0.0,0.9072733564731281,0.0,1.0,1.0475479007223722,1.0
-319.65008544921875,2.8511080741882324,8.833333969116211,0.0,2.0422985418741244,0.0,1.0,0.9532840843022253,1.0
172.197998046875,2.8511080741882324,-12.009967803955078,0.0,1.1030340957583464,0.0,1.0,1.073963901510859,1.0
-37.39281463623047,2.8511080741882324,-161.61233520507812,0.0,1.366524217747258,0.0,1.0,1.0277444017841635,1.0
172.8824005126953,2.8511080741882324,27.592477798461914,0.0,1.9940544235314337,0.0,1.0,0.9776038146459072,1.0
247.3902130126953,2.8511080741882324,-86.94331359863281,0.0,3.131679490568663,0.0,1.0,0.9142737686320273,1.0
34.3493537902832,2.8511080741882324,-155.72401428222656,0.0,0.518866898441551,0.0,1.0,1.0260478500498569,1.0
-310.58319091796875,2.8511080741882324,-11.897534370422363,0.0,0.184881991048396,0.0,1.0,1.0099873609380015,1.0
-294.2611999511719,12.885765075683594,-129.97030639648438,0.0,2.2308352156998303,0.0,1.0,0.9483267729002416,1.0
116.04939270019531,2.8511080741882324,-163.50555419921875,0.0,0.6595010112924382,0.0,1.0,0.9118113101788865,1.0
224.51841735839844,2.8511083126068115,-173.79739379882812,0.0,2.8227946771303034,0.0,1.0,0.9221864850823611,1.0
206.58529663085938,2.8511080741882324,-193.88253784179688,0.0,3.3788823043491916,0.0,1.0,1.0966631909268376,1.0
-223.89385986328125,2.8511080741882324,-12.16033935546875,0.0,3.711486194783084,0.0,1.0,0.9994179555296764,1.0
38.38041305541992,2.8511080741882324,237.708740234375,0.0,4.74009257259822,0.0,1.0,1.086926868451565,1.0
-148.85650634765625,2.8511080741882324,-201.32322692871094,0.0,3.202762598148849,0.0,1.0,0.9968661682878306,1.0
-189.52987670898438,2.8511080741882324,-146.50921630859375,0.0,1.4528764113974637,0.0,1.0,1.075070869803024,1.0
75.42977142333984,2.8511080741882324,124.20980834960938,0.0,2.110595392135871,0.0,1.0,0.9084572005135293,1.0
22.10958480834961,16.89059829711914,-249.24700927734375,0.0,5.818437067327699,0.0,1.0,0.9457571871119933,1.0
-316.3980712890625,2.8511080741882324,-9.890633583068848,0.0,0.4404094262936127,0.0,1.0,1.0500511635597,1.0
-298.9835510253906,2.8511080741882324,7.500364780426025,0.0,3.5438827303284417,0.0,1.0,1.095114127202817,1.0
-300.5683288574219,2.8511080741882324,50.4552001953125,0.0,3.9467479236556606,0.0,1.0,1.0281425234904364,1.0
192.35231018066406,2.8511080741882324,89.72928619384766,0.0,2.7933615988417704,0.0,1.0,0.9704090210056026,1.0
50.195037841796875,2.8511080741882324,82.43434143066406,0.0,2.395503547805069,0.0,1.0,0.9535944284933227,1.0
187.10235595703125,2.8511080741882324,-160.1291961669922,0.0,0.542499248775164,0.0,1.0,0.9287760320874506,1.0
143.56295776367188,2.8511080741882324,146.42393493652344,0.0,2.390198627594344,0.0,1.0,1.0973353785477085,1.0
158.135498046875,2.8511080741882324,-22.611743927001953,0.0,3.0897027248100137,0.0,1.0,1.0185013517766093,1.0
23.826255798339844,2.8511080741882324,42.37605285644531,0.0,2.255263868773561,0.0,1.0,0.9756327287582116,1.0
-234.53533935546875,32.60315704345703,36.74483108520508,0.0,5.287489446533149,0.0,1.0,1.0834614780049932,1.0
-262.54107666015625,2.8511080741882324,-15.10189151763916,0.0,2.9415768925474732,0.0,1.0,1.0675655602180398,1.0
111.65419006347656,2.8511080741882324,289.4302978515625,0.0,0.04695660586925637,0.0,1.0,0.9370981092653893,1.0
230.48684692382812,2.8511080741882324,-9.258169174194336,0.0,3.61017672969468,0.0,1.0,1.0825259796593047,1.0
-313.083984375,2.8511080741882324,-19.267587661743164,0.0,0.7856565374885616,0.0,1.0,1.0331629049016926,1.0
126.90948486328125,2.8511080741882324,-95.50289916992188,0.0,5.93651827097283,0.0,1.0,1.093099935316396,1.0
-305.08697509765625,2.8511080741882324,1.847580909729004,0.0,5.818609660195247,0.0,1.0,0.9868189509789558,1.0
23.69611167907715,2.8511080741882324,229.72509765625,0.0,4.3014906027250515,0.0,1.0,1.0182604492936278,1.0
213.38299560546875,2.8511080741882324,-17.603355407714844,0.0,5.233599542694093,0.0,1.0,1.074876094943213,1.0
68.2944107055664,2.8511080741882324,119.02429962158203,0.0,0.4961520728975677,0.0,1.0,0.9366120664145722,1.0
-90.70721435546875,2.8511080741882324,-163.9591522216797,0.0,0.5261280760528954,0.0,1.0,0.9607228318769417,1.0
-79.4986343383789,2.8511080741882324,-210.9490509033203,0.0,4.3351263677555885,0.0,1.0,0.9565019460716377,1.0
205.4913787841797,2.8511080741882324,106.36653900146484,0.0,4.3362591895084615,0.0,1.0,0.9866688089060602,1.0
224.16876220703125,2.8511080741882324,-37.02402114868164,0.0,3.8927249735810996,0.0,1.0,0.9682551830766373,1.0
161.40887451171875,2.8511080741882324,68.295654296875,0.0,0.3885684032566349,0.0,1.0,0.9625530647949152,1.0
58.64643478393555,2.8511078357696533,221.86825561523438,0.0,6.222315039557954,0.0,1.0,0.9786349216145025,1.0
226.0761260986328,2.8511080741882324,-54.638065338134766,0.0,1.441103843085443,0.0,1.0,1.0437652515830433,1.0
-201.84866333007812,2.8511080741882324,-88.16651916503906,0.0,5.625237261972577,0.0,1.0,0.963273893525697,1.0
227.29660034179688,2.8511080741882324,1.8429183959960938,0.0,4.26232425588313,0.0,1.0,1.0769379152208538,1.0
196.28402709960938,2.8511080741882324,94.70051574707031,0.0,2.7773941662826553,0.0,1.0,1.081824670762091,1.0
-62.24946594238281,16.770605087280273,-274.4517822265625,0.0,3.8353906664218704,0.0,1.0,1.0065772980756271,1.0
-319.898193359375,2.8511080741882324,-17.850936889648438,0.0,3.2735562590907983,0.0,1.0,1.0195927250160974,1.0
236.7467803955078,2.8511080741882324,70.87200164794922,0.0,0.783603786960665,0.0,1.0,1.0047280787140578,1.0
-120.24110412597656,2.8511080741882324,-147.15838623046875,0.0,5.273343421457289,0.0,1.0,0.9263522540004769,1.0
-155.12770080566406,2.8511080741882324,-304.9500732421875,0.0,5.20334271242199,0.0,1.0,1.0887628430932323,1.0
220.86691284179688,2.8511078357696533,-64.91960906982422,0.0,5.58694581075163,0.0,1.0,1.0361844656131871,1.0
-256.30841064453125,14.540850639343262,-168.14244079589844,0.0,3.7878074825533514,0.0,1.0,1.0776066534624773,1.0
193.2906494140625,2.8511080741882324,-52.03588104248047,0.0,1.5618956436225806,0.0,1.0,0.9475032747254365,1.0
205.62283325195312,2.8511080741882324,-76.69637298583984,0.0,0.6523788490366479,0.0,1.0,1.0285292072692993,1.0
-252.3173828125,28.90933609008789,-32.829872131347656,0.0,0.9221971032415998,0.0,1.0,0.9893777893769365,1.0
-159.37530517578125,2.8511080741882324,-66.23099517822266,0.0,1.3905346831025298,0.0,1.0,1.0073725748903508,1.0
232.2991180419922,2.8511080741882324,-36.030426025390625,0.0,1.7158052462570572,0.0,1.0,0.9343616755285469,1.0
75.10914611816406,2.8511080741882324,-89.38290405273438,0.0,1.0364124745412893,0.0,1.0,0.948166364040341,1.0
198.35382080078125,2.8511080741882324,-66.9902114868164,0.0,5.796319967600483,0.0,1.0,1.0370465565838387,1.0
-256.44403076171875,23.992401123046875,-40.804962158203125,0.0,5.991254932545526,0.0,1.0,0.9395314649634904,1.0
174.3980712890625,2.8511080741882324,-66.57083129882812,0.0,1.0840147419589445,0.0,1.0,1.0807342167189222,1.0
-293.4784240722656,2.8511080741882324,-15.89628791809082,0.0,4.5614288016927205,0.0,1.0,0.9724599125949248,1.0
207.66812133789062,2.8511080741882324,-60.93836212158203,0.0,0.7691816361049367,0.0,1.0,1.0304228710030268,1.0
170.46128845214844,2.8511080741882324,71.37625122070312,0.0,0.9817521844193898,0.0,1.0,0.9571691602950183,1.0
-251.2138214111328,2.8511080741882324,-167.1309051513672,0.0,2.1911699473107946,0.0,1.0,0.9439865992077245,1.0
51.05909729003906,2.8511080741882324,25.135005950927734,0.0,0.4476836200076392,0.0,1.0,1.007383398972747,1.0
222.87147521972656,2.8511080741882324,91.95175170898438,0.0,5.098085794069848,0.0,1.0,1.0773984605336737,1.0
235.4284210205078,2.8511080741882324,-5.103708267211914,0.0,5.7556526407720225,0.0,1.0,1.0271453121420788,1.0
213.06973266601562,2.8511080741882324,35.75123596191406,0.0,2.784718047001375,0.0,1.0,1.0612997448828898,1.0
101.21600341796875,2.8511080741882324,-222.99826049804688,0.0,2.3549006085269752,0.0,1.0,1.0800973972611478,1.0
106.695556640625,2.8511080741882324,118.59374237060547,0.0,2.5663657966697357,0.0,1.0,1.006449788782893,1.0
-196.3619384765625,2.8511080741882324,-117.73751831054688,0.0,4.352864738376978,0.0,1.0,1.0545379477327699,1.0
-196.71971130371094,2.8511080741882324,176.18096923828125,0.0,3.5956814912729778,0.0,1.0,0.9661541297006448,1.0
214.871826171875,2.8511080741882324,102.6822738647461,0.0,4.005844430753822,0.0,1.0,0.900864037782737,1.0
-146.83499145507812,2.8511080741882324,-253.25791931152344,0.0,6.217667926697959,0.0,1.0,1.0593461792999197,1.0
204.648193359375,2.8511080741882324,-5.510414123535156,0.0,4.735071495792896,0.0,1.0,1.0070456864902004,1.0
-86.90448760986328,2.8511080741882324,-176.39019775390625,0.0,0.08311498466283235,0.0,1.0,1.08926662778245,1.0
248.97576904296875,2.8511080741882324,16.426855087280273,0.0,3.9019584634972375,0.0,1.0,1.065905490907923,1.0
217.91653442382812,2.8511080741882324,-9.04227066040039,0.0,3.915127705926507,0.0,1.0,0.9840548125745057,1.0
237.11380004882812,2.8511080741882324,-13.108248710632324,0.0,4.645302819698088,0.0,1.0,0.9902832642075742,1.0
213.30078125,2.8511080741882324,-86.24472045898438,0.0,0.3599536050081533,0.0,1.0,1.0451314185374285,1.0
210.49859619140625,2.8511080741882324,-80.55879211425781,0.0,1.3262961813728684,0.0,1.0,1.0032153905037395,1.0
194.670166015625,2.8511080741882324,-81.79695129394531,0.0,2.5025696573058385,0.0,1.0,1.04565865442262,1.0
142.76187133789062,2.8511080741882324,-221.7103271484375,0.0,3.026902726025142,0.0,1.0,1.0785387879111066,1.0
168.8510284423828,2.8511080741882324,263.145751953125,0.0,4.664246687675908,0.0,1.0,0.9859975237078775,1.0
-228.73211669921875,2.8511080741882324,-151.12445068359375,0.0,4.448954443229665,0.0,1.0,1.03316963733433,1.0
11.269365310668945,2.8511080741882324,236.89292907714844,0.0,3.4307117014361235,0.0,1.0,0.9062486665658547,1.0
8.129023551940918,16.151546478271484,-286.5868225097656,0.0,1.563664539351633,0.0,1.0,1.0679410884581713,1.0
28.563467025756836,2.8511080741882324,235.2265167236328,0.0,4.971657774844018,0.0,1.0,1.0508527824047096,1.0
93.49555206298828,2.8511080741882324,-86.24563598632812,0.0,3.4073314504088916,0.0,1.0,1.073643163806386,1.0
194.15432739257812,2.8511080741882324,-72.65996551513672,0.0,1.9105429366664524,0.0,1.0,0.9727660031325913,1.0
224.56976318359375,2.8511080741882324,-5.524723052978516,0.0,1.3435457381951545,0.0,1.0,0.9354554539170199,1.0
235.85939025878906,2.8511078357696533,-29.47644805908203,0.0,5.556990870846656,0.0,1.0,1.0200493480607322,1.0
-132.40826416015625,2.8511080741882324,-317.1494140625,0.0,0.36270451181596053,0.0,1.0,0.9016866546133373,1.0
6.726693153381348,2.8511080741882324,-130.5617218017578,0.0,3.443652964000206,0.0,1.0,0.9930573815944219,1.0
-97.72640991210938,2.8511080741882324,-306.34710693359375,0.0,4.2287141683273735,0.0,1.0,0.9823744889168572,1.0
-260.81182861328125,2.8511080741882324,-29.78570556640625,0.0,4.840615189676592,0.0,1.0,1.0390712717364807,1.0
53.33687973022461,2.8511078357696533,-151.6051483154297,0.0,1.1382761076267616,0.0,1.0,1.0381314003063098,1.0
-28.512094497680664,2.8511080741882324,-25.94095230102539,0.0,2.6390286672467544,0.0,1.0,0.9505357212969757,1.0
179.39389038085938,2.8511078357696533,48.78860092163086,0.0,0.6582192163469728,0.0,1.0,1.0517142329084044,1.0
274.3995666503906,2.8511080741882324,-60.72698974609375,0.0,0.055141979980701014,0.0,1.0,1.0885823548564288,1.0
-103.67305755615234,2.8511080741882324,-120.68406677246094,0.0,3.0743671132085613,0.0,1.0,1.052565690338489,1.0
-100.82656860351562,2.8511080741882324,-247.69345092773438,0.0,4.512950162571645,0.0,1.0,0.9004488621406033,1.0
-311.8085632324219,2.8511080741882324,3.886531352996826,0.0,4.558910080609111,0.0,1.0,1.0397455007022705,1.0
169.9437255859375,2.8511080741882324,-173.73196411132812,0.0,4.233053271995496,0.0,1.0,1.0586560236434068,1.0
241.9932403564453,2.8511080741882324,-23.444019317626953,0.0,1.4327235282458284,0.0,1.0,1.0217476522102347,1.0
26.53607177734375,2.8511083126068115,-112.23027801513672,0.0,1.239114134169503,0.0,1.0,0.9332683378285823,1.0
-48.52029037475586,2.8511080741882324,-30.886634826660156,0.0,3.7740592569173232,0.0,1.0,0.9207526644202049,1.0
-237.8026123046875,14.922670364379883,-143.54080200195312,0.0,0.3448500415301564,0.0,1.0,1.0590376316291912,1.0
218.62017822265625,2.8511080741882324,15.237205505371094,0.0,1.3470669104960034,0.0,1.0,1.058274848213542,1.0
141.62692260742188,2.8511080741882324,-4.821994781494141,0.0,1.5649252984746054,0.0,1.0,1.0954323660484224,1.0
-121.02689361572266,2.8511078357696533,-77.06401824951172,0.0,1.5397150951643805,0.0,1.0,1.0295545510442727,1.0
-235.48126220703125,14.83340072631836,-152.0828857421875,0.0,0.23693871726568738,0.0,1.0,0.9803562748794827,1.0
-54.56358337402344,2.8511080741882324,-73.48370361328125,0.0,3.0059934323027404,0.0,1.0,0.9490658104960413,1.0
-257.3526611328125,14.61645793914795,-161.44509887695312,0.0,4.4415272014107385,0.0,1.0,0.9860063739549255,1.0
-223.6298828125,2.8511080741882324,159.3370819091797,0.0,4.203747283025406,0.0,1.0,1.057093523596622,1.0
-291.00537109375,2.8511080741882324,-9.381181716918945,0.0,4.041218492053857,0.0,1.0,1.0466655221886096,1.0
40.48211669921875,2.8511080741882324,-280.22979736328125,0.0,3.4419698605623164,0.0,1.0,1.0536733726936691,1.0
-219.72608947753906,32.60686492919922,-3.4905190467834473,0.0,3.6141836687446034,0.0,1.0,1.083247721352618,1.0
-207.4990692138672,8.99654769897461,-208.84762573242188,0.0,2.7068665221137134,0.0,1.0,0.9598011619124647,1.0
206.87808227539062,2.8511080741882324,179.40390014648438,0.0,2.927062349176758,0.0,1.0,0.9818380226255765,1.0
135.79830932617188,2.8511080741882324,147.16635131835938,0.0,1.9840616581559283,0.0,1.0,0.9095714609680291,1.0
251.80467224121094,2.8511078357696533,-10.685455322265625,0.0,3.37159747098235,0.0,1.0,0.9006491433481697,1.0
25.34200096130371,2.8511080741882324,-92.28380584716797,0.0,5.957968599542473,0.0,1.0,0.9058785943058737,1.0
-27.850982666015625,16.146827697753906,-297.87249755859375,0.0,5.242159485568385,0.0,1.0,0.9692442123068219,1.0
-251.597412109375,2.8511080741882324,-78.30567932128906,0.0,4.782674293035247,0.0,1.0,1.042783721091434,1.0
189.88282775878906,2.8511080741882324,-19.709983825683594,0.0,1.368349996506188,0.0,1.0,1.0027210313992219,1.0
-0.17277634143829346,2.8511080741882324,-87.15950775146484,0.0,5.174413480819412,0.0,1.0,0.9416210942902018,1.0
-133.35360717773438,2.8511080741882324,-154.19552612304688,0.0,0.6726784465479467,0.0,1.0,1.054887415002506,1.0
224.33920288085938,2.8511080741882324,-30.035743713378906,0.0,1.6392644434813248,0.0,1.0,1.0574134766224668,1.0
-321.69671630859375,2.8511080741882324,-3.284836769104004,0.0,0.8218352526537289,0.0,1.0,1.0079520573753031,1.0
154.61886596679688,2.8511080741882324,155.31982421875,0.0,6.004079399106313,0.0,1.0,0.913209080557045,1.0
-21.630176544189453,2.8511080741882324,-89.20436096191406,0.0,3.305584788534582,0.0,1.0,1.0049871972049043,1.0
215.56866455078125,2.8511080741882324,-197.70712280273438,0.0,2.288998268549306,0.0,1.0,1.0413912714977624,1.0
-10.471254348754883,2.8511080741882324,-86.33486938476562,0.0,1.9222495569883102,0.0,1.0,1.076979627041673,1.0
57.6888427734375,2.8511080741882324,215.13958740234375,0.0,5.112861689692982,0.0,1.0,0.9823716666510868,1.0
-102.8476333618164,8.732834815979004,-287.42266845703125,0.0,4.681628232076569,0.0,1.0,0.9972128316718041,1.0
204.2251739501953,2.8511080741882324,-182.0989990234375,0.0,0.4628277374663526,0.0,1.0,1.005023841455595,1.0
7.573507308959961,2.8511080741882324,-143.63763427734375,0.0,3.7243210815309316,0.0,1.0,0.9447967031067518,1.0
55.6737174987793,2.8511080741882324,-161.2767791748047,0.0,0.8951940292364226,0.0,1.0,0.9068690861810892,1.0
-276.216064453125,14.31312370300293,-145.86798095703125,0.0,2.3324360459307947,0.0,1.0,1.0512306262077054,1.0
-218.4261016845703,32.42447280883789,-11.026050567626953,0.0,3.777628550174812,0.0,1.0,1.0236732754226134,1.0
231.2988739013672,2.8511080741882324,-144.87213134765625,0.0,5.966657358274925,0.0,1.0,1.024034335219299,1.0
-33.46833038330078,2.8511080741882324,-134.83633422851562,0.0,5.771552669018723,0.0,1.0,0.9131022577629591,1.0
213.8676300048828,2.8511080741882324,-190.85650634765625,0.0,5.046305829896675,0.0,1.0,0.9423619797215441,1.0
-231.68960571289062,2.8511078357696533,-87.49516296386719,0.0,0.13042335347601486,0.0,1.0,1.062095440893087,1.0
18.1495418548584,2.8511080741882324,-100.72918701171875,0.0,3.997045658333153,0.0,1.0,0.9727735746376086,1.0
139.97715759277344,2.8511080741882324,-57.62774658203125,0.0,3.397909486785322,0.0,1.0,0.9714361429334888,1.0
37.30323028564453,2.8511080741882324,-74.73623657226562,0.0,3.6844209398798724,0.0,1.0,0.9178630764460712,1.0
50.42705154418945,2.8511080741882324,-302.06536865234375,0.0,0.856441514833762,0.0,1.0,0.9282585626194264,1.0
224.9640350341797,2.8511080741882324,10.119789123535156,0.0,3.746256177986267,0.0,1.0,0.9032758173887696,1.0
3.1436424255371094,2.8511080741882324,102.61257934570312,0.0,4.620422966224621,0.0,1.0,1.0146726399312525,1.0
-62.21356964111328,15.966733932495117,-311.9922790527344,0.0,4.595254339217813,0.0,1.0,0.992544547466322,1.0
150.05303955078125,2.8511080741882324,-87.96038818359375,0.0,6.239584320509048,0.0,1.0,0.9242688820724992,1.0
37.51872253417969,2.8511080741882324,-5.445228576660156,0.0,5.818083849441911,0.0,1.0,0.9524352498155393,1.0
-202.55848693847656,11.836674690246582,-197.7914581298828,0.0,0.4172535159515759,0.0,1.0,1.0973774582400606,1.0
-291.753662109375,2.8511080741882324,-63.1133918762207,0.0,6.228958336653833,0.0,1.0,1.0758441721401917,1.0
206.3448486328125,2.8511080741882324,155.90814208984375,0.0,0.567113953204121,0.0,1.0,0.9737965312938698,1.0
42.328514099121094,2.8511080741882324,-117.37747192382812,0.0,0.7756732235713463,0.0,1.0,1.0134839510419698,1.0
-79.67896270751953,2.8511078357696533,-272.018798828125,0.0,1.2400012818279391,0.0,1.0,1.0305988517231848,1.0
65.5876235961914,2.8511080741882324,-20.900129318237305,0.0,4.935055151761828,0.0,1.0,0.9067427185277855,1.0
115.58344268798828,2.8511080741882324,33.27824401855469,0.0,2.3114331099428953,0.0,1.0,0.9033342984703908,1.0
221.53482055664062,2.8511080741882324,151.06884765625,0.0,5.818706269134618,0.0,1.0,0.962265496256835,1.0
207.95388793945312,2.8511080741882324,129.65171813964844,0.0,4.931110094429583,0.0,1.0,0.9195945965375419,1.0
-59.81910705566406,2.8511078357696533,-253.01010131835938,0.0,2.7714531253762034,0.0,1.0,0.9228126777790135,1.0
-290.842529296875,2.8511080741882324,-21.794769287109375,0.0,0.26187387167413606,0.0,1.0,0.9633253496023793,1.0
236.9591064453125,2.8511080741882324,95.91036987304688,0.0,3.2185533723837563,0.0,1.0,1.0062849479100753,1.0
9.660326957702637,2.8511083126068115,-78.31902313232422,0.0,3.9278748530615424,0.0,1.0,1.0490735697216202,1.0
-2.6454312801361084,2.8511080741882324,-70.62544250488281,0.0,1.0529287372076495,0.0,1.0,1.0150047328137406,1.0
182.87265014648438,2.8511080741882324,138.6525115966797,0.0,2.1117214415448573,0.0,1.0,0.9730687004655458,1.0
-226.4029541015625,31.86214828491211,32.31147003173828,0.0,4.408146669276217,0.0,1.0,1.0700506138782981,1.0
237.58251953125,2.8511080741882324,151.7158966064453,0.0,2.7613414475311933,0.0,1.0,1.0355850382080805,1.0
165.35931396484375,2.8511080741882324,145.30397033691406,0.0,6.014535367127173,0.0,1.0,0.9914038622193851,1.0
145.58152770996094,2.8511080741882324,-268.21881103515625,0.0,3.5017073331166007,0.0,1.0,1.0877422073010654,1.0
53.154144287109375,2.8511080741882324,-66.08139038085938,0.0,3.9369894829571765,0.0,1.0,0.9825235088638553,1.0
-265.8019104003906,14.659929275512695,-154.25367736816406,0.0,1.40284592079834,0.0,1.0,1.0809894989812365,1.0
2.5411131381988525,2.8511080741882324,-95.72955322265625,0.0,4.779207473820562,0.0,1.0,0.9510966290337337,1.0
-285.8426818847656,32.568206787109375,9.066557884216309,0.0,0.27234422385004303,0.0,1.0,0.9744600818080432,1.0
71.4510269165039,2.8511080741882324,-66.77649688720703,0.0,5.6901890731279074,0.0,1.0,1.0272181804970217,1.0
37.50263214111328,2.8511080741882324,-40.81559753417969,0.0,3.646004172101864,0.0,1.0,1.0124679264646472,1.0
137.93617248535156,2.8511080741882324,-274.68414306640625,0.0,4.6762692767813245,0.0,1.0,1.0844106914815248,1.0
230.1092529296875,2.8511080741882324,179.6672821044922,0.0,2.317508744502738,0.0,1.0,1.0708780353911012,1.0
214.7867889404297,2.8511078357696533,170.88958740234375,0.0,5.017484738607028,0.0,1.0,1.0119730674068248,1.0
124.24057006835938,2.8511080741882324,-216.9466552734375,0.0,5.3601079710643855,0.0,1.0,1.0865705153259135,1.0
58.43105697631836,2.8511080741882324,-116.0207290649414,0.0,1.0844133589520364,0.0,1.0,1.0051402581343296,1.0
84.17583465576172,2.8511080741882324,282.50494384765625,0.0,6.092946095527409,0.0,1.0,1.0001412191489438,1.0
45.850364685058594,2.8511080741882324,-36.444156646728516,0.0,0.7393808922080168,0.0,1.0,1.0288389148969967,1.0
-284.9516906738281,32.696815490722656,0.869802713394165,0.0,0.22060837464492425,0.0,1.0,0.9565605011369558,1.0
-43.51258850097656,14.967779159545898,-309.09515380859375,0.0,2.6795704184379026,0.0,1.0,1.0329590352241163,1.0
-114.46082305908203,2.8511080741882324,-74.84861755371094,0.0,4.745496216021777,0.0,1.0,0.9435513260075141,1.0
49.296363830566406,2.8511083126068115,167.48171997070312,0.0,2.0905080047691325,0.0,1.0,0.9714600055376841,1.0
52.4106330871582,2.8511080741882324,175.27777099609375,0.0,2.1208012815663673,0.0,1.0,1.0332033047285691,1.0
32.06629180908203,2.8511080741882324,-25.903480529785156,0.0,3.8464133311556057,0.0,1.0,0.9848954341161231,1.0
0.013664349913597107,16.207685470581055,-287.81378173828125,0.0,1.88443051283934,0.0,1.0,0.9484757835291052,1.0
16.42975425720215,2.8511080741882324,-56.82799530029297,0.0,5.517668240871017,0.0,1.0,1.098495611026623,1.0
213.16552734375,2.8511080741882324,-27.765796661376953,0.0,1.2839360071435386,0.0,1.0,1.0385832178496037,1.0
239.15020751953125,2.8511080741882324,144.47381591796875,0.0,0.6821716570915667,0.0,1.0,1.0374816530453155,1.0
75.26496887207031,2.8511080741882324,23.484712600708008,0.0,1.2555295517441334,0.0,1.0,1.073612731182242,1.0
-237.30874633789062,31.818798065185547,-21.179187774658203,0.0,4.371632528223714,0.0,1.0,0.9471957405092507,1.0
27.600154876708984,2.8511080741882324,-30.047163009643555,0.0,4.941497500132455,0.0,1.0,0.909095554962787,1.0
88.89026641845703,2.8511080741882324,-143.40956115722656,0.0,3.7859912451167723,0.0,1.0,0.9697695564587697,1.0
108.29866790771484,2.8511083126068115,152.02206420898438,0.0,2.4499751962797927,0.0,1.0,0.9538556975463275,1.0
73.22234344482422,2.8511080741882324,-216.0458984375,0.0,3.0273113613575084,0.0,1.0,0.9245974212402567,1.0
-230.31475830078125,32.19000244140625,-6.668868064880371,0.0,4.561797341084,0.0,1.0,1.0649391649867375,1.0
94.95851135253906,2.8511080741882324,6.398359298706055,0.0,5.600539571018231,0.0,1.0,0.9784118787695392,1.0
168.370361328125,2.8511078357696533,-139.6487579345703,0.0,0.2324522723957541,0.0,1.0,1.036980135569706,1.0
-242.86465454101562,31.405183792114258,-23.67361068725586,0.0,2.686613239577397,0.0,1.0,1.0746522568266679,1.0
-256.61639404296875,2.8511080741882324,-71.663818359375,0.0,3.699208078263902,0.0,1.0,0.9619628294993027,1.0
102.0994873046875,2.8511080741882324,-178.65859985351562,0.0,3.95792875246142,0.0,1.0,0.9862374942788665,1.0
137.24578857421875,2.8511078357696533,241.5037078857422,0.0,0.2306672429516803,0.0,1.0,1.0407647858549471,1.0
117.49998474121094,2.8511080741882324,-179.7281951904297,0.0,0.7869827346364117,0.0,1.0,0.9423847580274886,1.0
195.300048828125,2.8511080741882324,144.66177368164062,0.0,2.589254880005415,0.0,1.0,0.9443002132993119,1.0
173.7847900390625,2.8511080741882324,136.441650390625,0.0,1.8455851291641048,0.0,1.0,1.0936731630814067,1.0
91.48505401611328,2.8511080741882324,20.227745056152344,0.0,4.3222227347446465,0.0,1.0,1.0480189684301993,1.0
59.21147155761719,2.8511078357696533,5.690237045288086,0.0,1.3237135248994818,0.0,1.0,0.9563001950329368,1.0
61.35186004638672,2.8511083126068115,11.502630233764648,0.0,3.8249609554055817,0.0,1.0,0.921387917471635,1.0
31.94985580444336,2.8511080741882324,-1.0062923431396484,0.0,3.2089525101554535,0.0,1.0,1.09483593525025,1.0
243.72996520996094,2.8511083126068115,-108.8104476928711,0.0,2.9563975984739863,0.0,1.0,0.9244750548682173,1.0
49.62626266479492,2.8511080741882324,-50.30387878417969,0.0,3.3088673601393386,0.0,1.0,1.0800920669004042,1.0
-241.41488647460938,31.40675926208496,-14.932485580444336,0.0,3.1710279294023236,0.0,1.0,1.0816672945592232,1.0
-163.56898498535156,2.8511080741882324,-77.61474609375,0.0,1.6184553821724759,0.0,1.0,1.0012052266588485,1.0
59.31676483154297,2.8511080741882324,-31.74184226989746,0.0,4.889210055245493,0.0,1.0,1.0260230144871973,1.0
-178.53689575195312,2.8511080741882324,-203.9545135498047,0.0,4.567337303532426,0.0,1.0,1.0109483550501768,1.0
133.7217254638672,2.8511078357696533,111.3406982421875,0.0,1.7032826003000097,0.0,1.0,1.0161040304065458,1.0
-187.4897918701172,15.28779411315918,-181.2768096923828,0.0,2.2062352375855596,0.0,1.0,0.9655518184507209,1.0
153.96461486816406,2.8511080741882324,-244.91091918945312,0.0,4.3781999388504795,0.0,1.0,0.9844170643889993,1.0
229.1571502685547,2.8511080741882324,158.1683349609375,0.0,4.351177007899346,0.0,1.0,1.0162348650845878,1.0
86.47382354736328,2.8511080741882324,-201.95486450195312,0.0,1.607374630586544,0.0,1.0,1.0047356518847033,1.0
178.37222290039062,2.8511080741882324,-19.863414764404297,0.0,4.17065819618535,0.0,1.0,0.9902371263665011,1.0
54.67021179199219,2.8511080741882324,-0.3886699676513672,0.0,2.7072937747336856,0.0,1.0,1.0155354746825214,1.0
210.7715606689453,2.8511080741882324,166.07171630859375,0.0,2.097764158292365,0.0,1.0,0.9044727862061792,1.0
26.098115921020508,2.8511080741882324,-12.081374168395996,0.0,2.7580643296601015,0.0,1.0,1.0626770707217015,1.0
129.61758422851562,2.8511080741882324,-146.67379760742188,0.0,2.715090452689544,0.0,1.0,1.0884463059302814,1.0
121.03547668457031,2.8511080741882324,35.960636138916016,0.0,1.2522999451663435,0.0,1.0,0.9628291154283228,1.0
-230.1250762939453,2.8511080741882324,28.832725524902344,0.0,5.2302235793812315,0.0,1.0,0.9782499294449116,1.0
-172.0411376953125,2.8511080741882324,-30.8111515045166,0.0,0.9608887985510914,0.0,1.0,0.9127820315265687,1.0
-91.68122863769531,11.585996627807617,-293.38250732421875,0.0,3.8773600214940114,0.0,1.0,0.985259978255075,1.0
-264.01953125,32.57106399536133,30.082015991210938,0.0,3.606200335188395,0.0,1.0,1.0548097554454734,1.0
90.20863342285156,2.8511080741882324,30.42194366455078,0.0,5.654502612604581,0.0,1.0,1.0456360251333714,1.0
110.1707534790039,2.8511080741882324,-96.24305725097656,0.0,1.5268642693650454,0.0,1.0,1.0840394613069182,1.0
-267.41998291015625,2.8511080741882324,-77.04161071777344,0.0,2.1645259044226677,0.0,1.0,1.0838386241711548,1.0
169.6475067138672,2.8511080741882324,107.87145233154297,0.0,2.551330728145907,0.0,1.0,1.086858044456528,1.0
79.97589111328125,2.8511080741882324,-23.593599319458008,0.0,2.615960405239048,0.0,1.0,1.0879176322202146,1.0
-256.1139831542969,2.8511080741882324,14.705313682556152,0.0,6.227905132122204,0.0,1.0,0.9665987319920851,1.0
15.375739097595215,16.6719913482666,-207.78392028808594,0.0,2.1675980751425223,0.0,1.0,0.9503191410793581,1.0
1.7817649841308594,2.8511080741882324,96.30792236328125,0.0,2.02930621659834,0.0,1.0,1.051036842588294,1.0
-90.64009857177734,2.8511080741882324,-80.74188232421875,0.0,4.524204790509357,0.0,1.0,1.0097078027827415,1.0
74.03643798828125,2.8511080741882324,-17.59499168395996,0.0,4.107296779876216,0.0,1.0,1.0580311348611358,1.0
93.24678802490234,2.8511080741882324,-15.205629348754883,0.0,5.429301914012341,0.0,1.0,0.931806260454096,1.0
-271.39715576171875,32.57106399536133,28.624235153198242,0.0,0.9583318588564317,0.0,1.0,0.9553349628500872,1.0
-109.16461944580078,2.8511078357696533,-77.99614715576172,0.0,5.642707359346464,0.0,1.0,0.9028622685278884,1.0
80.53775787353516,2.8511080741882324,71.1866683959961,0.0,4.7924962576324885,0.0,1.0,0.9590310859117815,1.0
21.712644577026367,2.8511083126068115,241.71255493164062,0.0,2.438077168408325,0.0,1.0,0.9165144158009648,1.0
-246.4259033203125,2.8511080741882324,49.90683364868164,0.0,4.994487375838522,0.0,1.0,0.9179761657470145,1.0
-291.82354736328125,2.8511080741882324,78.11984252929688,0.0,5.564570144864747,0.0,1.0,1.0546146210086207,1.0
-239.84999084472656,2.8511080741882324,61.27527618408203,0.0,3.68766425019082,0.0,1.0,0.9790695518922132,1.0
-247.89822387695312,2.8511080741882324,-253.76382446289062,0.0,4.023160831365112,0.0,1.0,1.0262938883743535,1.0
81.46936798095703,2.8511080741882324,-141.00668334960938,0.0,3.7427351273900356,0.0,1.0,0.90942477974093,1.0
35.299842834472656,2.8511080741882324,247.88148498535156,0.0,5.547856447099134,0.0,1.0,0.9633993397002781,1.0
76.28701782226562,2.8511080741882324,282.76434326171875,0.0,6.161096908128097,0.0,1.0,0.9072548574143839,1.0
26.533754348754883,2.8511080741882324,-154.7769012451172,0.0,5.193773366192256,0.0,1.0,0.9876967759155996,1.0
141.47637939453125,2.8511080741882324,-142.66958618164062,0.0,3.261124569066413,0.0,1.0,0.9995114547418888,1.0
217.89389038085938,2.8511078357696533,176.48338317871094,0.0,4.391879474301793,0.0,1.0,1.0190312848537337,1.0
82.96236419677734,2.8511078357696533,30.48896026611328,0.0,1.321998871529028,0.0,1.0,1.0639942751891558,1.0
29.113554000854492,2.8511080741882324,-85.14298248291016,0.0,4.504085996430615,0.0,1.0,1.019181309903866,1.0
-260.6077575683594,2.8511080741882324,-77.1189193725586,0.0,1.287194807782781,0.0,1.0,0.9410843604860064,1.0
-196.0125274658203,2.8511080741882324,157.51593017578125,0.0,6.120448350130452,0.0,1.0,1.0728991870018638,1.0
-206.52906799316406,2.8511080741882324,-21.08853530883789,0.0,5.185112145176172,0.0,1.0,0.9959589241002045,1.0
-208.31471252441406,2.8511080741882324,21.112751007080078,0.0,3.1912382391664487,0.0,1.0,1.0568597597427298,1.0
-10.722589492797852,2.8511080741882324,-165.20315551757812,0.0,6.17060290709494,0.0,1.0,0.9035176403390335,1.0
-227.79925537109375,2.8511080741882324,39.97287368774414,0.0,0.6045802267162311,0.0,1.0,1.058155913246179,1.0
-213.86155700683594,2.8511080741882324,29.161792755126953,0.0,5.764724532606157,0.0,1.0,1.0577018616266072,1.0
14.508840560913086,16.52077293395996,-282.900390625,0.0,5.955577907034188,0.0,1.0,0.9579705532579572,1.0
-21.790325164794922,2.8511080741882324,-104.3902359008789,0.0,0.6471599709342579,0.0,1.0,0.9473905076719692,1.0
93.22222900390625,2.8511080741882324,-246.8143310546875,0.0,5.153515641306447,0.0,1.0,1.0983782887616826,1.0
-230.15365600585938,2.8511080741882324,48.93821334838867,0.0,6.102783664128228,0.0,1.0,0.9685142544115504,1.0
69.98509979248047,2.8511080741882324,-25.20440673828125,0.0,0.7006930618987441,0.0,1.0,1.0043232772626942,1.0
64.45044708251953,2.8511080741882324,-271.6397705078125,0.0,5.51635678120933,0.0,1.0,1.0411707147118638,1.0
13.812841415405273,2.8511080741882324,224.3875274658203,0.0,1.0608390793011115,0.0,1.0,1.0840160610283385,1.0
99.10050201416016,2.8511080741882324,280.2767333984375,0.0,3.471354325211288,0.0,1.0,1.0284553823866653,1.0
-219.745849609375,32.51838684082031,10.74913215637207,0.0,2.213729324322837,0.0,1.0,0.9910184054428735,1.0
195.67572021484375,2.8511080741882324,224.30828857421875,0.0,2.076483003346971,0.0,1.0,0.9400382681232803,1.0
176.28314208984375,2.8511080741882324,-227.71853637695312,0.0,2.4302061351641906,0.0,1.0,1.0823021828590398,1.0
23.65208625793457,2.8511080741882324,-72.5797119140625,0.0,4.816231471130469,0.0,1.0,1.0187132264658498,1.0
-93.4887466430664,2.8511080741882324,-98.9280014038086,0.0,5.928228426084138,0.0,1.0,1.0427056694379668,1.0
-5.543710708618164,2.8511080741882324,-197.9607696533203,0.0,6.100218289130529,0.0,1.0,0.9432050944273922,1.0
-254.13259887695312,2.8511080741882324,58.7107048034668,0.0,4.775184383232629,0.0,1.0,1.056343244612229,1.0
-213.8931884765625,31.050704956054688,2.2939977645874023,0.0,5.660310328578256,0.0,1.0,0.9322146720977114,1.0
-267.2103271484375,2.8511078357696533,77.1029281616211,0.0,5.89098896947605,0.0,1.0,0.9183863544553339,1.0
-121.21259307861328,2.8511080741882324,-183.373779296875,0.0,4.321918367349996,0.0,1.0,1.0100952832269412,1.0
113.5035400390625,2.8511080741882324,-173.21951293945312,0.0,3.165325290330321,0.0,1.0,0.9888869909577807,1.0
117.1519775390625,2.8511080741882324,229.70169067382812,0.0,1.5490832406562594,0.0,1.0,0.9056793780479554,1.0
101.78789520263672,2.8511080741882324,-189.46926879882812,0.0,1.66587713018741,0.0,1.0,1.0885031109843024,1.0
-38.45539474487305,16.763776779174805,-305.250244140625,0.0,2.1916687410210427,0.0,1.0,0.953494704072645,1.0
147.8451385498047,2.8511080741882324,-162.670654296875,0.0,5.780002477792895,0.0,1.0,1.0108862869308333,1.0
-294.09344482421875,2.8511080741882324,-104.04147338867188,0.0,4.036460654699058,0.0,1.0,1.0373649291997924,1.0
-230.04638671875,2.8511080741882324,-75.41139221191406,0.0,1.3492396242090485,0.0,1.0,0.9237785325423434,1.0
93.58476257324219,2.8511080741882324,-3.463651657104492,0.0,3.8763267295802937,0.0,1.0,1.017217134778003,1.0
67.97344970703125,2.8511080741882324,220.52664184570312,0.0,3.5368689712087034,0.0,1.0,1.0498084072157745,1.0
-288.67559814453125,2.8511080741882324,85.02237701416016,0.0,0.9076044792164637,0.0,1.0,0.9596333896089109,1.0
-273.90582275390625,2.8511080741882324,-154.81228637695312,0.0,5.006932803033318,0.0,1.0,0.9607443583188259,1.0
152.47373962402344,2.8511080741882324,125.65266418457031,0.0,3.817991159458678,0.0,1.0,0.9336316437963749,1.0
-108.30278015136719,2.8511080741882324,-245.48638916015625,0.0,5.88476684041695,0.0,1.0,0.9940269683741724,1.0
-20.678129196166992,16.68680763244629,-205.74365234375,0.0,6.187803886247042,0.0,1.0,1.0482173396306567,1.0
45.924896240234375,2.8511080741882324,-124.92733001708984,0.0,1.1667063258374706,0.0,1.0,0.9025194460823446,1.0
100.75326538085938,2.8511080741882324,-262.0099182128906,0.0,4.682870371245836,0.0,1.0,0.9713823507480244,1.0
-27.002199172973633,2.8511080741882324,-128.72232055664062,0.0,3.9900150609290757,0.0,1.0,0.9210191011070447,1.0
84.05021667480469,2.8511080741882324,3.558269500732422,0.0,1.9658928769370152,0.0,1.0,0.9341470695126094,1.0
-253.50738525390625,2.8511080741882324,82.59038543701172,0.0,0.7576972953867736,0.0,1.0,0.913855402602018,1.0
-265.25042724609375,2.8511080741882324,-101.36750793457031,0.0,3.8774988588360966,0.0,1.0,1.095670854255798,1.0
120.79544830322266,2.8511080741882324,-131.1821746826172,0.0,4.691298507094588,0.0,1.0,1.0823062731042872,1.0
-285.2337646484375,2.8511080741882324,79.82398223876953,0.0,3.633746393290488,0.0,1.0,0.9213707988313149,1.0
59.589969635009766,2.8511080741882324,57.45935821533203,0.0,2.373868521548513,0.0,1.0,1.0617242245502194,1.0
-282.57476806640625,2.8511080741882324,-155.86929321289062,0.0,5.207141300138289,0.0,1.0,0.9302354350675827,1.0
274.05364990234375,2.8511080741882324,-38.97239685058594,0.0,4.7121291051434255,0.0,1.0,1.012373140279574,1.0
-222.04605102539062,2.8511080741882324,35.22592544555664,0.0,3.933332021985657,0.0,1.0,1.020663537905203,1.0
49.781044006347656,2.8511080741882324,-94.13130950927734,0.0,0.941746554383973,0.0,1.0,0.9861963458334764,1.0
69.1909408569336,2.8511080741882324,92.90679931640625,0.0,0.7653011428124533,0.0,1.0,1.0798628456327712,1.0
-255.33609008789062,14.763102531433105,-149.82777404785156,0.0,5.986401528225947,0.0,1.0,1.0982181222612803,1.0
199.23895263671875,2.8511080741882324,-57.3282470703125,0.0,1.5714225975320324,0.0,1.0,1.0551695076951033,1.0
-279.4612731933594,2.8511080741882324,104.62326049804688,0.0,1.9330675660089216,0.0,1.0,0.938624269719468,1.0
25.951263427734375,2.8511080741882324,27.703214645385742,0.0,4.686861124022835,0.0,1.0,1.0815976241121115,1.0
-237.22108459472656,2.8511080741882324,50.19008255004883,0.0,0.4641182710155967,0.0,1.0,0.9871537197284578,1.0
238.34666442871094,2.8511080741882324,-123.43299865722656,0.0,5.621950650323001,0.0,1.0,0.9092934294795388,1.0
-17.016002655029297,16.68680763244629,-227.67535400390625,0.0,6.018590022254906,0.0,1.0,0.9699459577504317,1.0
63.20008087158203,2.8511080741882324,-61.36381530761719,0.0,1.0711739317756144,0.0,1.0,0.9660157056668881,1.0
182.57479858398438,2.8511080741882324,-178.2987518310547,0.0,2.0256970337413485,0.0,1.0,1.0028716382047393,1.0
22.739961624145508,2.8511080741882324,-131.2847137451172,0.0,1.0891706035627502,0.0,1.0,0.9974359611335242,1.0
65.0202407836914,2.8511080741882324,-97.05947875976562,0.0,2.0442160714986684,0.0,1.0,0.9539331131567597,1.0
-269.20025634765625,2.8511080741882324,-137.70187377929688,0.0,2.157938342140298,0.0,1.0,1.0829705470839532,1.0
-284.8736877441406,2.8511080741882324,-42.635719299316406,0.0,2.8419294799260735,0.0,1.0,0.9460044449973275,1.0
145.28347778320312,2.8511080741882324,-181.20611572265625,0.0,0.1331895898484634,0.0,1.0,1.0386832972507511,1.0
-88.57576751708984,2.8511080741882324,-292.2268371582031,0.0,3.4714379477140875,0.0,1.0,0.9676627481033381,1.0
-202.11868286132812,2.8511080741882324,-112.57804870605469,0.0,3.3047637328015274,0.0,1.0,1.00050573031413,1.0
-275.9505920410156,2.8511080741882324,59.19967269897461,0.0,6.118299781973897,0.0,1.0,0.9294192672090626,1.0
-272.727783203125,2.8511080741882324,80.2107925415039,0.0,3.7853257129319187,0.0,1.0,1.099867344165421,1.0
13.922918319702148,2.8511080741882324,-244.50685119628906,0.0,2.473751148145933,0.0,1.0,0.9770880181930195,1.0
-233.0990753173828,2.8511080741882324,-95.16413879394531,0.0,5.720222369689135,0.0,1.0,0.906933512909501,1.0
242.62869262695312,2.8511080741882324,87.99554443359375,0.0,3.8459221245984794,0.0,1.0,1.0505974092372814,1.0
30.673145294189453,2.8511080741882324,-72.2239990234375,0.0,5.546874582891835,0.0,1.0,0.9450806119947115,1.0
59.221710205078125,2.8511080741882324,76.52896118164062,0.0,1.2328011030685537,0.0,1.0,0.9745749350440464,1.0
-258.0116271972656,2.8511083126068115,-196.2384033203125,0.0,3.9129878758036876,0.0,1.0,1.085026388538414,1.0
68.68961334228516,2.8511080741882324,66.07077026367188,0.0,2.6295799907068504,0.0,1.0,0.9847615513150955,1.0
-267.3253173828125,2.8511080741882324,-144.0560760498047,0.0,0.5355723182302572,0.0,1.0,1.0543994913735968,1.0
251.21829223632812,2.8511080741882324,-61.79865264892578,0.0,4.6824968472660755,0.0,1.0,0.9281617748515412,1.0
229.25729370117188,2.8511080741882324,-42.326786041259766,0.0,3.8269350796465527,0.0,1.0,0.9376597579942141,1.0
164.3476104736328,2.8511080741882324,27.269514083862305,0.0,4.350483327714466,0.0,1.0,1.021753796024655,1.0
33.213348388671875,2.8511080741882324,33.79182815551758,0.0,0.37686480401226935,0.0,1.0,1.0618935131196874,1.0
-287.27008056640625,2.8511080741882324,-126.77371978759766,0.0,6.169093534367656,0.0,1.0,1.046523636836718,1.0
-17.204959869384766,16.68680763244629,-220.0474853515625,0.0,5.012651394008196,0.0,1.0,1.0070876372616526,1.0
82.10270690917969,2.8511080741882324,13.901586532592773,0.0,0.17118282383388042,0.0,1.0,1.0236996565156122,1.0
-76.226318359375,14.989324569702148,-297.541015625,0.0,2.3215848247768798,0.0,1.0,1.0716830673709379,1.0
-8.457301139831543,2.8511080741882324,-129.4623565673828,0.0,0.20524925986849418,0.0,1.0,1.0562277698012312,1.0
-291.6339416503906,30.77891731262207,-27.986392974853516,0.0,0.01811976644060894,0.0,1.0,0.9059497917391798,1.0
-163.3062286376953,2.8511080741882324,-89.05973052978516,0.0,2.176718605849103,0.0,1.0,0.95994573835872,1.0
-216.1435089111328,2.8511080741882324,-119.44073486328125,0.0,2.09317648677275,0.0,1.0,1.0851874768116634,1.0
134.44430541992188,2.8511078357696533,-140.26626586914062,0.0,2.1034030372073,0.0,1.0,1.0767568324976802,1.0
7.195727825164795,2.8511080741882324,221.97547912597656,0.0,1.5071020011780052,0.0,1.0,0.9220353172522753,1.0
93.57121276855469,2.8511080741882324,92.55270385742188,0.0,5.173267981909082,0.0,1.0,0.9966527097653554,1.0
84.37065124511719,2.8511080741882324,76.71543884277344,0.0,3.1271324111447547,0.0,1.0,0.9822162519694746,1.0
58.35847854614258,2.8511080741882324,-94.48489379882812,0.0,4.560613387062794,0.0,1.0,1.035286617105266,1.0
-203.1322021484375,2.8511080741882324,-266.67401123046875,0.0,1.7493268840891063,0.0,1.0,1.0937705148327186,1.0
52.263877868652344,2.8511080741882324,48.5881462097168,0.0,3.7018717091053457,0.0,1.0,1.0941024483732007,1.0
-276.7603759765625,2.8511080741882324,65.30995178222656,0.0,3.9107775318117715,0.0,1.0,0.9968066377685368,1.0
133.29034423828125,2.8511080741882324,-219.116455078125,0.0,5.953987864837802,0.0,1.0,1.0873608350067951,1.0
-167.59828186035156,2.8511080741882324,-249.9785919189453,0.0,2.6992498428482494,0.0,1.0,1.0635046552567462,1.0
-295.75958251953125,2.8511080741882324,-157.19097900390625,0.0,3.3388289704598653,0.0,1.0,1.046615335452715,1.0
-46.81731414794922,16.846649169921875,-244.581298828125,0.0,4.2598974030391785,0.0,1.0,0.9901891945048429,1.0
238.8597412109375,2.8511080741882324,-70.1178207397461,0.0,2.0522729616572195,0.0,1.0,1.0854952267703863,1.0
230.63783264160156,2.8511080741882324,92.64029693603516,0.0,5.389313837547616,0.0,1.0,1.0789754187165634,1.0
198.91012573242188,2.8511080741882324,139.47984313964844,0.0,3.1892632510225813,0.0,1.0,1.094756907926704,1.0
95.69357299804688,2.8511080741882324,-178.08929443359375,0.0,1.3275434497884577,0.0,1.0,0.9971925423644729,1.0
-42.11604309082031,16.76451301574707,-250.44119262695312,0.0,2.194324747661752,0.0,1.0,0.9105396368132734,1.0
-232.14907836914062,2.8511080741882324,34.82665252685547,0.0,5.942188332394687,0.0,1.0,0.9759693222683767,1.0
-268.5980529785156,2.8511080741882324,-228.0874786376953,0.0,3.887396328556126,0.0,1.0,0.9262990946960422,1.0
-242.3502197265625,15.118680000305176,-120.66682434082031,0.0,0.8195256133829407,0.0,1.0,1.0082391638887571,1.0
83.67388916015625,2.8511080741882324,93.47411346435547,0.0,4.605627853514261,0.0,1.0,0.9101003943180167,1.0
37.96398162841797,2.8511080741882324,-236.1746826171875,0.0,0.7053818589378147,0.0,1.0,0.9758960741095741,1.0
30.764699935913086,2.8511080741882324,-277.43328857421875,0.0,2.8694744376470225,0.0,1.0,0.9413506737835201,1.0
52.581207275390625,2.8511080741882324,-43.045082092285156,0.0,2.6067076663959665,0.0,1.0,1.093484844512008,1.0
59.03823471069336,2.8511080741882324,166.5526123046875,0.0,4.908061226156975,0.0,1.0,1.0921366024217132,1.0
-41.25176239013672,2.8511080741882324,-227.5780487060547,0.0,2.1844767105906397,0.0,1.0,1.0423453739733068,1.0
-105.1627197265625,2.8511080741882324,-335.5655822753906,0.0,4.931323674306557,0.0,1.0,1.0895518097468304,1.0
13.56307601928711,2.8511080741882324,-71.93081665039062,0.0,3.9234626983310337,0.0,1.0,1.0937326556647826,1.0
27.196640014648438,2.8511080741882324,-241.7147979736328,0.0,5.292271597033709,0.0,1.0,1.0620000847842137,1.0
2.9361844062805176,2.8511080741882324,-105.44705200195312,0.0,4.900896172127236,0.0,1.0,0.9657121748750348,1.0
-259.53350830078125,32.66514587402344,46.29738998413086,0.0,1.548937547184882,0.0,1.0,1.0805815797035363,1.0
97.68722534179688,2.8511080741882324,243.3333740234375,0.0,5.381617912404865,0.0,1.0,0.9761486591537663,1.0
88.22833251953125,2.8511080741882324,-224.204833984375,0.0,3.931010338501833,0.0,1.0,1.0027167997958844,1.0
-270.78033447265625,32.672969818115234,47.65437698364258,0.0,5.314303597376487,0.0,1.0,1.061247431689015,1.0
-32.707603454589844,2.8511080741882324,-240.0338592529297,0.0,5.269619535955291,0.0,1.0,0.9753614705723774,1.0
32.769866943359375,2.8511080741882324,221.0240936279297,0.0,1.514654494865023,0.0,1.0,0.9610921779006675,1.0
-7.431644439697266,2.8511080741882324,-222.09083557128906,0.0,0.49494842943704115,0.0,1.0,0.9203177690951552,1.0
79.32218933105469,2.8511080741882324,-97.82337188720703,0.0,0.2911716543982815,0.0,1.0,1.0907779713121464,1.0
-3.1353578567504883,2.8511080741882324,-263.843017578125,0.0,1.680083433373827,0.0,1.0,1.050881748309659,1.0
32.17839431762695,2.8511080741882324,-174.54368591308594,0.0,2.6405359977000398,0.0,1.0,1.0310182627442719,1.0
-277.56182861328125,2.8511080741882324,97.08370208740234,0.0,0.3110121982566788,0.0,1.0,0.9952928151477902,1.0
-244.12503051757812,2.8511080741882324,-119.97491455078125,0.0,5.295784115458971,0.0,1.0,0.9518994551873418,1.0
9.255504608154297,2.8511080741882324,-186.83328247070312,0.0,2.4946837618818813,0.0,1.0,1.0556965874550694,1.0
121.07424926757812,2.8511078357696533,-172.85525512695312,0.0,4.248902901094659,0.0,1.0,0.9090153399198638,1.0
74.46493530273438,2.8511080741882324,69.57424926757812,0.0,2.8295272391118864,0.0,1.0,1.0013970367082001,1.0
83.9363784790039,2.8511080741882324,110.52394104003906,0.0,1.2920161124276568,0.0,1.0,0.915848459632221,1.0
-83.6375503540039,2.8511080741882324,-235.39297485351562,0.0,5.293282378442681,0.0,1.0,0.9754133877615031,1.0
-157.71463012695312,2.8511080741882324,-101.0781478881836,0.0,4.443406621791722,0.0,1.0,1.048234065146068,1.0
77.28419494628906,2.8511080741882324,232.50860595703125,0.0,5.66357611189702,0.0,1.0,1.0293440361228519,1.0
-202.73486328125,2.8511080741882324,63.89097213745117,0.0,5.295371442267452,0.0,1.0,0.9083923410401972,1.0
-259.6729736328125,2.8511078357696533,99.13516235351562,0.0,5.509608146386627,0.0,1.0,1.0826704344153593,1.0
-304.220703125,2.8511080741882324,-129.79185485839844,0.0,3.1975851509400406,0.0,1.0,0.9997321264215905,1.0
-220.2845001220703,2.8511080741882324,142.04078674316406,0.0,3.1222756615890157,0.0,1.0,0.9494917091760144,1.0
-290.71044921875,2.8511080741882324,-111.70758819580078,0.0,4.261609319813264,0.0,1.0,1.0906285424889313,1.0
36.75926208496094,2.8511080741882324,-113.67472839355469,0.0,0.9851315597229948,0.0,1.0,0.9993953803044944,1.0
-257.1848449707031,2.8511080741882324,91.35943603515625,0.0,0.05558054233745063,0.0,1.0,1.063434363629037,1.0
-195.91659545898438,2.8511080741882324,72.44778442382812,0.0,4.943902940690138,0.0,1.0,0.9827754933000985,1.0
-208.25343322753906,2.8511080741882324,76.5396499633789,0.0,3.562827927287868,0.0,1.0,1.0736104524245362,1.0
214.2088623046875,2.8511080741882324,210.88919067382812,0.0,2.7904834615168026,0.0,1.0,0.9423371535742248,1.0
-108.79135131835938,2.8511080741882324,-225.4212188720703,0.0,0.6678921935860177,0.0,1.0,1.0386073812243128,1.0
5.342203140258789,2.8511080741882324,-212.5665283203125,0.0,1.4774452848502357,0.0,1.0,1.092967227953018,1.0
-201.0591278076172,2.8511080741882324,112.7703628540039,0.0,0.8472755293534303,0.0,1.0,1.020399071131563,1.0
172.5824432373047,2.8511080741882324,34.525672912597656,0.0,5.705081900198973,0.0,1.0,1.0172462753548643,1.0
-204.3721466064453,2.8511080741882324,84.37750244140625,0.0,2.309182931150675,0.0,1.0,0.9292769479094224,1.0
-210.33428955078125,2.8511080741882324,115.701904296875,0.0,4.784581439789876,0.0,1.0,0.921644464411434,1.0
54.6864013671875,2.8511080741882324,-315.25128173828125,0.0,0.6626526745669584,0.0,1.0,1.0055356377148565,1.0
204.8644561767578,2.8511080741882324,162.13546752929688,0.0,4.138521353671057,0.0,1.0,0.9132462808346569,1.0
9.927967071533203,2.8511080741882324,-222.3372039794922,0.0,2.919205507639997,0.0,1.0,1.0459011422323,1.0
23.278732299804688,2.8511080741882324,-184.53860473632812,0.0,1.692116244607291,0.0,1.0,1.0839119672045143,1.0
57.210391998291016,2.8511080741882324,-216.44610595703125,0.0,0.557647332519263,0.0,1.0,1.036971198285606,1.0
133.71995544433594,2.8511080741882324,-162.9625701904297,0.0,6.134751891090234,0.0,1.0,1.0347730006933273,1.0
26.121049880981445,2.8511080741882324,-228.73867797851562,0.0,5.856776601883062,0.0,1.0,0.9020337400408375,1.0
-127.74772644042969,2.8511080741882324,-202.2501220703125,0.0,3.062406873686404,0.0,1.0,1.048790357496308,1.0
11.356422424316406,2.8511080741882324,-325.10162353515625,0.0,2.6435789617388896,0.0,1.0,0.9720079611848526,1.0
213.53396606445312,2.8511080741882324,200.08154296875,0.0,4.49052589945154,0.0,1.0,0.959829045930905,1.0
31.020179748535156,2.8511080741882324,-321.4554138183594,0.0,3.4207809705308256,0.0,1.0,1.0655780200666538,1.0
-216.91200256347656,2.8511080741882324,136.94874572753906,0.0,0.8834143606626055,0.0,1.0,0.9314194751814606,1.0
163.51083374023438,2.8511080741882324,128.47900390625,0.0,0.8827335720773641,0.0,1.0,1.016177396545612,1.0
-249.81198120117188,2.8511080741882324,76.9041748046875,0.0,2.231329099726462,0.0,1.0,0.9899139354601623,1.0
-62.5598030090332,2.8511083126068115,-247.59600830078125,0.0,2.3594425306381517,0.0,1.0,1.0450148641649664,1.0
-252.98580932617188,32.65521240234375,44.69743728637695,0.0,3.180697929719957,0.0,1.0,0.9044526279743771,1.0
245.478759765625,2.8511080741882324,-46.87455749511719,0.0,5.9315766009699855,0.0,1.0,1.0148632588939874,1.0
150.04736328125,2.8511080741882324,-146.32046508789062,0.0,6.13002609908807,0.0,1.0,1.014046536537504,1.0
48.467742919921875,2.8511080741882324,-314.5492858886719,0.0,3.7982761047782394,0.0,1.0,1.023793243031963,1.0
26.28780174255371,2.8511080741882324,-105.12015533447266,0.0,5.259707041975331,0.0,1.0,0.9143353116082034,1.0
184.3634033203125,2.8511080741882324,-111.72469329833984,0.0,0.25696846358549347,0.0,1.0,0.9921701863785817,1.0
-224.14010620117188,15.074825286865234,-136.27978515625,0.0,4.128518359964703,0.0,1.0,1.0601792700216697,1.0
-198.70303344726562,2.8511080741882324,42.478431701660156,0.0,1.1743673676745825,0.0,1.0,0.9384855313069592,1.0
86.60675048828125,2.8511080741882324,82.62735748291016,0.0,4.330907041609423,0.0,1.0,1.0785546260434202,1.0
31.83319091796875,2.8511080741882324,-247.96507263183594,0.0,0.49966026228043126,0.0,1.0,0.961584036873888,1.0
247.58523559570312,2.8511080741882324,33.17757797241211,0.0,2.58886342399196,0.0,1.0,1.086881302970981,1.0
93.34534454345703,2.8511080741882324,282.0220947265625,0.0,4.000361332545044,0.0,1.0,0.9483355859225275,1.0
156.01620483398438,2.8511080741882324,-48.19519805908203,0.0,5.443746107882144,0.0,1.0,1.0765968283625558,1.0
81.7772216796875,2.8511080741882324,225.63986206054688,0.0,5.067500465429067,0.0,1.0,1.0988229949899826,1.0
66.1941909790039,2.8511080741882324,180.22071838378906,0.0,1.863072297661056,0.0,1.0,0.907550766470169,1.0
30.49289894104004,2.8511080741882324,45.46009063720703,0.0,5.773465730600166,0.0,1.0,1.054804726839268,1.0
-240.05752563476562,2.8511080741882324,-145.83218383789062,0.0,3.298377550229293,0.0,1.0,1.073521990164423,1.0
151.9445037841797,2.8511080741882324,-152.59730529785156,0.0,0.28687787228351186,0.0,1.0,1.0456637791409484,1.0
161.8372344970703,2.8511080741882324,122.36009979248047,0.0,0.24474281770104975,0.0,1.0,1.0955847440410513,1.0
36.53199005126953,2.8511080741882324,-316.8619384765625,0.0,2.4953077293344226,0.0,1.0,1.0045591471710322,1.0
19.152454376220703,2.8511080741882324,-255.4891815185547,0.0,5.388556127800001,0.0,1.0,0.9605498676100562,1.0
39.92940902709961,2.8511080741882324,-202.76602172851562,0.0,4.434339349630386,0.0,1.0,0.9185675004484819,1.0
139.60989379882812,2.8511080741882324,55.602783203125,0.0,3.0184346593200786,0.0,1.0,0.9199418533471659,1.0
-163.21542358398438,2.8511080741882324,-244.19149780273438,0.0,3.8792478542353552,0.0,1.0,1.03976608946254,1.0
223.86346435546875,2.8511080741882324,167.4603729248047,0.0,0.21378108310061758,0.0,1.0,1.083140901791188,1.0
248.1632080078125,2.8511080741882324,118.8872299194336,0.0,3.3001324159527794,0.0,1.0,0.9380096481663313,1.0
-91.21870422363281,2.8511080741882324,-147.65631103515625,0.0,4.90857520027422,0.0,1.0,1.0958326768001119,1.0
-27.385740280151367,17.076379776000977,-208.65875244140625,0.0,0.5776208859225694,0.0,1.0,1.0872912262846857,1.0
65.36650085449219,2.8511083126068115,-135.7275848388672,0.0,3.678052758599981,0.0,1.0,0.9671689242442176,1.0
49.20703125,2.8511080741882324,-233.35646057128906,0.0,5.944582430676228,0.0,1.0,1.0549727724825853,1.0
39.218509674072266,2.8511080741882324,173.92572021484375,0.0,0.2919913710976441,0.0,1.0,1.0272969612960106,1.0
30.778337478637695,2.8511080741882324,229.5014190673828,0.0,2.297791726936631,0.0,1.0,1.0548777088167887,1.0
-35.90852737426758,17.590709686279297,-202.97430419921875,0.0,5.592356229766286,0.0,1.0,1.099002733470073,1.0
-201.015869140625,2.8511080741882324,-94.28223419189453,0.0,4.824540546717723,0.0,1.0,1.065803203701354,1.0
99.34124755859375,2.8511080741882324,95.86141967773438,0.0,1.3402080785465267,0.0,1.0,0.9076975049958619,1.0
1.7842626571655273,2.8511080741882324,-325.3086853027344,0.0,2.45683090589912,0.0,1.0,1.0664196190552637,1.0
95.63313293457031,2.8511080741882324,-237.05587768554688,0.0,1.0885887963322363,0.0,1.0,1.0369352463739543,1.0
28.07221794128418,2.8511080741882324,113.22342681884766,0.0,2.0929767616995645,0.0,1.0,0.9003866735572144,1.0
84.20443725585938,2.8511080741882324,232.6058807373047,0.0,3.4981301451437137,0.0,1.0,1.0222278910877243,1.0
80.9844970703125,2.8511080741882324,-132.5860595703125,0.0,0.41384347439674063,0.0,1.0,0.9565360263162254,1.0
-240.4671630859375,2.8511080741882324,-5.256538391113281,0.0,4.162154526884562,0.0,1.0,1.040824120309709,1.0
25.211318969726562,2.8511080741882324,93.13748168945312,0.0,5.457857713480826,0.0,1.0,1.0588115459001366,1.0
-29.36092758178711,2.8511080741882324,-226.1947479248047,0.0,5.089183505509012,0.0,1.0,1.098367828489727,1.0
245.43295288085938,2.8511080741882324,100.35354614257812,0.0,5.016773075012786,0.0,1.0,1.00903986046507,1.0
-26.925323486328125,17.08970832824707,-215.02618408203125,0.0,3.176959678329798,0.0,1.0,0.9388929773650794,1.0
7.898079872131348,2.8511080741882324,-242.0139617919922,0.0,2.5524909871217685,0.0,1.0,1.0623691043641483,1.0
83.76284790039062,2.8511080741882324,-90.20584106445312,0.0,3.8109495140674112,0.0,1.0,1.0151054675970472,1.0
186.43014526367188,2.8511080741882324,174.73977661132812,0.0,2.7180510491484156,0.0,1.0,0.9343304762884613,1.0
-215.11769104003906,2.8511080741882324,129.8131561279297,0.0,5.265468178278606,0.0,1.0,0.9286877948270582,1.0
-95.44306945800781,2.8511080741882324,-273.3299255371094,0.0,1.9637759858686274,0.0,1.0,0.9817288711165528,1.0
-258.08343505859375,2.8511080741882324,-209.81192016601562,0.0,2.353270375316944,0.0,1.0,0.9974413143357358,1.0
47.93546676635742,2.8511083126068115,-159.8048858642578,0.0,3.7597849153892113,0.0,1.0,0.9818451859822988,1.0
47.36451721191406,2.8511078357696533,-169.85324096679688,0.0,2.3688239795497505,0.0,1.0,0.9089363891534477,1.0
42.98701477050781,2.8511080741882324,-242.46649169921875,0.0,1.3486343097604823,0.0,1.0,1.020769262659414,1.0
92.12290954589844,2.8511080741882324,-35.24396896362305,0.0,0.7177639420044557,0.0,1.0,1.0851323078336867,1.0
47.86859130859375,2.8511080741882324,56.0151252746582,0.0,4.291284246449225,0.0,1.0,0.9556319915079241,1.0
57.621612548828125,2.8511080741882324,-57.221656799316406,0.0,1.0435045085801975,0.0,1.0,0.9788283181849537,1.0
169.51815795898438,2.8511080741882324,205.30027770996094,0.0,5.037431699976145,0.0,1.0,0.9830380753195265,1.0
257.41357421875,2.8511080741882324,-75.6946029663086,0.0,4.655904479361405,0.0,1.0,1.0214296061443149,1.0
28.623502731323242,2.8511080741882324,-46.12422180175781,0.0,4.777264609504823,0.0,1.0,0.9246794163402022,1.0
145.4167022705078,2.8511078357696533,52.444969177246094,0.0,0.17001647405504766,0.0,1.0,1.006255434394894,1.0
137.0541229248047,2.8511080741882324,97.42436981201172,0.0,5.29452255959683,0.0,1.0,1.086489305785712,1.0
63.505794525146484,2.8511078357696533,254.41123962402344,0.0,1.729174590308638,0.0,1.0,0.9423891702461814,1.0
22.099609375,2.8511080741882324,88.00049591064453,0.0,1.2380905549318932,0.0,1.0,1.0518096837737774,1.0
162.4828338623047,2.8511080741882324,-154.96824645996094,0.0,4.904484225403112,0.0,1.0,1.08565299791916,1.0
-8.006439208984375,2.8511080741882324,-148.36219787597656,0.0,5.181964559212297,0.0,1.0,0.9142871800344313,1.0
-34.23303985595703,2.8511080741882324,-234.13096618652344,0.0,5.847734004463755,0.0,1.0,1.0546487527962163,1.0
-223.6643524169922,5.35921049118042,-244.747314453125,0.0,2.126198618230168,0.0,1.0,0.9587272421857351,1.0
89.36351013183594,2.8511080741882324,-178.59487915039062,0.0,1.6826586421864818,0.0,1.0,1.0530369056383715,1.0
25.466278076171875,2.8511080741882324,-178.34542846679688,0.0,3.76179840046755,0.0,1.0,1.0494365434099961,1.0
253.2067413330078,2.8511078357696533,-104.77999877929688,0.0,3.6237118681158855,0.0,1.0,0.9677255920939222,1.0
-225.25741577148438,2.8511080741882324,135.341796875,0.0,2.597759564917336,0.0,1.0,1.0590947797308692,1.0
-120.95204162597656,2.8511080741882324,-138.41119384765625,0.0,2.647620178121485,0.0,1.0,0.948155999243133,1.0
37.03401184082031,2.8511080741882324,-186.49827575683594,0.0,5.452278404843027,0.0,1.0,0.9868784203258807,1.0
-4.214096546173096,2.8511083126068115,-257.54425048828125,0.0,4.908659724687823,0.0,1.0,0.9257995634853575,1.0
191.07754516601562,2.8511080741882324,160.9069061279297,0.0,3.3113887308587517,0.0,1.0,1.0939411755620958,1.0
-225.27041625976562,2.8511080741882324,-99.48280334472656,0.0,5.13347861573147,0.0,1.0,1.0434146226211476,1.0
-255.2875213623047,32.699092864990234,51.34464645385742,0.0,0.96208167440096,0.0,1.0,0.9158145198375186,1.0
60.089202880859375,2.8511080741882324,-252.47433471679688,0.0,0.10190932838531755,0.0,1.0,0.9804356209616802,1.0
128.40792846679688,2.8511080741882324,-118.0599365234375,0.0,2.94024213719883,0.0,1.0,0.9017124242058672,1.0
-144.5068817138672,2.8511080741882324,-288.45367431640625,0.0,3.4488496584114703,0.0,1.0,1.0711849282828694,1.0
-218.80343627929688,4.968286514282227,-248.7163848876953,0.0,5.558595324299194,0.0,1.0,0.9277163823315733,1.0
151.9613037109375,2.8511080741882324,114.31050109863281,0.0,4.965658206376044,0.0,1.0,0.9143829250855566,1.0
-267.37945556640625,2.8511080741882324,-183.20628356933594,0.0,0.40530895673124256,0.0,1.0,0.9784368441077672,1.0
-255.46263122558594,2.8511080741882324,-244.87335205078125,0.0,4.499555281416273,0.0,1.0,0.9676932540208764,1.0
-152.36953735351562,2.8511080741882324,-161.30609130859375,0.0,4.406365111777412,0.0,1.0,1.0834090632113156,1.0
-271.2713623046875,31.40225601196289,-111.28807067871094,0.0,3.9809122968635577,0.0,1.0,1.0146642702293776,1.0
239.31723022460938,2.8511080741882324,-103.14556121826172,0.0,1.7266364410107597,0.0,1.0,0.9263197407026715,1.0
105.07608795166016,2.8511080741882324,-52.242164611816406,0.0,3.371992474436436,0.0,1.0,1.0491469519358436,1.0
-48.629608154296875,2.8511078357696533,-181.10928344726562,0.0,6.158996367702966,0.0,1.0,0.980451941677569,1.0
6.75504207611084,16.976646423339844,-253.15834045410156,0.0,5.757402708681527,0.0,1.0,0.9283508138697399,1.0
183.2963409423828,2.8511080741882324,201.04888916015625,0.0,1.821142762027505,0.0,1.0,1.0859676498779685,1.0
15.882898330688477,2.8511080741882324,-178.33091735839844,0.0,0.6960447181385654,0.0,1.0,0.9039613630236378,1.0
-119.92607879638672,2.8511080741882324,-218.64263916015625,0.0,1.194889121193206,0.0,1.0,0.9823177978404605,1.0
-287.14306640625,2.8511080741882324,-98.02098846435547,0.0,1.916582922873999,0.0,1.0,0.9704637454319673,1.0
63.786529541015625,2.8511083126068115,0.31641197204589844,0.0,4.290144995299037,0.0,1.0,1.0636758983380104,1.0
6.194103240966797,2.8511080741882324,-204.8853759765625,0.0,0.2713943486645831,0.0,1.0,1.0566295109868444,1.0
176.55128479003906,2.8511080741882324,159.56210327148438,0.0,6.0806514746418365,0.0,1.0,1.0972586954562273,1.0
51.04247283935547,2.8511080741882324,-217.08319091796875,0.0,0.7010112345941149,0.0,1.0,0.9381925279050221,1.0
-278.858642578125,2.8511080741882324,77.68685913085938,0.0,2.937626278621489,0.0,1.0,1.085249766218472,1.0
-311.59320068359375,2.8511080741882324,-100.79354095458984,0.0,2.350739637356445,0.0,1.0,1.0969612721636723,1.0
-241.9521484375,15.11738109588623,-126.74948120117188,0.0,0.297412945923479,0.0,1.0,1.0951910998252126,1.0
-256.0797119140625,32.647918701171875,11.183613777160645,0.0,0.5891540865809336,0.0,1.0,1.0556476046990948,1.0
-174.5880126953125,2.8511080741882324,-120.45319366455078,0.0,5.942858453768823,0.0,1.0,1.0664621628131679,1.0
236.32281494140625,2.8511080741882324,174.811279296875,0.0,0.2840130074646054,0.0,1.0,1.0342721456826596,1.0
-273.0328063964844,32.619632720947266,17.367610931396484,0.0,0.6014959526253423,0.0,1.0,0.9035912952530305,1.0
169.53701782226562,2.8511080741882324,220.95150756835938,0.0,2.4575189492013845,0.0,1.0,1.0551605228454197,1.0
-277.2729797363281,2.8511080741882324,-212.84352111816406,0.0,5.767712061748881,0.0,1.0,1.0190095040340665,1.0
89.95635986328125,2.8511080741882324,-42.14986038208008,0.0,4.8305051888604265,0.0,1.0,0.9819586514797504,1.0
-32.49473190307617,2.8511080741882324,-334.24285888671875,0.0,3.462046680373181,0.0,1.0,1.0912278184310729,1.0
-173.3870849609375,2.8511080741882324,-242.9951934814453,0.0,3.381471484288546,0.0,1.0,0.9775122375577701,1.0
-179.22866821289062,2.8511080741882324,-248.35235595703125,0.0,2.176947376610407,0.0,1.0,0.9694001849168173,1.0
94.07105255126953,2.8511080741882324,180.4266357421875,0.0,1.0182965931494286,0.0,1.0,1.0267779748864148,1.0
22.78463363647461,2.8511080741882324,-159.80133056640625,0.0,5.481969715285183,0.0,1.0,1.0220077310963944,1.0
-0.8707981109619141,2.8511080741882324,-226.2291259765625,0.0,1.4645741068891407,0.0,1.0,1.0769132854588261,1.0
27.627853393554688,2.8511080741882324,105.89256286621094,0.0,1.1774775767218313,0.0,1.0,0.9625206885410761,1.0
48.918113708496094,2.8511080741882324,-276.0224304199219,0.0,4.831727499213942,0.0,1.0,0.9484670490822,1.0
-78.36292266845703,15.316943168640137,-306.9041748046875,0.0,2.659421658028456,0.0,1.0,0.9158745496558253,1.0
-42.22141647338867,17.704608917236328,-219.09442138671875,0.0,2.3418266760745516,0.0,1.0,0.9678017884387649,1.0
147.50732421875,2.8511080741882324,-258.6765441894531,0.0,3.4123803884773007,0.0,1.0,1.0976151699734509,1.0
63.207401275634766,2.8511080741882324,-76.13959503173828,0.0,3.6942678208573945,0.0,1.0,1.0875058737676546,1.0
41.392269134521484,2.8511080741882324,4.843534469604492,0.0,3.292769246205399,0.0,1.0,0.9496878517028513,1.0
-243.5321044921875,2.8511080741882324,-190.10626220703125,0.0,6.072302192048218,0.0,1.0,1.062514224746747,1.0
-139.0674285888672,2.8511080741882324,-236.23748779296875,0.0,6.2595194127471725,0.0,1.0,1.0779549880976527,1.0
34.99195098876953,2.8511078357696533,155.7377471923828,0.0,2.461205260687033,0.0,1.0,0.921760206061906,1.0
42.60096740722656,2.8511080741882324,205.0701904296875,0.0,2.761319690340346,0.0,1.0,0.9289409832509568,1.0
123.59805297851562,2.8511080741882324,-139.20960998535156,0.0,2.0748597562175295,0.0,1.0,0.9385244816075029,1.0
13.150527954101562,2.8511080741882324,-216.82955932617188,0.0,4.687813296350711,0.0,1.0,0.9595412733383508,1.0
37.63280487060547,2.8511080741882324,-82.91708374023438,0.0,0.7780756635244294,0.0,1.0,0.9650068396138848,1.0
-240.53683471679688,32.604557037353516,17.05441665649414,0.0,0.7076250030444333,0.0,1.0,0.9911215857537924,1.0
-103.65227508544922,2.8511080741882324,-168.76512145996094,0.0,2.6539998540201877,0.0,1.0,1.0176609336828555,1.0
-25.578815460205078,17.025400161743164,-230.27911376953125,0.0,4.790509902875538,0.0,1.0,0.930800959843425,1.0
-177.24862670898438,2.8511080741882324,-223.60513305664062,0.0,5.729214153069069,0.0,1.0,1.0850354166295435,1.0
-172.7974853515625,2.8511080741882324,-174.10372924804688,0.0,0.45060037779763906,0.0,1.0,1.0754551132041494,1.0
43.830020904541016,2.8511083126068115,262.94134521484375,0.0,3.8241089612503205,0.0,1.0,0.97512872038259,1.0
88.16278076171875,2.8511080741882324,-7.418268203735352,0.0,4.698992647778326,0.0,1.0,1.0491487655615361,1.0
100.07257080078125,2.8511080741882324,148.92356872558594,0.0,1.022785469924432,0.0,1.0,1.0241241504133096,1.0
-108.07952117919922,7.607557773590088,-292.0597839355469,0.0,6.148622674304343,0.0,1.0,0.9933604450001274,1.0
157.11827087402344,2.8511080741882324,-119.0535659790039,0.0,6.260575605509184,0.0,1.0,1.0239898600577098,1.0
-265.85406494140625,32.07616424560547,-100.0025405883789,0.0,0.11574642173083999,0.0,1.0,0.9086310924743728,1.0
23.513837814331055,14.970037460327148,-210.62564086914062,0.0,2.904581803217986,0.0,1.0,0.9211600252719766,1.0
259.5663146972656,2.8511080741882324,-87.00053405761719,0.0,5.518906782384522,0.0,1.0,1.033208486505249,1.0
-282.23956298828125,2.8511080741882324,-190.7611083984375,0.0,0.8353868664022116,0.0,1.0,0.9090090027703658,1.0
-192.18191528320312,16.579957962036133,-160.90664672851562,0.0,0.6024663999308096,0.0,1.0,0.97259576261194,1.0
-157.1380615234375,2.8511080741882324,-226.1568145751953,0.0,3.7649623100652168,0.0,1.0,1.0395426379027182,1.0
-210.74937438964844,14.253416061401367,-184.31768798828125,0.0,3.7512478216326777,0.0,1.0,1.0870773341845106,1.0
-141.8877716064453,2.8511080741882324,-247.09408569335938,0.0,2.3582293215246106,0.0,1.0,0.915562895464626,1.0
34.044918060302734,2.8511080741882324,117.0304183959961,0.0,4.065940974911553,0.0,1.0,1.060081580901318,1.0
91.45208740234375,2.8511080741882324,200.1406707763672,0.0,5.186308793945645,0.0,1.0,0.9398575602699129,1.0
-223.01719665527344,9.231109619140625,-207.13673400878906,0.0,2.1769078066779937,0.0,1.0,1.0490236196605953,1.0
153.09042358398438,2.8511080741882324,-17.901403427124023,0.0,0.29221592343737435,0.0,1.0,0.9496403812600713,1.0
-21.864177703857422,2.8511080741882324,-209.91380310058594,0.0,4.065197341281722,0.0,1.0,1.0982964051436097,1.0
86.24595642089844,2.8511080741882324,-238.38555908203125,0.0,1.952064683316371,0.0,1.0,1.0092863931219478,1.0
-146.7859649658203,2.8511080741882324,-236.5228271484375,0.0,3.369208746640938,0.0,1.0,0.9023251656271046,1.0
-115.20734405517578,5.068166732788086,-290.0331115722656,0.0,4.597709302375222,0.0,1.0,0.9077732255194138,1.0
102.79512786865234,2.8511080741882324,170.97610473632812,0.0,0.10226441606119706,0.0,1.0,1.0512679108180605,1.0
-231.38848876953125,9.694778442382812,-201.6153564453125,0.0,3.696216272535628,0.0,1.0,0.9302156922540415,1.0
-285.06536865234375,32.53058624267578,-6.6796393394470215,0.0,3.126572142039584,0.0,1.0,0.9366626052955079,1.0
102.24713134765625,2.8511080741882324,-150.6543426513672,0.0,2.5916097784312067,0.0,1.0,0.9549871953493804,1.0
-268.1829833984375,2.8511080741882324,-211.302001953125,0.0,4.388201475090116,0.0,1.0,1.0246452682440312,1.0
69.16613006591797,2.8511080741882324,79.84669494628906,0.0,2.6753667076795375,0.0,1.0,0.9660502575010435,1.0
-233.3229522705078,32.57976531982422,20.556446075439453,0.0,2.5431227647765766,0.0,1.0,0.9787701329664565,1.0
-216.11895751953125,12.281810760498047,-192.2900848388672,0.0,5.019902788850783,0.0,1.0,0.9561681052456138,1.0
-109.28599548339844,2.8511080741882324,-129.1668243408203,0.0,4.452013782606469,0.0,1.0,1.0665726927151722,1.0
8.904949188232422,16.927581787109375,-272.0777587890625,0.0,5.536944697750358,0.0,1.0,1.006432102303934,1.0
-209.49700927734375,2.8511078357696533,125.06117248535156,0.0,5.45001917731351,0.0,1.0,1.0944153961215404,1.0
-250.87806701660156,2.8511080741882324,-64.99099731445312,0.0,1.737551063297651,0.0,1.0,1.0293379968067038,1.0
176.7564697265625,2.8511080741882324,-27.42425537109375,0.0,2.961571347963935,0.0,1.0,0.9941371696416111,1.0
34.471923828125,2.8511080741882324,-32.802066802978516,0.0,5.677963849330541,0.0,1.0,1.0147911428409873,1.0
101.54570007324219,2.8511080741882324,-279.4258117675781,0.0,5.033305879170935,0.0,1.0,1.0941865844665397,1.0
-22.076942443847656,2.8511080741882324,-26.578969955444336,0.0,4.0076449277610955,0.0,1.0,1.0488688728072364,1.0
26.763010025024414,2.8511080741882324,202.26547241210938,0.0,3.177116028137726,0.0,1.0,0.9863233834640953,1.0
77.96019744873047,2.8511080741882324,-74.91523742675781,0.0,5.0987659668930645,0.0,1.0,1.0617093544957643,1.0
204.29837036132812,2.8511078357696533,-68.62892150878906,0.0,1.6397453759782832,0.0,1.0,0.969594115481148,1.0
45.58914566040039,2.8511080741882324,219.27618408203125,0.0,4.78932601957269,0.0,1.0,0.9625901113576391,1.0
-151.21636962890625,2.8511080741882324,-241.16409301757812,0.0,5.682451155920984,0.0,1.0,0.937060252558947,1.0
45.92906951904297,2.8511080741882324,-284.3998718261719,0.0,3.35583609198191,0.0,1.0,0.9042040727659364,1.0
61.86779022216797,2.8511080741882324,-89.61390686035156,0.0,1.280128105567672,0.0,1.0,1.023468664156204,1.0
-19.687374114990234,2.8511080741882324,-227.57907104492188,0.0,2.926450222264501,0.0,1.0,0.9973197723521626,1.0
0.254302978515625,2.8511080741882324,-283.90069580078125,0.0,3.184350071701578,0.0,1.0,1.0713896248120427,1.0
-118.30233764648438,2.8511080741882324,-190.14378356933594,0.0,2.944464639399479,0.0,1.0,0.9056189332109319,1.0
121.55745697021484,2.8511080741882324,-285.70068359375,0.0,1.4750453776870236,0.0,1.0,0.9967105998948923,1.0
51.87370300292969,2.8511080741882324,251.43667602539062,0.0,0.47608570831047975,0.0,1.0,1.0309587537529676,1.0
-36.245323181152344,2.8511080741882324,-270.5435791015625,0.0,2.7660521312749085,0.0,1.0,0.9510179213438036,1.0
-262.39605712890625,2.8511080741882324,-226.2750244140625,0.0,0.003980385766890296,0.0,1.0,1.0974519253746764,1.0
98.2496109008789,2.8511080741882324,-255.2694091796875,0.0,0.7656820527181767,0.0,1.0,1.0608490678870321,1.0
-211.12538146972656,10.755049705505371,-202.6475830078125,0.0,1.112198252229735,0.0,1.0,1.0990788419299216,1.0
166.4231719970703,2.8511080741882324,34.629295349121094,0.0,1.203200391184184,0.0,1.0,1.0479457267905152,1.0
119.25852966308594,2.8511080741882324,187.14500427246094,0.0,6.011568709875706,0.0,1.0,0.9019139396688052,1.0
112.42095184326172,2.8511080741882324,-133.86094665527344,0.0,0.45707744590370497,0.0,1.0,0.9993025812563148,1.0
-29.898624420166016,2.8511078357696533,-307.6894226074219,0.0,4.58705956797604,0.0,1.0,0.9285964254509053,1.0
157.4298858642578,2.8511080741882324,139.8421630859375,0.0,5.315490899448952,0.0,1.0,0.9256930072151288,1.0
-254.60198974609375,15.07205581665039,-130.8341064453125,0.0,5.988992638553248,0.0,1.0,0.9789440282027818,1.0
7.904273986816406,2.8511080741882324,-281.31988525390625,0.0,0.47123881889712654,0.0,1.0,1.0565504590831032,1.0
-263.4367370605469,32.6474609375,11.898538589477539,0.0,5.905055495012388,0.0,1.0,0.9368999292465079,1.0
-288.2587890625,2.8511083126068115,-189.10028076171875,0.0,4.6332608556693815,0.0,1.0,1.0106921398107303,1.0
-228.86163330078125,10.859382629394531,-195.91070556640625,0.0,2.670303502740981,0.0,1.0,0.9276255013395861,1.0
-33.89054489135742,2.8511080741882324,-278.471923828125,0.0,2.553530531344462,0.0,1.0,1.0944431203338494,1.0
-79.24974060058594,13.019944190979004,-280.847412109375,0.0,1.025795673706122,0.0,1.0,0.9156261100349052,1.0
139.5453643798828,2.8511080741882324,204.6770782470703,0.0,0.8942820837751038,0.0,1.0,0.9918030969045164,1.0
62.59465789794922,2.8511080741882324,81.87582397460938,0.0,0.6208259162804683,0.0,1.0,1.0683248060524435,1.0
175.3308868408203,2.8511080741882324,129.53570556640625,0.0,5.054065163077976,0.0,1.0,1.0499465434941553,1.0
4.373166561126709,16.968975067138672,-267.2638244628906,0.0,3.073170794346584,0.0,1.0,0.9218710696910242,1.0
-52.134300231933594,2.8511080741882324,-283.447998046875,0.0,5.513121054894349,0.0,1.0,0.9232076876659657,1.0
224.39048767089844,2.8511080741882324,-12.053579330444336,0.0,1.90064041196965,0.0,1.0,0.9333127970997972,1.0
-94.48863220214844,2.8511080741882324,-287.42755126953125,0.0,2.3028657579854914,0.0,1.0,0.964583174158317,1.0
6.771073341369629,2.8511080741882324,-309.05792236328125,0.0,4.813265300674754,0.0,1.0,0.9795946889891748,1.0
83.03805541992188,2.8511083126068115,148.3489990234375,0.0,3.766511522369983,0.0,1.0,0.938440329032368,1.0
31.32355499267578,2.8511080741882324,-307.80792236328125,0.0,1.1062625322923727,0.0,1.0,0.9520645526931282,1.0
-73.87982177734375,2.8511080741882324,-265.10198974609375,0.0,3.4857580315088783,0.0,1.0,1.028925969032238,1.0
53.22404479980469,2.8511078357696533,-296.62762451171875,0.0,2.6364426650203425,0.0,1.0,1.0491333635557303,1.0
150.29954528808594,2.8511080741882324,222.91329956054688,0.0,4.954957406614596,0.0,1.0,1.027065959381118,1.0
19.96609115600586,2.8511080741882324,-298.8966369628906,0.0,5.9282315292311,0.0,1.0,0.9788650495467217,1.0
100.28987884521484,2.8511080741882324,-242.01278686523438,0.0,3.958984619373284,0.0,1.0,0.9986390557326071,1.0
-228.37384033203125,31.210172653198242,-32.689170837402344,0.0,1.378751144250522,0.0,1.0,0.9881900906681305,1.0
13.215301513671875,2.8511080741882324,-294.9605712890625,0.0,3.266583443887589,0.0,1.0,1.076691020277173,1.0
58.76858139038086,2.8511080741882324,173.67494201660156,0.0,5.361113543424567,0.0,1.0,1.0874506586160202,1.0
3.354158401489258,2.8511080741882324,-219.01593017578125,0.0,3.028761975555034,0.0,1.0,1.0488676253489893,1.0
10.890522956848145,2.8511080741882324,-98.68373107910156,0.0,1.6742414979418214,0.0,1.0,1.0081085359181956,1.0
125.02734375,2.8511080741882324,132.65432739257812,0.0,1.3571157588668914,0.0,1.0,1.023075170925193,1.0
-274.8810729980469,2.8511080741882324,-100.97702026367188,0.0,2.176479566076342,0.0,1.0,1.0566302861394798,1.0
84.01953125,2.8511080741882324,133.53097534179688,0.0,2.4706355611967488,0.0,1.0,1.041108241011906,1.0
212.4869384765625,2.8511080741882324,12.051776885986328,0.0,4.045516038978788,0.0,1.0,0.9181083887998058,1.0
-272.8824768066406,2.8511080741882324,-200.8883056640625,0.0,1.8387346886228122,0.0,1.0,0.9031979389391992,1.0
-91.04937744140625,2.8511080741882324,-195.63555908203125,0.0,2.543071190471713,0.0,1.0,0.9102507353610936,1.0
-174.2655792236328,2.8511080741882324,-188.04742431640625,0.0,5.9765106309857225,0.0,1.0,0.9320121102235638,1.0
-32.76679992675781,2.8511080741882324,-290.83856201171875,0.0,5.401810691213913,0.0,1.0,1.0536395755986265,1.0
-205.49526977539062,14.331974983215332,-113.29243469238281,0.0,2.0673988787338975,0.0,1.0,0.9898308654019401,1.0
-208.88047790527344,2.8511080741882324,153.2430877685547,0.0,1.1734357752063835,0.0,1.0,0.9584794511397432,1.0
-90.78579711914062,12.578163146972656,-308.5230407714844,0.0,4.99635810864503,0.0,1.0,1.0925756116999104,1.0
5.943482875823975,2.8511080741882324,-85.77783966064453,0.0,2.257807515292617,0.0,1.0,1.0901804821658088,1.0
76.71888732910156,2.8511080741882324,-125.95419311523438,0.0,1.1375987548708235,0.0,1.0,0.9583894584247776,1.0
-245.8047637939453,15.087127685546875,-131.45333862304688,0.0,3.4837396381305576,0.0,1.0,1.0700517308862794,1.0
-123.86577606201172,2.8511080741882324,-82.47235107421875,0.0,5.116160150971009,0.0,1.0,1.011624542859922,1.0
-261.5602722167969,2.8511080741882324,-56.31439971923828,0.0,4.255218375350756,0.0,1.0,0.9948558963184846,1.0
38.17814254760742,2.8511080741882324,-216.20152282714844,0.0,2.8178482615542535,0.0,1.0,1.0468535515427255,1.0
-14.61504077911377,2.8511083126068115,-233.31146240234375,0.0,1.7855712569692912,0.0,1.0,0.9742275364513652,1.0
-263.5146484375,14.794567108154297,-146.3128662109375,0.0,3.406296744409529,0.0,1.0,1.0823966098213234,1.0
-88.37763977050781,2.8511080741882324,-248.4578857421875,0.0,6.012042894140084,0.0,1.0,0.9584281762661692,1.0
-205.9756317138672,5.358715057373047,-232.1035614013672,0.0,0.9290068494111869,0.0,1.0,0.9880847949290401,1.0
-33.19159698486328,2.8511080741882324,-297.4506530761719,0.0,5.352790466344865,0.0,1.0,0.9878598553371599,1.0
-52.38917922973633,2.8511080741882324,-269.77349853515625,0.0,4.151154580618029,0.0,1.0,1.0340097487774065,1.0
8.953577041625977,2.8511078357696533,-150.68765258789062,0.0,6.003901756711711,0.0,1.0,0.9595274970843687,1.0
185.88467407226562,2.8511080741882324,-52.643157958984375,0.0,2.454194541142709,0.0,1.0,1.0308255845072931,1.0
71.48707580566406,2.8511080741882324,-303.6363830566406,0.0,3.4691242972949565,0.0,1.0,1.0776933343066544,1.0
184.05087280273438,2.8511080741882324,-201.48008728027344,0.0,4.889517034121272,0.0,1.0,1.0753005301606062,1.0
-193.95126342773438,2.8511080741882324,-54.25080108642578,0.0,1.579557804275693,0.0,1.0,0.9122522874025707,1.0
-240.58111572265625,2.8511080741882324,36.82931137084961,0.0,0.6610034827616361,0.0,1.0,1.088734515251161,1.0
97.19621276855469,2.8511078357696533,289.08441162109375,0.0,4.627440703553528,0.0,1.0,1.062643921399933,1.0
83.37428283691406,2.8511080741882324,-173.10888671875,0.0,4.966010219905679,0.0,1.0,1.003421750759932,1.0
-212.4158477783203,15.95416259765625,-162.92691040039062,0.0,4.856169860429813,0.0,1.0,0.94871172750026,1.0
-113.08763885498047,2.8511080741882324,-158.74481201171875,0.0,2.049500868236386,0.0,1.0,0.9353409361408365,1.0
-26.069293975830078,2.8511080741882324,-291.5516662597656,0.0,3.5949497042666803,0.0,1.0,1.0250457962801165,1.0
-295.65325927734375,2.8511080741882324,-115.64775085449219,0.0,6.116184011862939,0.0,1.0,0.9120077582786166,1.0
262.4481506347656,2.8511080741882324,-68.91072845458984,0.0,3.938031151218464,0.0,1.0,0.9604722722667889,1.0
-319.9235534667969,2.8511080741882324,-44.38526153564453,0.0,2.2239420931293656,0.0,1.0,0.9918216565309801,1.0
105.27064514160156,2.8511080741882324,274.50128173828125,0.0,4.869701327005402,0.0,1.0,0.949710755435904,1.0
-256.55267333984375,2.8511080741882324,-107.74880981445312,0.0,5.434834362063917,0.0,1.0,0.9557557284035026,1.0
165.72608947753906,2.8511080741882324,-82.30841064453125,0.0,4.6537285968376985,0.0,1.0,1.0221458493719615,1.0
41.47056198120117,2.8511080741882324,247.087646484375,0.0,1.9562184291778721,0.0,1.0,0.9526033354125722,1.0
41.86176681518555,2.8511080741882324,211.79417419433594,0.0,5.961851255289219,0.0,1.0,1.0764247345047853,1.0
26.443485260009766,2.8511080741882324,212.17880249023438,0.0,1.1767009712177894,0.0,1.0,1.0240714005839298,1.0
145.72927856445312,2.8511080741882324,-136.443603515625,0.0,6.0545299540366795,0.0,1.0,0.9335013389306536,1.0
161.15232849121094,2.8511080741882324,151.39358520507812,0.0,2.463491274160639,0.0,1.0,1.0623528388599655,1.0
-11.440336227416992,2.8511080741882324,-251.71742248535156,0.0,4.759982876321931,0.0,1.0,0.9457872591961641,1.0
132.58901977539062,2.8511080741882324,-152.272705078125,0.0,2.0113220765562705,0.0,1.0,0.9014700993573607,1.0
-222.97906494140625,2.8511080741882324,-123.04244995117188,0.0,4.797338517398652,0.0,1.0,1.0751765500827504,1.0
258.69854736328125,2.8511080741882324,-95.0592041015625,0.0,0.9473589044202856,0.0,1.0,0.9483129739698507,1.0
168.58338928222656,2.8511080741882324,-64.53517150878906,0.0,3.312736068387682,0.0,1.0,1.0124972016024771,1.0
50.34307098388672,2.8511080741882324,227.65350341796875,0.0,2.4818985835151555,0.0,1.0,1.0480153866331152,1.0
-222.19158935546875,2.8511080741882324,-162.29251098632812,0.0,3.9024752595309598,0.0,1.0,0.9473956989096214,1.0
162.52882385253906,2.8511080741882324,233.94467163085938,0.0,5.160168724824438,0.0,1.0,1.0695818483479513,1.0
-77.24762725830078,2.8511080741882324,-29.934518814086914,0.0,0.2755225039138528,0.0,1.0,1.0765433834185407,1.0
249.6329803466797,2.8511080741882324,-116.71646118164062,0.0,5.990684833127825,0.0,1.0,1.0568274063359093,1.0
-48.792823791503906,2.8511080741882324,-24.233661651611328,0.0,1.8924213879621143,0.0,1.0,1.0765694183262964,1.0
-111.20741271972656,2.8511080741882324,-190.63925170898438,0.0,4.971099480332853,0.0,1.0,1.0293224340164837,1.0
-206.610595703125,2.8511080741882324,145.89846801757812,0.0,0.5290549636147823,0.0,1.0,1.0587873373225838,1.0
140.78851318359375,2.8511080741882324,184.59579467773438,0.0,2.6621589153295835,0.0,1.0,0.9483069401877123,1.0
-62.169273376464844,2.8511080741882324,-149.9146728515625,0.0,1.8845145690261256,0.0,1.0,0.912402121066692,1.0
-138.8968505859375,2.8511083126068115,-160.85597229003906,0.0,1.3060668763581003,0.0,1.0,0.9699182664107997,1.0
64.30690002441406,2.8511083126068115,-257.8433837890625,0.0,5.781776830635296,0.0,1.0,0.9239136869790522,1.0
-216.38995361328125,9.428438186645508,-208.31874084472656,0.0,5.885222098149577,0.0,1.0,0.9042814575900366,1.0
239.06886291503906,2.8511080741882324,48.849761962890625,0.0,5.206042746924432,0.0,1.0,0.9422451927578315,1.0
-48.70477294921875,2.8511080741882324,-322.92840576171875,0.0,0.43352086389513145,0.0,1.0,0.905566223974502,1.0
190.7957305908203,2.8511080741882324,61.89118194580078,0.0,2.9903487296772804,0.0,1.0,1.0865794432836953,1.0
87.28521728515625,2.8511080741882324,-245.18333435058594,0.0,1.2294494955304873,0.0,1.0,0.9213752122379113,1.0
-16.140302658081055,2.8511080741882324,-259.31402587890625,0.0,2.9867171482046686,0.0,1.0,0.9572933368641571,1.0
-43.998043060302734,2.8511080741882324,-295.66021728515625,0.0,0.2455209638014398,0.0,1.0,1.0947046503121551,1.0
43.96915054321289,2.8511080741882324,-304.8867492675781,0.0,2.0485666111984755,0.0,1.0,1.0942427370590897,1.0
61.79656982421875,2.8511080741882324,190.57479858398438,0.0,1.4350145342331395,0.0,1.0,1.0226190225680745,1.0
95.81364440917969,2.8511083126068115,174.34307861328125,0.0,3.6952600926032244,0.0,1.0,1.0369250922805135,1.0
-248.18487548828125,2.8511080741882324,-114.45848083496094,0.0,4.3298993094979,0.0,1.0,0.9820869636835129,1.0
110.7129898071289,2.8511080741882324,182.44049072265625,0.0,5.86858074084499,0.0,1.0,1.057684548196258,1.0
158.0266571044922,2.8511080741882324,265.593994140625,0.0,5.4890675578438275,0.0,1.0,1.0822453758133905,1.0
66.40739440917969,2.8511083126068115,166.9758758544922,0.0,1.0637777987138326,0.0,1.0,0.9092632548075559,1.0
19.64736557006836,2.8511080741882324,-233.5635223388672,0.0,1.2718897985722692,0.0,1.0,1.0318885496777443,1.0
157.4040985107422,2.8511080741882324,-217.13333129882812,0.0,0.1293127068613213,0.0,1.0,0.9491171860281565,1.0
102.19720458984375,2.8511080741882324,157.948486328125,0.0,0.6004574939451178,0.0,1.0,1.03982659009297,1.0
147.30648803710938,2.8511080741882324,-49.59144592285156,0.0,3.0352046021660284,0.0,1.0,0.9691196562963426,1.0
-238.50967407226562,2.8511080741882324,-14.483593940734863,0.0,1.8461043093886085,0.0,1.0,0.9740182981010788,1.0
-33.348670959472656,21.296127319335938,-265.26678466796875,0.0,1.5560769236735055,0.0,1.0,1.069354835842538,1.0
-150.40859985351562,2.8511080741882324,-283.5913391113281,0.0,2.3649841730242036,0.0,1.0,1.0828768611482849,1.0
-287.3144836425781,30.942176818847656,-99.31385803222656,0.0,5.5943130230361815,0.0,1.0,0.9917370691969735,1.0
-82.00012969970703,2.8511080741882324,-249.92288208007812,0.0,3.5164464026742737,0.0,1.0,1.0265995157956185,1.0
-119.12811279296875,2.8511080741882324,-112.40331268310547,0.0,5.90231806831869,0.0,1.0,1.0916822894243012,1.0
-239.72171020507812,2.8511080741882324,-42.32228088378906,0.0,0.030698170826256095,0.0,1.0,0.9420285036574627,1.0
-230.56446838378906,2.8511080741882324,-14.325746536254883,0.0,6.128204474915363,0.0,1.0,0.9025563830419492,1.0
18.983428955078125,2.8511080741882324,-189.56982421875,0.0,0.5917039396972745,0.0,1.0,0.9254173966823883,1.0
-195.85952758789062,2.8511083126068115,-27.6357421875,0.0,1.793966145800463,0.0,1.0,0.9916615208272658,1.0
-4.965841293334961,2.8511080741882324,-299.6021728515625,0.0,2.5611264479643747,0.0,1.0,1.0685905565604616,1.0
122.67893981933594,2.8511080741882324,42.50652313232422,0.0,1.715159580785671,0.0,1.0,0.9578330668912621,1.0
229.45291137695312,2.8511080741882324,-25.57192611694336,0.0,4.880075637114137,0.0,1.0,0.947728178524936,1.0
-172.66085815429688,2.8511080741882324,-233.80368041992188,0.0,4.28459055948222,0.0,1.0,0.9872097784237677,1.0
-6.352417945861816,16.759464263916016,-217.88482666015625,0.0,0.2992585786460749,0.0,1.0,0.9203311009555838,1.0
45.72340774536133,2.8511078357696533,253.61721801757812,0.0,1.841344425930719,0.0,1.0,1.0422463971744242,1.0
182.4798126220703,2.8511080741882324,-207.48854064941406,0.0,6.051902691819531,0.0,1.0,0.9149773453663332,1.0
-249.09820556640625,2.8511080741882324,-216.32080078125,0.0,6.024341874470476,0.0,1.0,0.9233864337313761,1.0
5.1277008056640625,2.8511080741882324,-289.7696533203125,0.0,5.364789060864429,0.0,1.0,1.0415919442766668,1.0
143.866943359375,2.8511080741882324,-85.81634521484375,0.0,0.7634232909462018,0.0,1.0,0.9434417326300599,1.0
-229.8994598388672,2.8511080741882324,-205.5921630859375,0.0,4.769103668506368,0.0,1.0,0.9223128742313201,1.0
51.92144012451172,2.8511080741882324,242.86563110351562,0.0,2.1083627270174468,0.0,1.0,1.0569663353397805,1.0
-158.13662719726562,2.8511080741882324,-248.40890502929688,0.0,0.21059885944239634,0.0,1.0,0.909700008756993,1.0
134.1859130859375,2.8511080741882324,173.32180786132812,0.0,4.067402307168252,0.0,1.0,1.018731766408156,1.0
-27.68921661376953,2.8511080741882324,-285.55511474609375,0.0,2.8271926189901997,0.0,1.0,1.0059118540355396,1.0
-62.929222106933594,2.8511080741882324,-218.7498321533203,0.0,1.069310098198422,0.0,1.0,0.9740272443409912,1.0
-39.99662780761719,2.8511080741882324,-263.52410888671875,0.0,1.310991214382137,0.0,1.0,1.0370334180149254,1.0
-68.81573486328125,16.010089874267578,-273.9889221191406,0.0,0.5179595217351924,0.0,1.0,0.9713572571595834,1.0
169.21163940429688,2.8511080741882324,83.39065551757812,0.0,1.6037950928400149,0.0,1.0,1.0140172518706165,1.0
-101.01765441894531,2.8511080741882324,-152.72848510742188,0.0,3.482135622535058,0.0,1.0,0.966947720869659,1.0
78.19196319580078,2.8511080741882324,-81.65070343017578,0.0,1.3090599093741901,0.0,1.0,1.0452336915666385,1.0
-171.91815185546875,2.8511080741882324,-320.07568359375,0.0,5.671099767802813,0.0,1.0,0.9887551550216669,1.0
-158.57415771484375,2.8511080741882324,-319.80322265625,0.0,2.042137651173788,0.0,1.0,1.0156466082287166,1.0
233.69839477539062,2.8511080741882324,0.9302577972412109,0.0,2.1919178613693373,0.0,1.0,1.075570201485013,1.0
-182.85260009765625,2.8511080741882324,-299.76934814453125,0.0,6.2169372915223144,0.0,1.0,1.0577522284636907,1.0
128.98211669921875,2.8511083126068115,-124.68206024169922,0.0,3.6781588802505527,0.0,1.0,1.0044347543490342,1.0
83.86641693115234,2.8511080741882324,208.4231719970703,0.0,1.5332473043591472,0.0,1.0,1.0680549165890982,1.0
-167.5015869140625,2.8511080741882324,-315.6620788574219,0.0,4.964144395661182,0.0,1.0,1.0152980717087463,1.0
-189.32215881347656,2.8511080741882324,-291.0791931152344,0.0,2.3997203594719427,0.0,1.0,1.0165548236902153,1.0
102.54072570800781,2.8511083126068115,-26.282577514648438,0.0,4.856219939681461,0.0,1.0,0.973130861699968,1.0
-171.66552734375,2.8511080741882324,-303.773681640625,0.0,0.6554503430557518,0.0,1.0,0.9054205365085816,1.0
36.17039108276367,2.8511080741882324,168.2277069091797,0.0,2.4239283366197055,0.0,1.0,0.9130625429526967,1.0
-190.95297241210938,2.8511080741882324,-310.3283386230469,0.0,2.1262966387177626,0.0,1.0,0.9041764218840315,1.0
143.185546875,2.8511080741882324,-102.60332489013672,0.0,0.8563225054028242,0.0,1.0,1.0405813590509583,1.0
103.48358154296875,2.8511083126068115,-157.08035278320312,0.0,2.921940315549339,0.0,1.0,1.0179847955927321,1.0
200.71775817871094,2.8511080741882324,167.18148803710938,0.0,4.631290080758488,0.0,1.0,0.9816687207177971,1.0
-20.412029266357422,2.8511080741882324,-128.2802276611328,0.0,4.437067417872372,0.0,1.0,1.0829112014564461,1.0
61.395835876464844,2.8511080741882324,160.66322326660156,0.0,1.2386977785847804,0.0,1.0,0.9111117741679101,1.0
30.685686111450195,2.8511080741882324,-212.05001831054688,0.0,0.4032282449377107,0.0,1.0,1.0845706938530277,1.0
170.9072723388672,2.8511080741882324,257.37823486328125,0.0,1.977461850104031,0.0,1.0,1.0662073840612742,1.0
183.60089111328125,2.8511080741882324,211.63296508789062,0.0,3.963935362201955,0.0,1.0,1.0997387702762076,1.0
-70.64497375488281,2.8511080741882324,-80.68208312988281,0.0,1.0524042768939441,0.0,1.0,0.9576736335722146,1.0
-84.09408569335938,14.114543914794922,-308.8849182128906,0.0,1.7925318282558893,0.0,1.0,0.9981829251076642,1.0
155.0774383544922,2.8511080741882324,133.65139770507812,0.0,2.2710848149997784,0.0,1.0,1.0696447250875065,1.0
-97.91348266601562,2.8511080741882324,-329.25921630859375,0.0,5.6274630960919225,0.0,1.0,1.0127975725745495,1.0
182.5758514404297,2.8511080741882324,17.476287841796875,0.0,5.284560534873995,0.0,1.0,0.9905011646789322,1.0
-135.8517303466797,2.8511080741882324,-336.43829345703125,0.0,1.1581897626492699,0.0,1.0,1.0751749244564575,1.0
-267.9532470703125,2.8511080741882324,51.38589859008789,0.0,1.706614831022365,0.0,1.0,0.9986748028656467,1.0
-205.51930236816406,2.8511080741882324,-277.9090576171875,0.0,3.501909372893463,0.0,1.0,0.9184185777859278,1.0
-259.5810546875,2.8511078357696533,-84.97801208496094,0.0,0.28732167780319706,0.0,1.0,0.9696380181532853,1.0
198.59808349609375,2.8511080741882324,-31.780784606933594,0.0,4.011260301333734,0.0,1.0,1.0277131627832339,1.0
19.561279296875,2.8511080741882324,-262.49969482421875,0.0,2.4709293763295515,0.0,1.0,1.0437670886080093,1.0
41.666015625,2.8511080741882324,-70.40509033203125,0.0,6.250899438646331,0.0,1.0,1.0343260181315066,1.0
22.8747615814209,2.8511080741882324,189.19845581054688,0.0,3.4856984246734877,0.0,1.0,1.0205472449172208,1.0
-66.0037841796875,2.8511080741882324,-308.50189208984375,0.0,4.913794162168179,0.0,1.0,0.9912377224605126,1.0
-103.23463439941406,2.8511080741882324,-219.39732360839844,0.0,0.31232078907669153,0.0,1.0,1.0773664071789513,1.0
-153.12869262695312,2.8511083126068115,-86.87539672851562,0.0,0.036534068240742915,0.0,1.0,0.9779469435080057,1.0
263.06207275390625,2.8511083126068115,-44.03377151489258,0.0,5.819561734050709,0.0,1.0,0.9349963574354146,1.0
-8.619762420654297,2.8511080741882324,-206.64540100097656,0.0,3.6157306542776078,0.0,1.0,0.9110553198407667,1.0
106.28550720214844,2.8511080741882324,-20.62059783935547,0.0,1.9738365694262232,0.0,1.0,0.969076347605491,1.0
-213.99459838867188,2.8511078357696533,-274.2914733886719,0.0,0.35774855825457197,0.0,1.0,0.9179770543938864,1.0
195.9007568359375,2.8511080741882324,240.4330291748047,0.0,5.257458777930191,0.0,1.0,1.0680155798358635,1.0
-153.00149536132812,2.8511080741882324,-255.2335205078125,0.0,6.052458434483142,0.0,1.0,0.9536524137205522,1.0
57.16212463378906,2.8511080741882324,-83.8687515258789,0.0,5.089707066023264,0.0,1.0,0.9575979558081616,1.0
52.93091583251953,2.8511080741882324,-200.0104217529297,0.0,1.3144159056926839,0.0,1.0,1.0308348951915227,1.0
96.3071060180664,2.8511080741882324,-42.59833526611328,0.0,3.442845065627798,0.0,1.0,1.0160336425636662,1.0
68.21150207519531,2.8511080741882324,249.99063110351562,0.0,0.2482318533618844,0.0,1.0,0.9594133973045511,1.0
-251.2135772705078,2.8511080741882324,-34.916099548339844,0.0,5.323472749367491,0.0,1.0,1.0102165060622648,1.0
66.493408203125,2.8511080741882324,-52.290592193603516,0.0,3.3809900619764743,0.0,1.0,0.9137455488043925,1.0
-40.60260772705078,2.8511080741882324,-235.75872802734375,0.0,4.211018721581157,0.0,1.0,0.9436145981629068,1.0
-219.43792724609375,2.8511080741882324,-288.4269714355469,0.0,4.731648494329014,0.0,1.0,1.0773179961085129,1.0
161.89915466308594,2.8511080741882324,202.18020629882812,0.0,2.204695526508583,0.0,1.0,0.9483777052081104,1.0
-280.7426452636719,2.8511080741882324,-35.82756805419922,0.0,1.5119299351204627,0.0,1.0,1.026700804596774,1.0
16.8248348236084,2.8511080741882324,-109.17467498779297,0.0,2.7482852063461207,0.0,1.0,1.048010610530478,1.0
-275.0671081542969,32.70589828491211,-116.29925537109375,0.0,2.429293564962197,0.0,1.0,1.080341262895296,1.0
-267.4981384277344,2.8511080741882324,-43.960391998291016,0.0,3.8491858216890136,0.0,1.0,0.9860965180564369,1.0
-43.800777435302734,2.8511080741882324,-268.69952392578125,0.0,0.26227160623772433,0.0,1.0,1.0632936517305809,1.0
-177.70260620117188,2.8511080741882324,-322.91754150390625,0.0,2.4883052159484738,0.0,1.0,0.9376842840003914,1.0
-93.4325942993164,2.8511080741882324,-266.6372375488281,0.0,6.200947842256443,0.0,1.0,1.0690886528986552,1.0
-9.904915809631348,2.8511080741882324,-304.4297180175781,0.0,5.061088109683087,0.0,1.0,1.0074371394146255,1.0
-92.41547393798828,2.8511080741882324,-299.43798828125,0.0,4.956063003970118,0.0,1.0,0.9947420859837632,1.0
34.75498580932617,2.8511080741882324,-11.630797386169434,0.0,0.3304245641681047,0.0,1.0,1.020498633081182,1.0
-161.04653930664062,2.8511080741882324,-270.73321533203125,0.0,1.4159192289192566,0.0,1.0,1.029795249501213,1.0
-314.3560485839844,2.8511078357696533,-86.9581527709961,0.0,1.8051520677708635,0.0,1.0,1.0077418336350632,1.0
-269.75262451171875,2.8511080741882324,-93.83536529541016,0.0,0.7206379473504142,0.0,1.0,1.0730066265809572,1.0
19.609294891357422,2.8511080741882324,-216.55322265625,0.0,4.991489730596228,0.0,1.0,0.9052162917012929,1.0
-69.27178955078125,2.8511080741882324,-137.71400451660156,0.0,4.349614904984537,0.0,1.0,0.9584667643440188,1.0
-36.964969635009766,2.8511080741882324,-208.76617431640625,0.0,3.3833119935442793,0.0,1.0,1.0564779414750358,1.0
-155.29891967773438,2.8511080741882324,-262.32232666015625,0.0,0.33848572171183194,0.0,1.0,1.0934899279490427,1.0
-236.74380493164062,15.114931106567383,-131.33694458007812,0.0,1.771547826318913,0.0,1.0,0.9456346848397379,1.0
120.42214965820312,2.8511080741882324,28.321447372436523,0.0,2.3681510582150613,0.0,1.0,1.0105493791799294,1.0
-47.387577056884766,2.8511080741882324,-240.7723846435547,0.0,5.050201146104586,0.0,1.0,0.9676139841207108,1.0
92.79515075683594,2.8511083126068115,162.85597229003906,0.0,0.5122683893362572,0.0,1.0,0.909995273444457,1.0
-68.5167465209961,2.8511080741882324,-87.65877532958984,0.0,3.011232752745966,0.0,1.0,0.9345472793706242,1.0
83.35421752929688,2.8511080741882324,-184.42572021484375,0.0,1.4569989800882945,0.0,1.0,1.013789898963554,1.0
-262.7561950683594,2.8511080741882324,-49.19108200073242,0.0,4.722792325067491,0.0,1.0,0.9777427405618011,1.0
-165.49588012695312,2.8511080741882324,-48.362098693847656,0.0,3.5177018842859016,0.0,1.0,1.0555383311511957,1.0
-130.67739868164062,2.8511080741882324,-267.44549560546875,0.0,4.183930685511463,0.0,1.0,1.0546586929888915,1.0
-34.23670196533203,17.602794647216797,-216.45748901367188,0.0,0.2953376366633073,0.0,1.0,1.0841835585205108,1.0
98.0023193359375,2.8511080741882324,137.74365234375,0.0,2.128196945351449,0.0,1.0,1.0780174386938561,1.0
-187.63906860351562,2.8511080741882324,-103.70638275146484,0.0,1.7270840516974189,0.0,1.0,1.0019232124444952,1.0
85.99270629882812,2.8511080741882324,-72.46672821044922,0.0,5.907998449095885,0.0,1.0,0.9271745046209927,1.0
-191.7587127685547,2.8511080741882324,-265.6291198730469,0.0,4.997056313904153,0.0,1.0,1.0939834510727835,1.0
-289.72906494140625,2.8511080741882324,-55.57532501220703,0.0,5.5800111774188474,0.0,1.0,0.9815184954559294,1.0
-117.68264770507812,2.8511080741882324,-68.5871353149414,0.0,5.204428799322311,0.0,1.0,0.9544156425687358,1.0
-154.25067138671875,2.8511080741882324,-109.31268310546875,0.0,3.9064756311506144,0.0,1.0,1.0400193974151657,1.0
-123.74553680419922,3.1197714805603027,-288.8114013671875,0.0,1.0623927322857922,0.0,1.0,1.034881843642848,1.0
-102.41963958740234,2.8511080741882324,-290.9796142578125,0.0,2.4606024525749848,0.0,1.0,0.9417058345052477,1.0
-283.1721496582031,2.8511080741882324,-28.757843017578125,0.0,4.802453149918946,0.0,1.0,0.9583218301692394,1.0
136.10586547851562,2.8511080741882324,-27.387990951538086,0.0,3.947571202376802,0.0,1.0,0.994849820422673,1.0
242.62161254882812,2.8511080741882324,165.3094482421875,0.0,2.065464666397525,0.0,1.0,1.0504179135155303,1.0
74.93474578857422,2.8511080741882324,-132.04493713378906,0.0,0.7096107629931648,0.0,1.0,0.952935116958343,1.0
-173.45413208007812,2.8511080741882324,-200.66156005859375,0.0,4.745232649028476,0.0,1.0,0.9722284769831454,1.0
244.7474365234375,2.8511080741882324,146.85806274414062,0.0,3.89213009161198,0.0,1.0,0.9364084906808848,1.0
72.97496032714844,2.8511080741882324,-271.9051208496094,0.0,1.0363870648370106,0.0,1.0,0.9907966188842211,1.0
-42.414329528808594,17.987232208251953,-210.86289978027344,0.0,0.9546151990943484,0.0,1.0,1.064916098635314,1.0
57.91093826293945,2.8511080741882324,-271.1269836425781,0.0,1.152667029921738,0.0,1.0,1.001818227172487,1.0
-23.895105361938477,2.8511083126068115,-318.4620361328125,0.0,4.84806572092889,0.0,1.0,0.9666536925197913,1.0
-280.56134033203125,2.8511080741882324,-196.93016052246094,0.0,2.1105185994285445,0.0,1.0,0.9708364486518826,1.0
-195.7139434814453,2.8511078357696533,96.48445129394531,0.0,0.6889338400250331,0.0,1.0,0.9531615990848264,1.0
-112.96692657470703,2.8511080741882324,-230.9649658203125,0.0,0.6743546992375196,0.0,1.0,0.9011241666433017,1.0
-29.527626037597656,2.8511080741882324,-158.3544464111328,0.0,5.798510037382948,0.0,1.0,0.967292284079437,1.0
-191.81642150878906,2.830674886703491,-248.382568359375,0.0,1.0944465233157386,0.0,1.0,0.9897938173912333,1.0
94.34650421142578,2.8511080741882324,143.07415771484375,0.0,1.0231692386152598,0.0,1.0,1.0925726689964939,1.0
120.68990325927734,2.8511080741882324,-80.47797393798828,0.0,4.662530842653862,0.0,1.0,0.9665860935806294,1.0
-12.89198112487793,2.8511080741882324,-211.59432983398438,0.0,0.6915353393640982,0.0,1.0,0.9298627173937983,1.0
-185.47518920898438,2.8511080741882324,-235.80392456054688,0.0,0.12922294105909177,0.0,1.0,1.0388826452212556,1.0
-184.1291961669922,2.8511080741882324,-259.89617919921875,0.0,0.9385921532847532,0.0,1.0,1.038213957866105,1.0
-140.78424072265625,2.8511080741882324,-147.11778259277344,0.0,3.2927757944548555,0.0,1.0,0.9278378883450947,1.0
-200.17486572265625,2.8511080741882324,-146.24578857421875,0.0,2.909046792242698,0.0,1.0,1.0501814529322004,1.0
-223.94151306152344,2.8511080741882324,-129.8294219970703,0.0,6.00014352068816,0.0,1.0,0.9210420257793612,1.0
-178.11598205566406,2.8511080741882324,-272.6926574707031,0.0,2.1334244843548977,0.0,1.0,0.9081525886688132,1.0
-263.33526611328125,2.8511080741882324,-200.06045532226562,0.0,2.0044429606410046,0.0,1.0,1.0732149857911362,1.0
-118.93428802490234,2.8511080741882324,-308.86114501953125,0.0,5.537012363465147,0.0,1.0,0.910105560206746,1.0
-118.2415771484375,2.8511080741882324,-224.9250030517578,0.0,5.160644076581427,0.0,1.0,1.048495604927755,1.0
-225.0298309326172,2.8511080741882324,-291.2124938964844,0.0,1.6597691136407895,0.0,1.0,0.9170628583528646,1.0
53.280208587646484,2.8511080741882324,154.0203094482422,0.0,1.6348156625435315,0.0,1.0,0.9431479288712867,1.0
27.288665771484375,2.8511080741882324,36.644466400146484,0.0,1.5333489419328294,0.0,1.0,0.9792401394330499,1.0
-166.60293579101562,2.8511080741882324,-260.69720458984375,0.0,4.501843973259644,0.0,1.0,1.0799046788769857,1.0
94.20059204101562,2.8511080741882324,-191.55166625976562,0.0,0.08432964817875695,0.0,1.0,0.99770003415914,1.0
104.48702239990234,2.8511080741882324,-70.86553955078125,0.0,0.8102408383393803,0.0,1.0,0.9217302744122752,1.0
-265.0850830078125,2.8511080741882324,-158.33103942871094,0.0,3.2657859927678112,0.0,1.0,1.0611031110497435,1.0
171.66268920898438,2.8511080741882324,167.6597900390625,0.0,5.720017001809501,0.0,1.0,1.0270912530183998,1.0
-115.96231079101562,2.8511080741882324,-271.1829833984375,0.0,5.420908118125759,0.0,1.0,1.0863497060142178,1.0
53.17753982543945,2.8511080741882324,-172.5850830078125,0.0,4.52697899995945,0.0,1.0,0.9402138035685336,1.0
-243.32852172851562,2.8511080741882324,-169.31280517578125,0.0,5.978868565393676,0.0,1.0,0.9078618214077665,1.0
122.41878509521484,2.8511080741882324,-104.89241027832031,0.0,1.6534399920643155,0.0,1.0,1.0659514690522003,1.0
-236.48733520507812,2.8511080741882324,-48.39690399169922,0.0,5.270648549762986,0.0,1.0,1.0307112507837224,1.0
-197.98675537109375,2.8511080741882324,-289.6727600097656,0.0,5.077435785779037,0.0,1.0,1.047957295658246,1.0
-54.33808135986328,2.8511080741882324,-246.96197509765625,0.0,6.075959512251518,0.0,1.0,0.9636420403955103,1.0
-28.95779800415039,2.8511080741882324,-91.71662139892578,0.0,3.912150440263327,0.0,1.0,0.9640466800605865,1.0
