# Blender 4.5.2 LTS
# www.blender.org
mtllib ground.mtl
o ground
v -13.672560 2.851108 -340.749695
v -51.545502 2.851108 -346.371582
v -87.839859 2.851108 -348.789764
v -121.547241 2.851108 -347.471771
v -153.191757 2.851108 -342.522156
v -181.162827 2.851108 -332.814697
v -206.143936 2.851108 -318.133698
v -230.546860 2.851108 -298.768280
v -254.785370 2.851108 -274.795776
v -276.997345 2.851108 -245.992432
v -295.021027 2.851108 -212.338379
v -309.409088 2.851108 -175.772354
v -319.872864 2.851108 -137.894791
v -325.376434 2.851108 -99.821945
v -332.514282 2.851108 -65.048195
v -333.814026 2.851108 -31.257589
v -332.692871 2.851108 -1.052540
v -328.943115 2.851108 27.595953
v -320.909698 2.851108 54.623291
v -308.914856 2.851108 79.098885
v -295.060028 2.851108 102.638687
v -278.227814 2.851108 124.847382
v -257.717346 2.851108 145.446640
v -234.073471 2.851108 164.367218
v -186.801682 2.851108 191.527328
v -181.291992 2.851108 195.008179
v -153.441162 2.851108 210.232361
v -124.806824 2.851108 224.187332
v -96.694336 2.851108 235.439728
v -69.307480 2.851108 244.985703
v -42.701260 2.851108 257.405914
v -15.930846 2.851108 267.406342
v -6.335859 2.851108 269.903870
v 39.633816 2.851108 286.413330
v 67.433746 2.851108 293.285065
v 94.171967 2.851108 295.598297
v 119.782104 2.851108 290.720886
v 148.541214 2.851108 277.370209
v 179.993393 2.851108 257.445343
v 214.281067 2.851108 227.922134
v 237.268219 2.851108 193.831528
v 246.107193 2.851108 166.041595
v 249.051987 2.851108 139.285828
v 252.059555 2.851108 111.446396
v 253.556595 2.851108 88.096893
v 259.013763 2.851108 65.005836
v 266.967468 2.851108 40.661819
v 274.241058 2.851108 15.795862
v 279.360443 2.851108 -9.316684
v 281.317230 2.851108 -34.598854
v 279.031067 2.851108 -59.903229
v 272.991730 2.851108 -85.574341
v 264.045563 2.851108 -111.386398
v 252.894852 2.851108 -136.873123
v 240.234619 2.851108 -161.578857
v 226.678436 2.851108 -185.042999
v 212.654922 2.851108 -206.710373
v 197.941925 2.851108 -226.433929
v 180.284012 2.851108 -245.913284
v 158.214310 2.851108 -266.356445
v 131.340469 2.851108 -286.294128
v 99.412102 2.851108 -304.263031
v 63.470718 2.851108 -319.504272
v 25.187023 2.851108 -331.729858
v -187.875168 2.851108 1.510248
v -4.630445 2.851108 1.510246
v -53.470825 2.851108 -367.821686
v -13.275558 2.851108 -361.437866
v -92.094299 2.851108 -370.853607
v -128.057785 2.851108 -369.899567
v -161.790024 2.851108 -364.817230
v -191.547226 2.851108 -354.492859
v -218.122452 2.851108 -338.875031
v -244.082611 2.851108 -318.273834
v -269.867859 2.851108 -292.771545
v -293.497284 2.851108 -262.130188
v -312.670776 2.851108 -226.328323
v -327.926239 2.851108 -187.401321
v -338.840607 2.851108 -147.024231
v -344.672913 2.851108 -106.547844
v -348.330750 2.851108 -68.686691
v -353.783051 2.851108 -33.410645
v -355.630035 2.851108 0.202749
v -348.885651 2.851108 29.923689
v -340.063843 2.851108 58.469315
v -326.497131 2.851108 83.899406
v -310.603973 2.851108 108.615952
v -292.348083 2.851108 131.786469
v -270.419647 2.851108 153.283386
v -245.200653 2.851108 172.847641
v -217.585938 2.851108 189.906967
v -189.071594 2.851108 204.356506
v -159.889175 2.851108 220.351273
v -129.479828 2.851108 234.438232
v -99.750641 2.851108 245.025375
v -71.489822 2.851108 257.147461
v -43.555592 2.851108 270.215820
v -15.461479 2.851108 279.435699
v 13.546937 2.851108 289.639404
v 43.097675 2.851108 300.484924
v 72.398697 2.851108 308.376648
v 100.651840 2.851108 311.611694
v 127.978867 2.851108 307.203766
v 159.192596 2.851108 294.622528
v 192.656723 2.851108 273.432434
v 229.898666 2.851108 241.153061
v 266.668793 2.851108 202.213669
v 266.398438 2.851108 169.630646
v 266.936951 2.851108 144.051880
v 270.094452 2.851108 114.809647
v 270.553650 2.851108 90.703300
v 274.085083 2.851108 67.296852
v 281.202515 2.851108 42.150520
v 288.843384 2.851108 16.078405
v 294.415466 2.851108 -10.260098
v 296.680542 2.851108 -36.815033
v 294.282837 2.851108 -63.388504
v 287.899811 2.851108 -90.333527
v 278.503448 2.851108 -117.433823
v 266.827972 2.851108 -144.211044
v 253.615189 2.851108 -170.209152
v 239.482788 2.851108 -194.945007
v 224.711716 2.851108 -217.682129
v 209.366211 2.851108 -238.539383
v 190.981552 2.851108 -259.269287
v 167.885757 2.851108 -281.007324
v 139.749451 2.851108 -302.386261
v 106.230515 2.851108 -321.827759
v 68.341377 2.851108 -338.329132
v 27.874371 2.851108 -351.568726
v -96.940376 -22.092978 -623.949768
v -28.316643 -22.092978 -613.763184
v -162.703781 -22.092978 -628.331360
v -223.779739 -22.092978 -625.943237
v -281.117920 -22.092978 -616.974792
v -331.799927 -22.092978 -599.385376
v -377.064392 -22.092972 -572.784302
v -421.281128 -22.092972 -537.695129
v -465.200012 -22.092966 -494.258240
v -505.446960 -22.092964 -442.068237
v -538.104858 -22.092958 -381.088898
v -564.175232 -22.092957 -314.833252
v -583.135071 -22.092951 -246.201141
v -593.107300 -22.092943 -177.215164
v -599.521790 -22.092941 -112.707413
v -604.725403 -22.092934 -56.031017
v -602.537476 -22.092930 -3.847374
v -591.494568 -22.092928 46.946949
v -576.791504 -22.092922 95.796364
v -559.736694 -22.092918 141.393845
v -537.538757 -22.092918 184.287476
v -507.999451 -22.092915 224.897110
v -471.985870 -22.092909 262.948792
v -430.536346 -22.092907 298.189423
v -384.264252 -22.092907 328.087799
v -334.316132 -22.229603 352.174835
v -283.395111 -22.820488 378.217255
v -231.823685 -23.191753 409.382996
v -180.533432 -23.191751 430.612488
v -130.859787 -23.191750 451.579071
v -81.968826 -23.191750 474.911499
v -32.176231 -22.842335 489.501373
v 19.147720 -22.255192 508.344513
v 70.002319 -22.092892 526.613342
v 119.742943 -22.092892 538.711426
v 167.582352 -22.092892 540.990845
v 236.837372 -22.092888 557.914856
v 467.686890 -22.092901 309.435577
v 468.024414 -22.092905 279.265839
v 466.723755 -22.092907 250.988113
v 470.238129 -22.092915 203.804733
v 471.577332 -22.092915 161.598755
v 473.709808 -22.092920 121.485237
v 484.637482 -22.092922 78.105347
v 498.073792 -22.092930 32.630535
v 506.830292 -22.092930 -13.305800
v 509.464874 -22.092934 -59.401749
v 504.726959 -22.092941 -105.438866
v 493.611359 -22.092943 -152.173553
v 477.292572 -22.092943 -199.178818
v 456.917847 -22.092951 -245.563492
v 433.709076 -22.092951 -290.450226
v 408.824188 -22.092957 -332.992767
v 383.280487 -22.092958 -372.387726
v 356.321899 -22.092960 -408.046906
v 323.907867 -22.092964 -443.034088
v 283.606750 -22.092966 -479.799377
v 234.648315 -22.092968 -515.575134
v 176.635376 -22.092972 -547.813110
v 111.466965 -22.092972 -575.291992
v 42.094822 -22.092978 -597.419800
v 232.924728 2.060723 347.405823
v 206.573090 2.072031 344.996185
v 279.338593 2.432310 339.418121
v 296.940338 1.642197 299.625671
v 292.173157 1.011777 255.574905
v 365.765259 -22.092880 562.850586
v 297.634430 -22.092886 564.180786
v 443.982025 -22.092884 549.832397
v 474.851471 -22.092888 479.048523
v 487.759064 -22.092899 400.754852
v 264.351135 2.327365 272.970612
v 464.122711 -22.092901 357.548279
v 237.770737 2.847724 308.634369
v 268.098206 -22.092886 561.407104
v 282.147461 2.132411 220.309662
v 197.861877 2.679474 323.685760
v 178.515106 2.349229 335.753204
v -296.092102 2.619940 -150.860870
v -305.497070 2.619940 -123.475250
v -182.340698 4.454200 -181.481995
v -187.899628 6.080038 -183.410431
v -210.715454 2.619940 -31.266869
v -296.031128 4.627365 -116.087112
v -216.648651 4.055672 -26.045120
v -203.928528 2.619940 19.730267
v -258.903320 2.619940 79.568069
v -224.897339 2.619940 73.346802
v -299.489807 0.649589 27.064205
v -292.171661 2.619940 67.065765
v -177.818146 2.619940 -121.223686
v -171.497116 2.619940 -142.061432
v -285.079254 2.619940 71.964439
v -287.796265 2.619938 68.314560
v -288.076660 6.244478 61.136951
v -293.561005 6.185829 31.159214
v -295.839935 2.131168 24.347212
v -280.984253 6.244478 66.035629
v -283.305786 10.171066 61.813187
v -289.338562 10.171066 28.837694
v -294.146637 6.244478 -5.910938
v -271.991302 2.619940 75.766266
v -274.708282 2.619938 72.116379
v -289.924194 10.171066 -8.232470
v -267.896301 6.244478 69.837456
v -270.217834 10.171066 65.615021
v -261.620331 2.619938 75.918205
v -254.475250 4.049517 73.578331
v -230.967712 5.791004 68.748978
v -230.180389 9.332050 64.314392
v -223.648529 2.619938 68.971390
v -225.875977 6.244478 62.176697
v -219.998657 2.619940 66.254410
v -218.686386 2.619938 56.272980
v -215.494644 2.619940 53.402176
v -214.688965 2.619939 48.458397
v -215.713165 2.619938 37.279549
v -212.959320 2.619940 34.178185
v -211.611923 2.619938 29.568707
v -208.814484 2.619940 26.703999
v -208.376465 2.619938 21.917938
v -209.514297 4.107529 15.098047
v -208.012634 5.492678 -0.564037
v -295.088074 6.202513 -18.452045
v -290.560699 9.976765 -17.576286
v -224.798935 6.892796 -56.910316
v -220.099518 4.789701 -55.881172
v -217.163971 2.619938 -62.135910
v -208.354416 2.619938 -92.158859
v -208.217163 3.456367 -97.652580
v -219.897507 3.923819 -35.552330
v -216.986313 2.619938 -41.682941
v -213.093231 2.619940 -60.607582
v -202.727112 2.619940 -93.664131
v -197.398376 2.619938 -102.201668
v -214.201706 2.619938 -32.274124
v -213.291458 2.619940 -40.489716
v -191.562500 2.619940 -103.520958
v -300.831451 2.619938 -121.387558
v -297.477264 4.065286 -126.896385
v -293.402588 4.627365 -141.415009
v -290.886902 3.289081 -146.134613
v -290.286469 2.619938 -151.886047
v -280.056702 2.619940 -174.036438
v -292.169342 5.631077 -125.111534
v -284.707367 5.631075 -146.312012
v -274.984528 3.155252 -169.294891
v -274.321625 2.619938 -174.975281
v -269.058563 2.619940 -182.634674
v -268.914581 5.430334 -169.412018
v -255.632339 2.619938 -182.516174
v -249.987671 5.631077 -177.256165
v -186.975357 6.366087 -159.746887
v -183.861542 3.540668 -140.041168
v -181.502258 4.320818 -157.906677
v -178.594757 2.619938 -162.997711
v -183.580017 2.619938 -120.252037
v -176.295654 2.619938 -144.123688
v -173.853912 2.619940 -160.864868
v -243.270294 2.619940 -233.988831
v -232.604614 2.619940 -254.755371
v -244.991959 2.619940 -216.933319
v -240.409851 2.619938 -231.347168
v -234.643509 3.049359 -241.444519
v -230.924820 3.049359 -249.175049
v -227.980179 2.619938 -256.655396
v -221.758209 2.619940 -264.680695
v -241.726227 2.619938 -213.999512
v -236.348068 3.067342 -223.698975
v -231.202011 3.514565 -239.125061
v -226.064117 3.411613 -250.403900
v -220.160477 2.713026 -259.604523
v -218.077133 2.619938 -265.301941
v -215.186737 2.619940 -267.795349
v -232.518219 3.590310 -220.966431
v -211.836411 2.619938 -268.337738
v -209.306015 2.619940 -270.663544
v -193.244003 2.831516 -252.361542
v -191.413727 2.828093 -247.285156
v -188.109070 2.619940 -248.010468
v -181.467010 2.619938 -186.379120
v -176.385651 2.619940 -184.174500
v -184.482254 14.800470 -180.621887
v -189.992538 14.820053 -182.552246
v -204.732956 13.938513 -109.295120
v -222.856339 29.019991 -24.418299
v -286.851990 25.273317 59.363846
v -291.787903 25.273317 32.383888
v -279.759583 25.273317 64.262512
v -282.081116 29.199907 60.040089
v -287.565460 29.199907 30.062363
v -292.373535 25.273317 -4.686269
v -288.151093 29.199907 -7.007800
v -266.671631 25.273317 68.064362
v -268.993164 29.199907 63.841915
v -231.976837 26.330065 63.233063
v -228.079910 31.482019 50.154198
v -225.331635 31.482019 31.062517
v -216.970551 30.955973 10.022511
v -217.788422 29.459322 -19.753235
v -213.279404 29.455553 4.364959
v -293.510742 24.823935 -20.327375
v -293.884277 26.980444 -38.758770
v -288.967560 28.348547 -19.437504
v -267.158325 19.307646 -109.737793
v -276.191193 31.517870 -27.615288
v -275.125488 30.455233 -40.033508
v -261.469177 17.415987 -108.449677
v -267.122742 19.644051 -52.730923
v -253.668732 15.118898 -107.194763
v -227.036865 14.840260 -82.721992
v -222.728348 15.118898 -99.539864
v -226.844879 18.070185 -55.452770
v -221.675018 11.987923 -81.718903
v -218.231400 11.904280 -92.927010
v -226.403748 27.541819 -34.160172
v -222.161301 16.409306 -54.437748
v -295.038849 11.653355 -127.919930
v -290.822601 11.653351 -140.324158
v -289.584625 15.257952 -126.153801
v -284.625275 13.995352 -140.523315
v -282.132019 12.657068 -145.215576
v -279.911194 11.987923 -149.106964
v -277.758301 11.987923 -155.480713
v -263.332001 12.523239 -172.735596
v -265.609619 16.893204 -123.971947
v -248.442642 14.231873 -175.828461
v -225.603119 15.478085 -120.214813
v -221.209610 15.115912 -134.004761
v -218.116989 15.451405 -119.287018
v -215.211929 16.359476 -122.491722
v -208.932983 15.393029 -123.361000
v -205.932068 15.231295 -132.400818
v -189.333618 15.665403 -158.843506
v -191.690704 13.646439 -126.342110
v -187.563232 13.803209 -139.697083
v -183.811859 14.106030 -157.013123
v -232.033188 5.303820 -244.000763
v -230.202255 5.303820 -247.912872
v -233.733124 5.399376 -226.047485
v -228.712402 5.769026 -241.440338
v -225.343735 5.520845 -249.011169
v -219.385376 3.230361 -258.620056
v -229.979996 5.960659 -223.202698
v -193.042313 5.759975 -220.172485
v -191.081909 5.929585 -215.103699
v -291.582153 30.141665 -116.129906
v -292.011780 28.310492 -103.489120
v -285.595947 32.235199 -102.431885
v -269.266754 31.043173 -108.335968
v -273.845215 32.279160 -52.373039
v -272.985046 32.617641 -77.290688
v -271.328064 32.585583 -83.155197
v -268.743011 29.362181 -54.225540
v -287.952118 28.593946 -124.782463
v -267.990143 28.593946 -122.975075
v -186.920105 10.210600 -126.015938
v -222.427155 19.749435 -120.634254
v -218.778076 19.749435 -132.111023
v -219.854126 19.749435 -120.055542
v -217.367279 20.630829 -123.076302
v -211.347412 19.749435 -123.742607
v -297.809021 2.619939 -149.258820
v -306.024353 2.619939 -125.304192
v -213.751434 2.799405 -26.564434
v -219.338104 6.898590 -25.746643
v -203.763412 2.619939 -3.916219
v -299.957214 1.214727 29.360344
v -176.199768 2.619939 -122.705223
v -170.855499 2.619939 -140.346527
v -294.672729 2.993300 -8.940938
v -280.432007 2.993299 69.054214
v -289.233429 8.085184 27.073380
v -289.790771 8.081018 -10.006254
v -267.344055 2.993299 72.856056
v -269.394592 7.934160 67.187973
v -254.218277 2.798636 76.629425
v -230.291428 2.963701 72.213249
v -230.433487 6.653811 65.896416
v -225.270050 2.993300 65.248276
v -215.974747 2.619939 39.638233
v -215.518707 3.027700 34.290833
v -215.452103 7.889196 18.327457
v -216.088837 6.208136 -23.233627
v -209.519821 2.805888 18.208405
v -209.210693 6.039330 11.789535
v -291.095276 2.993300 61.689186
v -296.579590 2.740566 31.711445
v -297.165222 2.993300 -5.358693
v -257.832520 2.798636 74.278587
v -251.004761 5.905979 73.144234
v -222.747513 2.993301 61.661339
v -216.206360 3.006725 49.534172
v -212.709290 7.018177 15.073176
v -206.417450 2.805888 15.040772
v -304.672760 2.619939 -66.822716
v -295.139313 2.989424 -15.167160
v -224.862518 5.546885 -58.404617
v -224.272491 7.484705 -37.530766
v -219.872070 5.714804 -53.274937
v -219.209076 2.840663 -58.634911
v -217.623108 2.619939 -63.973083
v -210.008453 2.619939 -90.326736
v -208.335861 2.724494 -95.327179
v -221.308319 7.976612 -27.954426
v -220.493774 6.181900 -33.058357
v -219.031036 2.782926 -38.176620
v -217.328278 2.619939 -43.415665
v -212.700577 2.619939 -58.795483
v -189.807938 2.619939 -105.243637
v -216.218781 2.799407 -28.782585
v -214.462982 2.619939 -33.934895
v -213.014954 2.619939 -38.781193
v -298.167419 2.989004 -17.953983
v -292.235260 7.833708 -17.854893
v -212.451202 4.752831 -96.114433
v -222.663483 6.524469 -35.407047
v -216.701294 2.845763 -56.094948
v -216.848572 2.782924 -35.927525
v -297.801453 4.567142 -129.433716
v -291.870483 4.376438 -143.746887
v -288.560181 2.619939 -153.464996
v -281.753052 2.619939 -172.459595
v -292.410919 4.799295 -123.662567
v -283.555664 4.827179 -147.936646
v -278.599518 4.610638 -162.207611
v -276.042572 4.075324 -167.000366
v -274.200348 2.686854 -171.712036
v -272.616119 2.619939 -176.528839
v -270.742554 2.619939 -181.072906
v -265.049622 4.075324 -175.592346
v -263.142456 2.686854 -180.199097
v -253.946014 2.619939 -184.046234
v -181.735413 5.138739 -179.059601
v -187.109100 5.375572 -161.087097
v -194.907104 4.580860 -110.474327
v -189.833038 4.282045 -123.893875
v -181.041840 4.873848 -155.499451
v -180.672577 2.796178 -160.223145
v -179.235489 2.619939 -164.733643
v -185.222351 2.619939 -118.775787
v -176.954437 2.619939 -145.837616
v -173.230133 2.619939 -159.128143
v -294.826691 2.703583 -146.548065
v -287.144043 4.548368 -145.902283
v -260.182617 4.075324 -177.556091
v -184.830795 11.818132 -138.804535
v -186.563705 2.742836 -125.524193
v -182.280487 2.746641 -139.479706
v -233.056061 3.373206 -218.511322
v -188.470856 4.889683 -184.733521
v -182.277390 2.807641 -183.734894
v -182.723694 2.619939 -188.085663
v -175.112213 2.619939 -182.483215
v -207.772217 2.619939 -270.656311
v -196.993347 2.619939 -264.232605
v -193.665787 14.869120 -185.453064
v -201.166122 13.043682 -108.916016
v -225.877991 32.433952 -24.346090
v -287.574951 27.359198 57.751041
v -291.893036 27.359198 34.148193
v -282.633362 32.451088 57.021492
v -287.013214 32.451080 33.080944
v -292.478668 27.359198 -2.921958
v -287.598846 32.451080 -3.989208
v -269.545410 32.451088 60.823326
v -228.664474 32.656639 47.168774
v -222.899826 27.438437 46.449738
v -224.572281 29.174734 34.173988
v -226.082321 32.656639 27.997643
v -222.064636 32.451080 20.282070
v -222.881500 32.425652 -21.648117
v -217.582748 32.590889 7.562016
v -213.201508 30.471170 1.126170
v -277.995270 27.359198 64.367645
v -279.062531 32.451080 59.487843
v -284.546844 32.571064 29.510117
v -285.132507 32.451080 -7.560038
v -264.907318 27.359198 68.169479
v -265.974579 32.451080 63.289673
v -229.276321 27.248709 61.750244
v -231.113815 32.656639 50.714970
v -225.085800 28.759890 49.484222
v -228.403442 32.571064 31.630451
v -222.344391 28.759890 30.339262
v -219.733978 32.171379 16.708187
v -219.859344 32.590889 11.265644
v -215.318359 32.403328 4.244420
v -219.634689 32.403801 -19.282892
v -293.883118 26.678450 -22.096981
v -288.822968 31.267878 -22.673889
v -267.525024 18.025043 -111.490143
v -261.036011 17.941566 -98.427574
v -254.716385 15.118898 -98.206917
v -254.240860 15.118898 -104.213608
v -226.223511 14.840260 -85.488052
v -225.158569 15.118898 -91.059998
v -222.621872 13.535315 -97.010208
v -227.151367 16.091005 -58.129456
v -227.342041 31.634890 -31.595428
v -222.121307 18.292717 -52.964462
v -291.818390 26.892672 -20.032898
v -291.266266 31.199583 -38.470852
v -285.883911 31.472738 -19.931738
v -293.604919 23.388689 -102.072189
v -261.319824 23.360849 -101.415359
v -264.995911 17.982054 -109.101326
v -266.822968 29.549238 -28.926353
v -257.771240 16.599140 -107.621323
v -223.451813 13.248762 -82.481354
v -222.019409 13.248764 -88.321716
v -219.710754 13.120588 -93.908684
v -217.634109 13.682677 -99.803268
v -229.394531 30.633638 -34.124237
v -295.128052 12.485140 -129.323608
v -291.942444 12.485136 -138.690033
v -288.667023 14.727459 -128.593842
v -283.652283 12.907997 -142.898132
v -277.548218 12.537802 -157.202484
v -275.926910 12.640337 -161.884979
v -274.345581 14.608730 -146.864410
v -273.055450 13.660778 -151.659546
v -271.147430 14.608730 -156.386932
v -265.206177 17.667068 -121.490532
v -264.824188 15.115912 -126.345070
v -249.228088 14.514656 -173.455292
v -226.626968 15.118898 -117.582642
v -225.873505 15.115912 -122.622627
v -190.623016 16.824297 -180.259949
v -206.855743 15.749870 -125.360924
v -205.533203 15.525795 -129.934204
v -184.386139 15.196119 -179.267090
v -190.035858 17.014059 -156.565094
v -189.792755 15.223057 -161.263947
v -197.520340 12.516733 -110.837669
v -192.599869 12.733671 -124.268562
v -190.927094 14.148592 -128.494720
v -188.148987 14.207512 -137.488190
v -187.140305 13.071877 -141.922821
v -183.662674 14.196733 -155.679138
v -292.979919 12.692719 -127.298119
v -288.378235 12.736065 -140.743347
v -285.243835 17.542271 -126.511482
v -280.675598 14.580851 -140.122009
v -277.596191 13.248762 -149.522705
v -275.883240 13.248762 -154.605103
v -261.078979 14.396835 -172.293610
v -260.499054 12.355957 -174.602051
v -261.604004 15.118898 -123.602661
v -222.089569 15.601357 -118.916016
v -193.237625 16.913488 -159.320618
v -186.971481 16.523285 -153.880005
v -193.649536 6.291189 -216.642365
v -190.883881 12.872612 -184.988525
v -192.569153 2.996888 -248.710693
v -293.544739 30.263609 -41.839695
v -285.892334 32.235199 -98.397141
v -270.159668 30.234526 -111.523544
v -272.710999 33.131424 -68.017212
v -272.122772 32.050655 -74.974953
v -271.741150 32.617641 -79.601418
v -268.180786 30.120340 -56.042149
v -265.012177 30.280331 -86.482002
v -262.492218 29.085966 -104.567627
v -291.026367 32.644333 -44.916355
v -289.712311 30.437611 -102.043709
v -270.591736 31.053701 -53.526810
v -267.767090 31.342056 -82.848289
v -265.581512 29.888201 -107.053009
v -289.021088 29.876543 -123.476982
v -267.881104 29.876543 -121.595665
v -285.550079 29.876543 -124.914864
v -270.124146 29.876547 -123.505882
v -185.947723 10.740822 -127.335762
v -183.234863 10.755125 -136.135834
v -181.852890 2.730731 -134.275208
v -183.603363 4.350447 -138.958649
v -222.245270 20.217648 -121.952827
v -210.527679 20.174805 -124.893959
v -209.552383 19.282206 -129.391174
v -221.195251 20.120869 -120.039421
v -217.207977 20.174807 -132.031403
v -220.567200 9.024807 -82.437256
v -291.301880 9.044399 -125.475075
v -216.002808 12.562162 -19.871550
v -278.958832 9.024807 -154.949158
v -209.706879 11.508327 -0.857499
v -297.667999 2.687061 -8.372846
v -291.833008 3.816878 -9.561907
v -290.526001 2.687060 64.683151
v -291.726959 3.211445 58.706650
v -296.114441 3.180082 34.724457
v -297.107208 1.912361 28.709864
v -283.433594 2.687060 69.581833
v -284.645752 3.779641 63.753197
v -291.299377 3.786036 27.501535
v -296.700073 3.211444 -2.345686
v -270.345642 2.687060 73.383667
v -271.553986 3.817398 67.575844
v -258.275757 3.703600 71.342842
v -227.282516 2.680761 71.690849
v -228.217270 3.617971 65.780022
v -222.361328 2.687060 64.615433
v -220.999481 3.645948 54.279121
v -216.490067 2.690417 52.243439
v -216.361450 3.214801 46.593658
v -216.808395 3.645948 35.664913
v -213.981064 2.690417 32.949425
v -215.023560 3.782997 26.522907
v -211.406860 2.687060 24.598026
v -212.814896 3.682864 18.263464
v -206.492783 3.056402 12.047930
v -206.154968 2.983594 -3.500445
v -193.617584 2.648044 -105.403252
v -298.168762 2.686553 -14.670170
v -302.298401 2.871535 -60.157166
v -292.255615 3.795201 -15.554813
v -222.516266 3.285577 -58.488094
v -211.278290 3.019855 -94.908264
v -222.099060 3.600565 -37.761208
v -217.406113 2.995571 -53.470711
v -219.174255 3.698974 -28.253387
v -217.652069 3.065185 -33.386940
v -178.935089 2.925214 -178.683746
v -302.289734 2.646704 -124.850807
v -300.731140 2.855812 -129.691010
v -294.926971 3.097445 -123.984383
v -286.327728 3.084621 -148.180695
v -279.661133 2.801862 -167.325714
v -270.430695 3.039779 -171.229584
v -251.698822 3.110263 -178.838959
v -291.314209 9.049082 -123.604858
v -193.672302 2.749839 -254.376404
v -182.111740 2.838328 -137.091095
v -187.933533 12.960455 -127.850304
v -185.183548 12.996168 -136.766998
v -261.440277 7.437759 -175.477264
v -184.429688 3.212092 -160.719452
v -259.202240 20.850805 -104.469795
v -178.169891 2.892842 -155.171661
v -209.743622 11.494894 1.825053
v -178.670059 2.653985 -183.112518
v -225.715591 32.754005 -21.462402
v -220.664490 31.903933 -21.263199
v -285.508240 31.626986 57.444656
v -289.851685 31.626986 33.703026
v -278.440460 31.626986 62.326317
v -279.631775 32.757324 56.493874
v -284.019257 32.571064 32.511692
v -285.012024 32.571064 26.497110
v -290.437317 31.626986 -3.367128
v -284.604889 32.757324 -4.558457
v -265.352478 31.626986 66.128159
v -266.543823 32.757324 60.295704
v -249.361221 15.512796 69.544647
v -229.629486 31.575586 59.614838
v -225.691971 31.766352 46.654282
v -227.828644 32.368233 34.642441
v -223.364487 31.804110 27.289337
v -224.507828 32.571064 21.239380
v -220.008606 31.624006 19.101818
v -220.316010 32.795250 8.402395
v -215.585938 31.983160 6.534966
v -264.814148 15.418644 -111.218208
v -257.121124 15.118898 -110.483528
v -291.765656 30.659159 -22.338835
v -285.732147 31.509146 -23.116144
v -264.280518 17.962376 -50.056690
v -258.404114 15.274456 -98.374153
v -230.887650 21.289049 -52.493904
v -229.660934 18.241829 -57.972572
v -221.454102 14.107557 -90.951736
v -230.127060 31.862810 -31.444550
v -224.392014 20.910345 -52.859226
v -225.404053 31.224909 -31.261280
v -187.005890 16.993309 -179.679321
v -292.426422 14.223824 -129.012451
v -289.210114 14.203295 -138.485870
v -284.671234 14.997005 -128.272125
v -274.896027 14.268738 -156.833527
v -259.665466 14.231638 -173.831604
v -200.213104 13.923347 -111.451424
v -190.372925 14.802273 -142.550079
v -186.335617 16.461510 -156.047607
v -273.079102 32.873306 -111.732330
v -288.397888 32.147736 -86.104454
v -282.245026 32.235199 -86.833580
v -281.642365 32.235199 -99.457748
v -273.434509 32.235199 -105.488487
v -270.514740 32.649689 -55.840611
v -269.328918 32.748756 -68.118065
v -267.412048 25.958033 -77.277420
v -267.564758 32.235199 -86.441719
v -265.738220 32.399879 -104.853439
v -286.171875 32.477570 -123.284912
v -270.597870 32.477577 -121.880554
v -291.134186 32.040184 -41.703690
v -220.631714 21.039606 -121.419090
v -217.683472 21.136358 -130.328033
v -219.097366 21.286760 -125.829231
v -277.941193 10.617111 -152.195801
v -185.168106 2.834782 -127.143181
v -221.598175 10.617111 -85.373306
v -218.501480 15.601311 -22.781750
v -214.703674 10.148144 -98.112259
v -186.782776 2.717167 -215.737518
v -185.257751 2.619939 -216.282990
v -189.031677 4.713068 -214.397400
v -184.656952 2.666246 -201.255737
v -192.897842 12.072224 -194.879364
v -190.967651 9.955692 -197.642609
v -187.625137 6.495047 -201.358398
v -188.628632 6.752399 -199.853912
v -243.973877 3.922993 -198.459290
v -243.334549 5.110518 -196.375183
v -240.576691 10.122829 -196.012085
v -245.859299 2.823150 -199.427460
v -241.089142 8.510094 -196.227295
v -224.833008 28.312487 -31.470276
v -224.878113 28.239504 -30.836636
v -141.077881 2.685638 -301.442444
v -103.942810 4.034225 -284.977905
v -93.360603 3.048158 -280.263000
v -86.042114 4.961760 -281.063904
v -54.844589 2.685638 -196.997650
v -75.823021 3.249805 -276.255066
v -86.995911 2.685638 -317.514801
v -45.748039 2.685638 -189.394211
v -56.107765 4.897690 -230.189911
v -58.517487 2.685638 -238.774277
v -63.922779 3.317649 -262.246277
v -77.949989 2.685638 -319.854034
v -37.163658 4.988983 -191.803925
v -60.381020 4.897713 -314.990051
v -51.796650 2.685638 -317.399780
v -44.770809 2.685638 -317.803925
v -31.541098 5.766695 -305.694031
v -33.710762 2.685638 -313.533630
v -22.023487 3.317649 -298.805359
v -11.945183 3.317649 -292.868500
v -14.535904 2.685638 -299.993347
v 26.870926 3.317649 -208.837585
v 3.549992 2.685638 -296.127197
v 33.995773 2.685638 -211.428284
v 33.591637 2.685638 -218.454132
v 17.063873 6.003698 -284.019623
v 14.610027 2.685638 -291.856934
v 37.861908 2.685638 -229.514175
v 37.457779 2.685638 -236.540009
v 35.048058 4.897678 -245.124390
v 26.742149 4.897678 -277.243683
v 24.688324 2.685638 -285.920074
v -134.170074 2.685638 -274.729645
v -102.335548 2.971698 -282.213623
v -94.938568 4.466354 -283.034851
v -84.559158 3.150455 -278.267456
v -59.681667 2.685638 -215.702866
v -72.441978 2.685638 -265.063049
v -75.377831 2.685638 -271.434204
v -77.238853 5.513243 -279.068848
v -86.617043 2.685638 -315.102234
v -43.730927 2.685638 -187.057007
v -46.321644 3.367574 -194.181854
v -56.698261 3.317649 -234.308731
v -63.349174 2.685638 -257.458618
v -77.247925 4.761427 -316.568390
v -69.297638 3.309645 -316.481171
v -53.813759 2.685638 -319.737000
v -11.965176 3.475652 -194.570679
v -42.753700 2.685638 -315.466705
v -33.137157 3.317649 -308.745972
v -35.727867 2.685638 -315.870850
v -22.597094 2.685638 -303.593018
v -25.649559 2.685638 -309.933990
v -10.484882 6.003698 -290.066193
v -12.518799 2.685638 -297.656158
v 19.842728 3.475652 -202.796051
v -3.017277 4.897678 -291.380280
v 26.787392 5.766695 -212.280670
v 5.567085 2.685638 -293.790009
v 31.772408 3.317649 -222.919678
v 15.150642 4.392069 -287.013306
v 12.592918 2.685638 -294.194153
v 35.638542 3.317649 -241.005554
v 25.261925 3.317649 -281.132416
v 22.671227 2.685638 -288.257263
v -104.904831 2.685638 -278.025970
v -97.847229 2.685638 -278.438293
v -87.063721 2.685638 -274.096527
v -80.203537 2.685638 -274.457825
v -48.770084 2.685638 -190.025436
v -51.822552 2.685638 -196.366425
v -53.876385 4.988983 -205.042831
v -55.525249 3.353669 -213.254425
v -60.854691 2.685638 -236.757172
v -69.981323 3.307926 -269.222626
v -72.773163 5.765776 -276.308075
v -41.282486 3.353669 -191.213425
v -60.763863 6.003698 -262.327515
v -66.860657 2.685638 -320.634644
v -56.262199 3.317649 -315.580566
v -14.669029 2.685638 -190.300735
v -38.176308 3.317649 -311.714417
v -28.098003 3.317649 -305.777557
v -30.688713 2.685638 -312.902405
v -17.557941 2.685638 -300.624573
v -7.479637 2.685638 -294.687714
v 24.055145 2.685638 -200.314621
v 31.658577 2.685638 -209.411194
v 10.144489 3.317649 -290.037720
v 35.928841 2.685638 -220.471222
v 35.524712 2.685638 -227.497070
v 20.222771 3.317649 -284.100861
v 17.632072 2.685638 -291.225708
v 39.794983 2.685638 -238.557114
v 27.710365 2.685638 -285.288849
v 19.649178 2.685638 -288.888519
v 21.818855 5.766695 -281.048920
v 33.705482 3.317649 -231.962616
v 11.604797 6.003698 -287.235413
v 29.839348 3.317649 -213.876740
v 31.027351 2.685638 -206.389145
v 1.101555 3.317649 -291.970795
v 24.686363 2.685638 -203.336670
v -9.496746 2.685638 -297.024933
v 15.953972 5.055681 -201.315826
v -19.575047 2.685638 -302.961792
v -16.984329 3.317649 -295.836914
v -28.671608 2.685638 -310.565216
v -36.580242 5.766695 -308.662476
v -47.219250 3.317649 -313.647491
v -16.686142 2.685638 -192.637939
v -64.843384 2.685638 -318.297485
v -81.743958 25.441860 -314.137238
v -69.423767 2.685638 -264.430817
v -66.371223 2.685638 -258.089874
v -57.344479 2.685638 -217.719971
v -54.934750 4.988983 -209.135590
v -52.396156 3.353669 -201.154083
v -78.320152 2.685638 -272.086060
v -97.005363 3.678938 -310.779297
v -88.938873 2.685638 -276.470428
v -95.922844 2.685638 -276.077148
v -106.866264 2.685638 -280.377563
v -103.810936 7.877470 -286.173889
v -85.718323 11.263817 -282.309479
v -46.189865 15.359009 -198.566559
v -51.355762 16.026634 -213.920685
v -54.457417 14.378681 -230.537582
v -66.021996 15.021936 -270.658478
v -37.511330 14.951509 -193.454285
v -53.885635 16.709557 -256.346252
v -68.633759 15.004133 -312.311066
v -60.033352 14.378026 -313.339722
v -23.609566 17.160843 -238.498871
v -41.947464 14.377851 -309.473572
v -5.437824 16.115885 -200.530151
v -22.945272 17.379749 -273.554810
v -32.403919 14.971941 -304.229309
v -13.315655 18.244312 -267.976532
v -5.733017 17.160833 -268.845764
v 6.373325 14.377851 -287.796875
v 29.531570 14.377852 -226.690826
v 33.397705 14.377851 -244.776718
v 25.130157 14.377852 -276.747711
v -117.079041 5.077289 -303.365753
v -76.663536 13.304105 -280.379486
v -48.426376 16.075558 -202.592621
v -63.790749 14.375710 -266.631073
v -77.748596 15.488417 -314.719391
v -54.920998 16.593540 -260.350037
v -22.246744 16.686808 -200.375870
v -50.990414 14.377851 -311.406647
v -4.105228 13.350832 -197.671112
v -14.451588 17.798180 -236.120926
v -24.790619 17.080959 -276.285980
v -6.355022 17.798176 -238.214661
v -14.775959 17.160833 -270.778809
v -21.290249 14.971942 -294.288696
v -4.136963 18.148710 -265.793793
v -11.278938 15.085704 -288.699005
v -2.669613 14.377851 -289.729950
v 25.322685 14.971942 -213.143494
v 29.535973 15.085704 -231.296356
v 28.626007 13.587837 -264.085663
v 26.175644 13.587836 -273.561310
v -52.264381 14.951509 -205.538788
v -72.048126 14.238466 -277.643188
v -59.952999 15.085704 -263.684814
v -16.789551 13.755768 -198.543884
v -30.397249 17.798203 -245.286652
v -36.515945 17.405407 -269.301910
v -46.553005 15.085704 -309.477997
v -20.166487 18.148743 -238.582413
v -19.815117 17.069836 -273.747253
v -25.993265 15.085705 -297.366821
v -2.547501 18.244312 -242.853806
v -16.251091 14.971941 -291.320251
v 14.803566 16.115883 -205.764465
v 4.505951 17.160833 -245.769409
v 0.786362 17.798174 -261.988586
v 22.486221 14.377852 -208.969360
v 1.767796 15.085704 -287.801300
v 27.598518 14.377851 -217.647888
v 31.464645 14.377851 -235.733765
v 24.420219 14.851861 -268.052704
v 20.956009 14.971942 -279.584198
v 23.328857 16.273888 -272.089478
v 25.422585 16.273888 -263.992920
v 31.469055 15.085704 -240.339310
v 10.810734 15.085704 -285.868225
v 27.602936 15.085704 -222.253433
v -0.693867 17.160833 -265.877319
v 3.915447 17.798176 -249.888229
v 14.912777 13.350832 -202.589081
v -2.466270 17.160833 -239.694885
v -28.229778 14.377852 -301.392853
v -18.219051 18.012215 -270.695282
v -37.443062 14.971942 -307.197754
v -18.570415 16.686808 -235.530441
v -36.801991 16.593540 -273.179901
v -28.652908 16.969715 -241.466202
v -18.242952 16.686808 -201.411224
v -55.595951 15.085704 -311.411072
v -73.048737 14.070672 -314.245544
v -58.133469 13.745839 -260.231232
v -52.528770 15.085704 -234.974976
v -42.015728 15.932186 -195.730103
v -69.836960 14.044823 -273.610596
v -53.284401 14.951508 -209.483261
v -97.387497 11.157962 -309.639374
v -24.997768 35.131660 -246.506943
v -15.653587 23.523849 -240.784546
v -17.730513 23.523855 -248.595901
v -21.781269 22.358589 -264.648285
v -23.771093 18.741503 -272.255310
v -14.109722 21.907743 -266.609344
v -14.799282 21.622257 -237.771301
v -6.850979 21.622215 -239.826660
v -4.999790 21.861856 -264.329071
v -35.181347 19.110443 -269.647034
v -21.303354 24.988232 -248.662857
v -3.904800 21.907743 -243.664658
v -0.825645 21.622215 -261.492615
v 2.265099 21.622215 -249.540558
v -19.081879 21.346521 -269.230591
v -22.787182 23.389725 -251.538483
v -23.856833 35.066418 -243.886169
v -31.595411 22.835522 -249.199463
v -86.830040 4.078511 -319.731842
v -87.050064 2.685638 -323.045746
v -79.895538 3.550395 -321.137726
v -80.593277 2.685638 -324.715454
v -97.825836 9.907470 -315.433167
v -97.269928 4.833300 -315.438293
v -95.250847 12.215839 -317.670166
v -82.997261 25.498762 -318.849487
v -79.541275 23.689215 -315.633362
v -93.476685 22.542873 -311.193085
v -96.209335 19.356834 -311.461426
v -94.858444 22.449394 -316.404083
v -83.753563 30.537514 -315.208740
v -86.310982 32.595787 -313.592926
v -88.039436 32.363667 -318.283325
v -92.276855 30.911417 -312.898499
v -93.306343 30.911415 -316.879730
v -24.152201 29.839958 -243.383911
v -18.003952 29.592522 -244.699554
v -20.209612 28.765417 -241.461670
v -26.895258 29.737793 -248.928436
v -17.536551 28.153086 -241.901031
v -27.972574 28.765417 -245.836472
v -29.577307 28.153086 -248.205353
v -18.972530 33.893715 -245.155167
v -21.737516 34.939705 -246.917465
v -135.142578 2.685638 -275.913116
v -141.354736 2.685638 -299.935852
v -103.051636 3.524325 -283.967468
v -92.846573 2.730953 -278.301666
v -85.207283 4.062583 -280.038879
v -75.374077 2.756159 -274.217590
v -86.537476 2.685638 -315.751434
v -46.963963 4.539652 -196.092194
v -57.236935 2.764639 -236.322998
v -63.417465 2.764639 -260.223389
v -66.131332 5.197595 -268.033691
v -77.447983 2.945111 -317.948608
v -36.717777 2.973556 -190.240280
v -69.846054 2.763638 -318.433594
v -12.291000 4.962416 -196.487061
v -33.642467 2.764639 -310.768890
v -21.344608 4.561922 -296.997070
v -11.287678 4.599228 -291.099518
v 19.487534 4.962416 -204.704834
v 27.339615 2.764639 -206.864532
v 31.408134 4.403919 -224.901901
v 14.670609 2.861416 -289.099060
v 35.274254 4.403919 -242.987793
v 24.756615 2.764639 -283.155304
v -139.766617 2.685638 -302.393311
v -91.460472 3.686830 -280.606049
v -81.724014 2.685638 -274.687561
v -57.478149 2.769142 -212.707886
v -71.943970 2.763424 -268.756653
v -74.020432 4.415982 -276.521149
v -43.296749 2.769142 -190.674744
v -62.056824 4.599228 -262.528748
v -76.268196 2.685638 -319.075989
v -66.408737 5.216580 -313.693359
v -68.437096 2.685638 -320.838806
v -58.244431 4.403924 -315.216278
v -40.158543 4.403919 -311.350128
v -30.008690 4.561922 -305.494751
v -20.009228 2.764639 -299.344025
v -9.930923 2.764639 -293.407166
v 22.774994 2.685638 -199.371780
v 21.070557 5.238921 -206.635925
v 28.893814 2.764639 -209.342896
v 8.162254 4.403919 -289.673431
v 18.356834 4.599228 -283.818390
v 36.611694 2.962143 -245.570267
v 28.325928 2.962143 -277.611694
v -94.057838 3.760367 -282.021667
v -84.068779 2.743740 -276.300049
v -55.787437 2.685638 -198.277802
v -59.885742 2.685638 -214.126129
v -76.444130 4.369118 -278.033447
v -45.816330 2.770880 -192.158966
v -48.531086 5.397077 -199.969025
v -52.739990 5.393624 -216.153290
v -56.333981 4.403921 -232.326508
v -58.300293 2.685638 -240.343277
v -62.398598 2.685638 -256.191620
v -64.565086 4.403847 -264.156616
v -68.643250 4.579906 -314.711395
v -11.642120 2.784390 -192.518448
v -32.458275 4.561922 -306.937714
v -22.528803 2.764639 -300.828247
v -12.450500 2.764639 -294.891388
v 20.360405 2.784390 -200.794159
v 26.588104 4.561922 -210.748260
v 32.311096 2.764639 -220.905411
v 30.899429 5.201614 -229.052429
v 36.177223 2.764639 -238.991287
v 25.904251 4.403919 -279.222076
v -121.410500 2.764822 -280.888000
v -113.317085 3.054388 -282.980927
v -105.329506 3.608447 -284.974304
v -85.535568 2.685638 -273.879883
v -87.419144 4.328219 -281.086517
v -77.783730 2.756159 -275.730225
v -88.073441 2.685638 -316.023193
v -53.756279 4.716655 -213.911942
v -65.895813 2.764639 -261.777588
v -68.123344 4.576341 -269.503052
v -39.300251 4.495329 -191.577713
v -54.247932 2.764639 -316.119232
v -13.092300 2.685638 -190.096680
v -15.063950 5.292411 -197.287766
v -44.309071 5.201614 -310.841431
v -36.162048 2.764639 -312.253113
v -23.889439 4.599228 -298.522888
v -26.124966 2.764639 -306.246246
v -13.855873 4.561922 -292.585663
v -5.910637 2.685638 -294.470520
v 24.960587 4.403919 -208.195251
v 4.011723 5.201614 -289.164734
v 1.973263 2.685638 -296.331299
v 12.158745 2.764639 -290.576385
v 22.237053 2.764639 -284.639526
v 28.653221 2.685638 -284.008698
v 27.234955 2.764639 -281.601105
v 39.999046 2.685638 -240.133850
v 37.591431 2.764639 -241.552094
v 19.717468 2.764639 -286.123749
v 17.207672 2.861416 -287.604553
v 20.901657 4.561922 -282.292603
v 23.351250 4.561922 -280.849609
v 32.832489 5.201614 -238.095383
v 33.869576 4.599228 -240.348053
v 33.341202 4.403919 -233.944839
v 34.244164 2.764639 -229.948334
v 31.936523 4.599228 -231.305099
v 35.658379 2.764639 -232.509155
v 33.725334 2.764639 -223.466217
v 9.597950 2.764639 -291.990601
v 10.801998 4.599228 -288.268738
v 28.966362 5.201614 -220.009491
v 30.003441 4.599228 -222.262161
v 29.475082 4.403919 -215.858963
v 30.378036 2.764639 -211.862473
v 28.031082 4.561922 -213.197845
v 31.792259 2.764639 -214.423279
v 0.555012 2.764639 -293.923676
v 1.759064 4.599228 -290.201813
v -0.880680 4.403919 -291.606506
v 3.115807 2.764639 -292.509460
v 21.914604 2.784389 -203.272491
v -9.046318 5.221365 -290.083221
v 16.370987 2.981893 -199.703186
v 17.862396 4.759426 -202.194946
v -17.489651 2.764639 -297.859802
v -16.305450 4.561922 -294.028656
v -18.895018 4.561922 -295.554108
v -14.970078 2.764639 -296.375610
v -28.603312 2.764639 -307.800446
v -31.122894 2.764639 -309.284668
v -27.455685 4.403919 -303.867218
v -25.888554 5.201614 -299.990417
v -38.722855 2.764639 -313.667328
v -37.497425 4.561922 -309.906158
v -35.047840 4.561922 -308.463165
v -7.646961 2.872169 -193.472473
v -9.637787 4.501574 -195.034119
v -6.641174 4.797829 -195.720016
v -47.765789 2.764639 -315.600403
v -46.561741 4.599228 -311.878510
v -49.201488 4.403919 -313.283203
v -45.204987 2.764639 -314.186157
v -18.255142 2.685638 -192.855133
v -14.202927 2.784390 -193.932678
v -56.808739 2.764639 -317.533447
v -55.390488 2.685638 -319.941040
v -55.604687 4.599228 -313.811584
v -53.352020 5.201614 -312.774475
v -67.291992 2.763638 -317.017639
v -63.274380 2.685638 -318.080292
v -75.387405 4.917717 -315.731964
v -71.260040 4.377292 -316.122040
v -60.062851 5.254282 -261.065826
v -53.913002 5.221365 -237.207596
v -54.929291 4.599228 -234.966248
v -97.821472 6.956063 -310.358032
v -41.961365 4.678173 -193.021698
v -44.410957 4.706853 -194.464691
v -40.735943 2.769142 -189.260529
v -42.154198 2.685638 -186.852936
v -95.241867 17.145903 -317.000641
v -57.394527 10.247466 -255.300446
v -70.600822 4.371504 -271.138885
v -73.000420 2.953286 -272.695648
v -69.487198 2.763424 -267.196838
v -61.058762 2.685638 -235.180450
v -58.651165 2.764639 -233.762192
v -57.127281 2.685638 -219.288971
v -56.063927 2.769142 -215.268677
v -55.160965 4.495329 -211.272186
v -54.539028 5.101202 -207.054688
v -56.498398 2.973556 -208.689713
v -53.038479 4.495329 -203.064423
v -51.890846 2.769142 -199.131195
v -54.369190 2.769142 -200.685394
v -50.530201 4.718426 -201.436554
v -48.294678 2.770880 -193.713165
v -87.485573 2.685638 -314.008270
v -82.661316 3.967993 -278.609924
v -78.629440 4.755072 -279.087952
v -98.862946 3.974380 -309.581665
v -95.064575 2.788762 -311.805725
v -90.469193 2.685638 -276.697632
v -86.512215 2.743740 -277.744629
v -100.416122 3.476641 -282.561676
v -96.324249 3.978595 -283.055206
v -94.350708 2.685638 -275.871887
v -114.804283 3.285635 -305.377869
v -12.697235 9.949383 -198.057983
v 26.784309 10.005342 -273.183105
v -108.424286 2.685638 -280.597595
v 28.975021 10.005342 -264.711517
v -126.932419 2.764822 -302.241547
v -21.460442 10.315123 -196.799881
v -132.562225 2.685638 -274.533630
v -77.530914 14.478868 -282.289215
v -48.779278 17.836571 -204.531769
v -50.724373 17.802689 -212.053543
v -53.303078 16.709557 -254.361130
v -55.373802 16.593540 -262.368713
v -67.808479 16.779978 -310.390472
v -59.857704 16.590097 -312.117523
v -41.771816 16.589891 -308.251373
v -5.112000 14.629120 -198.613785
v -31.745892 16.707603 -302.385651
v -15.322498 16.937763 -272.731720
v -5.054146 17.662739 -267.037476
v 25.004471 16.707603 -215.075027
v 6.548973 16.589891 -286.574677
v 28.904617 16.713924 -233.163498
v 16.605904 16.713924 -280.723175
v 25.987808 14.350420 -274.951721
v -83.919075 12.870663 -282.923309
v -45.035736 17.863377 -199.005432
v -49.435440 17.950382 -214.747070
v -53.235218 16.592278 -230.713226
v -63.944820 16.696480 -270.865784
v -31.915693 16.969715 -244.935516
v -37.948910 16.593540 -269.000580
v -48.420135 16.713924 -308.846619
v -3.241299 16.807144 -201.098160
v -28.073475 16.723799 -297.158691
v -18.182632 16.707603 -291.002045
v 12.801670 16.807146 -205.246796
v 2.595608 17.599005 -245.127075
v -0.099331 16.713924 -287.169922
v 26.376312 16.589893 -217.472244
v 30.242455 16.589893 -235.558136
v -116.848389 5.496930 -301.912567
v -66.371071 16.575027 -272.598602
v -76.823074 15.936404 -312.364624
v -37.686974 17.436548 -194.676468
v -54.495995 16.709557 -258.324188
v -21.866673 15.449864 -198.370804
v -50.814766 16.589893 -310.184448
v -24.288784 17.662762 -240.307053
v -5.760876 16.686808 -202.582367
v -14.118454 17.677788 -269.009857
v -20.632225 16.707603 -292.445007
v -6.279564 16.937763 -270.798645
v -10.452541 16.723801 -286.778687
v -2.493969 16.589893 -288.507751
v 15.054234 14.387771 -284.690674
v 29.196007 14.370173 -262.790100
v -122.153946 3.090220 -282.119598
v -114.237534 4.531304 -284.166748
v -51.110252 17.436548 -205.977646
v -69.990723 16.055445 -277.845428
v -55.823597 15.234432 -255.706680
v -57.872791 16.723799 -263.892944
v -70.494629 16.511776 -311.681305
v -23.489414 14.617137 -196.616318
v -7.765213 15.089961 -200.066727
v -34.335453 16.707603 -303.911102
v -7.715263 17.599003 -268.481476
v 16.783897 14.832109 -206.365570
v 28.309387 16.589893 -226.515182
v 32.175514 16.589893 -244.601074
v 26.533325 10.506781 -268.599152
v 23.976028 16.589891 -276.308868
v 21.614052 16.707603 -277.740540
v 19.024490 16.707603 -279.265961
v 22.775459 16.826897 -274.030731
v 23.894783 15.207368 -270.153442
v 21.298111 16.826897 -271.522827
v 25.213364 14.992308 -272.776855
v 24.979027 15.207366 -265.960602
v 25.891281 16.826897 -262.019897
v 23.371712 16.826897 -263.504120
v 27.404083 14.992308 -264.305267
v 30.837692 16.713924 -242.206436
v 29.548744 16.723799 -239.512909
v 32.805634 14.255005 -242.614487
v 30.872574 14.255005 -233.571533
v 8.535557 14.255005 -287.204803
v 8.943604 16.713924 -285.236847
v 13.165947 14.387771 -285.803009
v 27.615685 16.723799 -230.469971
v 26.971558 16.713924 -224.120560
v 25.682625 16.723799 -221.427032
v 28.939507 14.255005 -224.528610
v -0.507378 14.255005 -289.137878
v 2.594200 16.723801 -285.880981
v 22.047363 16.589891 -210.123474
v 23.479027 16.707603 -212.485474
v -0.051552 17.599007 -263.966980
v -2.604561 17.662739 -265.594482
v 4.141663 17.599007 -247.751633
v 4.974636 16.902538 -243.796371
v 14.285885 16.902538 -207.766373
v 15.158737 14.629120 -203.855698
v 13.575539 14.332865 -201.948273
v -15.593067 16.707603 -289.476593
v -13.146065 16.713924 -288.067627
v -2.748737 17.677788 -241.560837
v -4.376606 17.599005 -239.052567
v -29.383907 16.589893 -300.953979
v -25.640369 16.713924 -295.427673
v -23.221790 16.707603 -293.970459
v -19.136240 17.453571 -271.938965
v -16.686646 17.641254 -270.496002
v -2.343849 14.332864 -197.831604
v -36.785034 16.707603 -305.354095
v -39.374596 16.707603 -306.879517
v -23.110523 17.904507 -272.877441
v -0.180233 19.630527 -261.788055
v -29.498718 19.783691 -245.454895
v -16.588184 17.599014 -235.894714
v -9.756031 16.719366 -201.628357
v -48.828182 14.255005 -310.814575
v -45.726601 16.723801 -307.557678
v -35.971199 17.861910 -254.571548
v -26.741941 17.662764 -241.749115
v -17.603374 15.257137 -199.473267
v -20.220882 16.686808 -200.800873
v -16.257828 16.686808 -201.993790
v -57.871124 14.255026 -312.747620
v -54.769550 16.723801 -309.490753
v -57.463081 16.713951 -310.779694
v -72.880890 16.222584 -313.021301
v -75.168365 14.166855 -314.261902
v -70.899658 14.085402 -313.650055
v -60.305889 16.713934 -265.623962
v -62.636677 16.588701 -267.069916
v -56.926064 15.234432 -259.969971
v -56.571480 14.395041 -253.436844
v -52.553471 14.590762 -237.442078
v -51.897388 16.714417 -233.107849
v -53.865341 14.255107 -232.699799
v -50.608452 16.969715 -235.801376
v -46.346169 18.094461 -202.800720
v -42.673752 17.982941 -197.573761
v -40.084190 17.814610 -196.048309
v -79.342529 15.836884 -313.792267
v -72.416428 15.593748 -279.578369
v -74.830551 15.088367 -281.002045
v -68.691940 16.260677 -274.047089
v -53.130283 15.028964 -207.418991
v -52.062210 17.433765 -209.658905
v -50.698341 14.964094 -203.934631
v -83.397545 11.222425 -280.984711
v -96.924263 11.118191 -307.166565
v -99.172356 9.481539 -308.112091
v -95.404053 11.861837 -309.640259
v -115.086823 5.685699 -303.880951
v -126.985634 3.090221 -300.803955
v -26.970976 27.198467 -249.549362
v -14.985046 22.605406 -238.987717
v -16.668373 23.830021 -246.755966
v -13.560902 22.732862 -241.165237
v -15.634071 22.732864 -249.150925
v -5.843948 22.564524 -243.311768
v -1.979778 22.514492 -261.053741
v -15.663189 23.830021 -242.881088
v -22.305733 21.749079 -266.638550
v -4.341759 22.561974 -262.485413
v -32.897133 22.352436 -261.773773
v -17.379328 23.713301 -239.937256
v -7.330269 21.566132 -265.974243
v 1.636429 21.542547 -247.459747
v 1.042908 22.514492 -249.364914
v -4.112915 22.568506 -245.744873
v -18.423851 22.367363 -267.386902
v -23.388292 22.735489 -253.549469
v -25.054806 24.477364 -250.978195
v -20.690758 22.735502 -252.111267
v -34.441364 21.468376 -263.510223
v -34.636600 21.685955 -254.916656
v -32.958164 22.522459 -257.486450
v -29.945459 23.801542 -250.186203
v -86.574806 2.830890 -321.142090
v -80.095215 2.821757 -322.746704
v -85.974037 2.685638 -324.536957
v -82.261383 2.685638 -325.497040
v -97.841408 7.104752 -315.767975
v -85.143967 4.626059 -321.194885
v -81.085594 4.269631 -321.356476
v -82.858490 8.859932 -320.328369
v -96.237411 4.300074 -316.279663
v -96.995193 11.323343 -316.469421
v -86.739746 2.827363 -316.964966
v -81.946762 26.630838 -316.522400
v -87.600471 29.023478 -318.929047
v -83.587311 24.969728 -313.038055
v -80.012054 24.434408 -314.774811
v -91.334549 22.969530 -311.047302
v -95.294960 20.578241 -310.856903
v -85.387428 25.145861 -319.578857
v -89.374115 24.008663 -319.429993
v -94.507294 23.744053 -313.663086
v -96.079826 20.313435 -313.514313
v -80.651398 24.437550 -317.240997
v -96.654335 16.149143 -310.946686
v -78.971169 20.737751 -315.318726
v -87.109642 32.692047 -316.309448
v -84.816711 32.308647 -314.197296
v -90.991867 31.372284 -312.501343
v -92.378708 31.372284 -317.864594
v -89.353310 32.190388 -318.650452
v -93.076172 30.993113 -314.823242
v -83.713173 29.052099 -317.112091
v -82.949921 28.890736 -314.548615
v -25.182909 30.824690 -244.885818
v -18.372078 29.239674 -246.395477
v -26.494022 30.789299 -247.831238
v -17.606613 28.748590 -242.994797
v -18.534340 28.660524 -241.510971
v -22.343990 30.817659 -243.228333
v -19.207603 30.660816 -243.885071
v -29.148123 28.660526 -247.220016
v -28.506624 28.782078 -248.662888
v -24.472881 35.273193 -244.908813
v -25.531900 34.111580 -247.935379
v -19.900555 34.382706 -246.030594
v -21.429871 35.572464 -245.530716
v -22.664181 35.270134 -243.844772
v -19.563753 34.451862 -244.590881
v -18.694832 32.033142 -245.161575
v -25.791040 31.572475 -248.747528
v -104.815079 2.882193 -283.626373
v -86.946655 3.023297 -279.707001
v -95.205101 2.704111 -312.116455
v -48.838249 2.917390 -195.686127
v -67.549133 3.178231 -267.714020
v -38.736511 2.911849 -189.759033
v -71.827454 2.897094 -317.939758
v -53.760033 3.181317 -314.170685
v -14.646999 3.234362 -195.900055
v -35.646313 3.100396 -310.247894
v -25.581402 2.900423 -304.273315
v 25.366661 2.900423 -206.320969
v 31.311234 2.900423 -216.412399
v 12.648830 3.166010 -288.616547
v 35.177376 2.900423 -234.498276
v 22.752777 3.100396 -282.634338
v 27.768219 2.900423 -279.610657
v 37.092941 2.900423 -243.551529
v 16.645172 2.717238 -289.550354
v 17.765739 3.166010 -285.602295
v 34.228683 3.181317 -238.503403
v 32.295624 3.181317 -229.460449
v 33.244301 2.900423 -225.455338
v 7.608818 2.900423 -291.509613
v 30.362556 3.181317 -220.417511
v 28.372833 3.100395 -211.346741
v -1.444439 2.900423 -293.425171
v 3.603706 3.181317 -290.560913
v 21.387314 3.227675 -205.218842
v -9.444431 3.183786 -291.461212
v 18.361206 2.944861 -200.266052
v -19.493488 3.100396 -297.338837
v -14.454346 3.100396 -294.370392
v -30.607159 3.100396 -307.279449
v -24.469589 3.181317 -300.310364
v -40.711983 2.900423 -313.186310
v -9.604156 2.917430 -193.025696
v -49.754921 2.900423 -315.119385
v -44.717087 3.181317 -312.237610
v -58.808174 2.900424 -317.034943
v -66.806198 3.181045 -315.071503
v -75.748123 2.964648 -317.162170
v -101.471817 5.274883 -284.154846
v -61.477318 3.187901 -260.741852
v -55.290997 3.183786 -236.809479
v -95.336418 16.741234 -309.991821
v -92.477074 5.974298 -282.209320
v -43.812485 3.129079 -192.679962
v -95.530182 3.030732 -313.859619
v -83.562149 6.897710 -280.243134
v -93.358940 17.946295 -318.387787
v -73.472923 3.146460 -274.725220
v -72.455780 2.896371 -270.737793
v -66.439354 2.900414 -263.750549
v -58.152660 2.900423 -231.762756
v -54.117985 3.215915 -215.755173
v -56.979645 2.911849 -210.708435
v -54.902451 2.911849 -202.675842
v -49.950054 3.216393 -199.649048
v -82.120270 2.845932 -276.770538
v -78.212204 3.105312 -277.694153
v -99.809753 2.784513 -280.739197
v -95.806824 2.950489 -281.687317
v -115.072929 2.760638 -306.821198
v -50.298710 17.327518 -204.676559
v -51.983131 17.321125 -211.190308
v -40.766060 18.213509 -197.851501
v -55.218441 16.438656 -253.846054
v -57.314156 16.454851 -261.894165
v -69.797935 16.683830 -309.875732
v -8.701508 9.795767 -197.550430
v -33.653580 16.779978 -302.107910
v -24.092003 16.448479 -295.279480
v -14.026310 16.448479 -289.350037
v 23.201279 16.871136 -214.393158
v 28.230301 16.422853 -224.983795
v 27.099243 16.872717 -232.465942
v 14.688698 16.872717 -280.458099
v 32.096428 16.422855 -243.069672
v 24.665382 16.405281 -274.535583
v 18.154282 16.448479 -280.574982
v 19.706352 16.871138 -277.462769
v 23.154144 16.420485 -277.606812
v 22.863289 16.693581 -265.501740
v 27.813171 16.407753 -262.489136
v 29.032310 16.872717 -241.508881
v 30.163376 16.422855 -234.026733
v 8.080368 16.422852 -286.495605
v 9.641159 16.872717 -283.431458
v 13.601498 16.356750 -284.383484
v 25.166176 16.902538 -223.423004
v 26.286674 16.420485 -215.938599
v -0.962566 16.422852 -288.428650
v 0.598225 16.872719 -285.364532
v 23.345299 16.420483 -210.945374
v -3.213329 17.073200 -267.361725
v 1.812431 16.992535 -264.355560
v 5.960346 16.992535 -248.315384
v 16.285088 16.646675 -208.294479
v 13.276443 16.361391 -203.334335
v -19.063194 16.446110 -292.307892
v -17.500759 16.871138 -289.198853
v -12.448517 16.872717 -286.262238
v -27.461327 19.307743 -243.462082
v 2.405941 19.200323 -247.006454
v -3.988029 16.902538 -237.188599
v -30.205797 16.420485 -302.251923
v -27.557577 16.779978 -295.162598
v -22.539917 16.871138 -292.167267
v -6.906887 19.203133 -266.781006
v -15.968796 19.193340 -268.824829
v -17.396534 19.214926 -237.591217
v -2.766907 16.361393 -199.185608
v -40.238159 16.420483 -308.161743
v -38.692730 16.779978 -305.076355
v -35.216011 16.446110 -305.216949
v -4.492096 19.216339 -240.888885
v -16.024433 16.686808 -234.076035
v -7.798843 16.686808 -202.075134
v -49.283367 16.422852 -310.105347
v -47.722584 16.779978 -307.041229
v -31.028362 19.907154 -247.282700
v -36.781170 16.709557 -254.362091
v -26.129755 16.969715 -239.982758
v -15.738380 16.441845 -200.075851
v -58.326309 16.422892 -312.038422
v -56.765526 16.779978 -308.974304
v -23.787415 16.820126 -197.998108
v -74.801056 16.058353 -312.774902
v -71.355370 16.187683 -312.940735
v -64.457748 16.802382 -272.862671
v -61.825291 16.422630 -265.768768
v -58.388691 16.593540 -265.889038
v -53.156143 16.423300 -232.244629
v -50.092014 16.969715 -233.805405
v -48.918999 18.156849 -212.751099
v -46.862068 18.267530 -204.796829
v -44.213852 17.626730 -197.707489
v -39.220631 17.322292 -194.766113
v -75.533127 15.049006 -282.806122
v -73.956696 15.062251 -279.717499
v -70.504753 16.779978 -279.842010
v -67.885948 16.205154 -272.744568
v -84.633102 12.798703 -284.724426
v -83.034271 12.906154 -281.670135
v -98.912498 10.554283 -306.572418
v -93.747849 10.681425 -286.638916
v -92.146072 10.677299 -283.585388
v -102.783012 9.084776 -288.574005
v -101.193947 9.083937 -285.517181
v -114.734047 4.857849 -285.551178
v -30.947672 22.678915 -251.651947
v -16.508640 22.648335 -239.012619
v -2.801655 22.446154 -262.351685
v 0.956657 22.435816 -247.860184
v -5.988750 22.447109 -241.792343
v -16.157265 22.658335 -251.151947
v -15.068672 22.785944 -247.165131
v -13.061478 22.537836 -239.261826
v -24.177525 29.474678 -248.721466
v -20.175873 23.013849 -250.183899
v -32.837364 21.961939 -263.924988
v 27.368568 11.223520 -266.201813
v -19.576580 12.194155 -198.309326
v -56.987549 12.127408 -257.679871
v -81.699226 2.887140 -323.489075
v -96.806305 7.330306 -317.179321
v -85.445236 2.920933 -322.626221
v -86.557213 2.711443 -318.393005
v -80.754128 25.707895 -316.234222
v -82.738052 28.349138 -316.158508
v -79.564400 20.717278 -314.043793
v -84.139153 29.175505 -313.421295
v -80.037582 8.039957 -318.740417
v -85.645073 29.984592 -317.466125
v -20.175203 35.033157 -245.377701
v -23.071163 35.686745 -245.219910
v -19.562332 31.681097 -246.504333
v -44.643970 15.579910 -197.454865
v 47.404274 2.851108 -151.421036
v 125.362030 2.851108 45.142365
v 177.396759 2.851108 -107.788925
v -187.915680 2.851108 95.070572
v -259.831787 2.851108 -15.715509
v -168.209427 2.851108 -15.715511
v -96.252808 2.851108 1.510248
v -320.598755 2.851108 -104.356812
v -11.054123 2.851108 -325.912048
v -215.478165 2.851108 -261.622070
v -157.019760 2.851108 -87.131058
v 245.255051 2.851108 140.680252
v 254.671158 2.851108 -24.378542
v 176.774857 2.851108 -220.938431
v -104.985046 2.851108 -240.062347
v 116.414948 2.851108 97.754166
v -96.293327 2.851108 95.070564
v 22.605022 2.851108 174.432831
v 57.489151 2.851108 145.919144
v -5.390903 2.851108 197.656250
v 83.943390 2.851108 124.295868
v 46.796246 2.851108 154.659317
v 69.913811 2.851108 135.763382
v 35.530743 2.851108 163.867569
v -176.017365 2.851108 180.034241
v -64.873070 2.851108 228.292450
vn 0.0451 0.9983 -0.0361
vn -0.0000 1.0000 -0.0000
vn -0.0110 0.9988 -0.0470
vn -0.0248 0.9978 0.0611
vn -0.0204 0.9981 0.0583
vn 0.0446 0.9985 -0.0333
vn -0.0038 0.9988 -0.0489
vn -0.0241 0.9980 0.0588
vn 0.0480 0.9984 -0.0308
vn -0.0244 0.9981 0.0572
vn -0.0260 0.9989 -0.0379
vn 0.0411 0.9984 -0.0396
vn -0.0304 0.9990 -0.0341
vn 0.0368 0.9984 -0.0430
vn -0.0196 0.9981 0.0589
vn -0.0348 0.9989 -0.0306
vn 0.0313 0.9984 -0.0465
vn -0.0123 0.9982 0.0588
vn -0.0401 0.9989 -0.0255
vn 0.0251 0.9985 -0.0490
vn 0.0001 0.9983 0.0584
vn -0.0436 0.9989 -0.0198
vn 0.0194 0.9985 -0.0504
vn -0.0026 0.9990 0.0447
vn -0.0463 0.9988 -0.0150
vn 0.0120 0.9987 -0.0495
vn 0.0009 1.0000 0.0045
vn -0.0489 0.9988 -0.0097
vn -0.0000 1.0000 0.0011
vn -0.0503 0.9987 -0.0064
vn 0.0060 1.0000 0.0014
vn -0.0479 0.9988 -0.0058
vn 0.0610 0.9981 0.0005
vn -0.0511 0.9987 -0.0050
vn 0.0572 0.9984 0.0040
vn -0.0548 0.9985 0.0051
vn 0.0621 0.9981 0.0033
vn -0.0543 0.9984 0.0138
vn 0.0579 0.9983 0.0052
vn -0.0496 0.9985 0.0215
vn -0.0472 0.9985 0.0278
vn 0.0563 0.9983 0.0123
vn -0.0452 0.9984 0.0327
vn 0.0581 0.9981 0.0183
vn -0.0427 0.9983 0.0392
vn 0.0595 0.9981 0.0153
vn -0.0388 0.9982 0.0453
vn 0.0607 0.9981 0.0093
vn -0.0345 0.9981 0.0510
vn 0.0614 0.9981 0.0001
vn -0.0304 0.9980 0.0560
vn 0.0596 0.9982 -0.0097
vn -0.0301 0.9979 0.0568
vn 0.0573 0.9982 -0.0166
vn -0.0297 0.9978 0.0586
vn 0.0551 0.9982 -0.0215
vn -0.0250 0.9978 0.0610
vn 0.0080 0.9988 -0.0493
vn 0.0507 0.9984 -0.0264
vn -0.0229 0.9980 0.0584
vn 0.0042 0.9988 -0.0486
vn 0.0496 0.9984 -0.0286
vn 0.0018 0.9987 -0.0503
vn 0.1170 0.9930 0.0139
vn -0.0710 0.9931 0.0933
vn 0.1162 0.9932 -0.0030
vn -0.0605 0.9925 0.1065
vn 0.1107 0.9933 -0.0323
vn -0.0536 0.9919 0.1150
vn 0.1073 0.9933 -0.0422
vn -0.0563 0.9917 0.1157
vn -0.0557 0.9917 0.1157
vn 0.0121 0.9950 -0.0992
vn 0.1013 0.9933 -0.0547
vn -0.0492 0.9918 0.1183
vn 0.0038 0.9952 -0.0976
vn 0.0982 0.9934 -0.0594
vn -0.0569 0.9917 0.1155
vn 0.0005 0.9953 -0.0967
vn 0.0948 0.9935 -0.0634
vn -0.0475 0.9920 0.1171
vn -0.0099 0.9956 -0.0933
vn 0.0886 0.9936 -0.0699
vn -0.0460 0.9921 0.1166
vn -0.0229 0.9959 -0.0877
vn -0.0195 0.9989 -0.0428
vn 0.0856 0.9937 -0.0723
vn -0.0414 0.9925 0.1149
vn -0.0374 0.9961 -0.0800
vn 0.0777 0.9939 -0.0788
vn -0.0584 0.9961 -0.0661
vn 0.0688 0.9940 -0.0849
vn -0.0338 0.9929 0.1138
vn -0.0663 0.9961 -0.0590
vn 0.0575 0.9942 -0.0909
vn -0.0141 0.9937 0.1110
vn -0.0753 0.9959 -0.0494
vn 0.0460 0.9944 -0.0955
vn -0.0174 0.9938 0.1100
vn -0.0833 0.9958 -0.0391
vn 0.0358 0.9945 -0.0982
vn 0.0252 0.9997 -0.0037
vn 0.0969 0.9953 -0.0072
vn 0.1105 0.9928 -0.0466
vn -0.0888 0.9956 -0.0302
vn 0.0205 0.9948 -0.0998
vn -0.0935 0.9954 -0.0202
vn 0.0415 0.9981 0.0452
vn 0.0048 1.0000 0.0061
vn -0.0956 0.9953 -0.0150
vn -0.0972 0.9952 -0.0093
vn 0.0570 0.9984 -0.0027
vn 0.1236 0.9923 -0.0011
vn -0.0982 0.9952 -0.0029
vn 0.1259 0.9920 -0.0003
vn -0.1000 0.9949 0.0117
vn 0.1202 0.9927 0.0071
vn -0.1012 0.9947 0.0197
vn 0.1220 0.9925 0.0021
vn -0.1005 0.9945 0.0282
vn 0.1204 0.9926 0.0173
vn -0.0967 0.9944 0.0427
vn -0.0914 0.9943 0.0556
vn 0.1154 0.9927 0.0355
vn -0.0853 0.9939 0.0695
vn 0.1163 0.9928 0.0277
vn -0.0788 0.9935 0.0817
vn -0.0029 0.9934 0.1148
vn -0.0028 0.9976 0.0698
vn -0.0127 0.9970 0.0764
vn 0.0115 0.9944 0.1053
vn 0.1018 0.9943 0.0332
vn 0.0859 0.9963 -0.0085
vn 0.1296 0.9915 -0.0064
vn 0.1740 0.9821 -0.0721
vn -0.0013 0.9999 0.0164
vn -0.0282 0.9969 0.0740
vn -0.0120 0.9934 0.1137
vn -0.0195 0.9934 0.1126
vn 0.1250 0.9921 0.0047
vn 0.1139 0.9933 -0.0194
vn -0.0497 0.9961 -0.0725
vn 0.0562 0.9958 0.0721
vn -0.6776 0.7337 -0.0499
vn -0.3167 0.9155 -0.2481
vn -0.2056 0.9786 -0.0018
vn 0.7377 0.3900 -0.5512
vn 0.8165 0.4268 -0.3888
vn 0.8358 0.4855 -0.2565
vn 0.7670 0.1478 -0.6243
vn 0.6873 0.3505 -0.6362
vn 0.9201 0.2745 -0.2795
vn -0.4315 0.6479 -0.6278
vn -0.4007 0.9131 -0.0758
vn -0.6512 0.7587 -0.0166
vn -0.4464 0.8904 0.0889
vn -0.6777 0.5960 -0.4308
vn -0.7824 0.6200 0.0597
vn -0.7824 0.6224 0.0229
vn -0.6768 0.7034 0.2172
vn -0.8804 0.1845 -0.4368
vn 0.8352 0.4647 -0.2941
vn 0.8497 0.4756 0.2278
vn 0.9314 0.2635 0.2513
vn 0.7018 0.4613 -0.5428
vn 0.8145 0.5790 -0.0369
vn 0.5914 0.6272 -0.5068
vn -0.0709 0.5808 0.8109
vn 0.0756 0.2758 0.9582
vn -0.1429 0.6963 0.7034
vn -0.3111 0.7112 0.6304
vn -0.7222 0.2348 0.6507
vn -0.4506 0.1747 0.8754
vn 0.6737 0.2748 0.6860
vn 0.7721 0.1701 0.6124
vn 0.7059 0.4160 0.5733
vn 0.4912 0.8673 0.0801
vn 0.9033 0.3384 0.2635
vn 0.8606 0.5067 -0.0512
vn 0.4845 0.8349 -0.2611
vn 0.1910 0.9686 -0.1592
vn 0.0651 0.6770 -0.7331
vn 0.2903 0.9181 0.2699
vn 0.4078 0.8934 0.1883
vn 0.4176 0.7247 -0.5481
vn 0.2134 0.8518 -0.4784
vn 0.7742 0.4237 0.4702
vn 0.5715 0.8141 0.1030
vn 0.9128 0.4039 -0.0604
vn 0.5461 0.7720 0.3254
vn 0.7037 0.6988 0.1284
vn 0.1766 0.9830 0.0505
vn 0.4864 0.7705 0.4120
vn 0.7286 0.4645 0.5033
vn -0.6367 0.5496 -0.5408
vn -0.7247 0.6539 -0.2171
vn -0.6408 0.6074 -0.4695
vn 0.4182 0.9038 0.0903
vn 0.6825 0.6675 0.2978
vn 0.4336 0.7720 0.4647
vn 0.6557 0.5166 0.5506
vn 0.6365 0.6621 0.3957
vn -0.2326 0.9323 0.2770
vn -0.5716 0.8027 0.1702
vn -0.0727 0.9970 0.0251
vn -0.8161 0.2755 0.5080
vn -0.7588 0.5668 -0.3209
vn -0.5196 0.4873 0.7018
vn -0.5739 0.7168 0.3960
vn -0.7712 0.1885 0.6080
vn -0.4271 0.2670 0.8639
vn -0.6818 0.5154 0.5192
vn 0.6167 0.7676 -0.1746
vn 0.9023 0.4311 0.0029
vn 0.9470 0.2911 -0.1361
vn 0.4362 0.8831 0.1727
vn 0.2832 0.9582 0.0403
vn 0.8412 0.5190 -0.1518
vn 0.4667 0.7970 -0.3835
vn 0.4039 0.9141 0.0353
vn 0.5706 0.6427 -0.5112
vn -0.5343 0.4848 -0.6924
vn -0.4929 0.6475 -0.5812
vn -0.5568 0.4824 -0.6763
vn -0.3783 0.9047 0.1962
vn -0.7453 0.4369 0.5036
vn -0.4805 0.7721 0.4159
vn 0.3624 0.7535 -0.5486
vn 0.6156 0.7411 -0.2681
vn 0.6806 0.3097 -0.6640
vn 0.8333 0.5524 -0.0232
vn 0.4251 0.6598 -0.6197
vn 0.3950 0.9174 -0.0492
vn 0.2259 0.9179 -0.3262
vn 0.5490 0.3611 -0.7538
vn 0.5526 0.6496 -0.5222
vn 0.4067 0.8732 -0.2686
vn 0.3454 0.9334 0.0967
vn -0.1469 0.9275 -0.3439
vn -0.3334 0.6410 -0.6913
vn -0.2769 0.9038 -0.3262
vn 0.0223 0.8797 -0.4750
vn -0.0259 0.3668 -0.9299
vn -0.7634 0.6458 -0.0128
vn -0.6688 0.6530 -0.3553
vn -0.1445 0.9711 -0.1898
vn -0.3138 0.8223 -0.4746
vn -0.1394 0.9337 -0.3297
vn -0.5358 0.8414 -0.0709
vn -0.2921 0.9073 -0.3027
vn -0.2321 0.9725 0.0171
vn -0.6774 0.4358 0.5927
vn -0.7937 0.2088 -0.5713
vn -0.7409 0.3791 -0.5543
vn -0.9459 0.2105 -0.2470
vn -0.6687 0.1846 0.7202
vn -0.5595 0.1752 0.8101
vn -0.5212 0.3988 0.7546
vn -0.3990 0.4845 0.7785
vn 0.5039 0.3958 -0.7678
vn 0.3693 0.4256 -0.8261
vn 0.6769 0.3270 -0.6595
vn 0.8264 0.5534 0.1042
vn 0.6848 0.7217 0.1009
vn 0.7532 0.6578 -0.0021
vn -0.6443 0.7080 0.2892
vn -0.9527 0.3028 0.0261
vn -0.3430 0.9393 0.0060
vn 0.8262 0.3477 -0.4433
vn 0.3425 0.9369 -0.0702
vn 0.7561 0.6341 -0.1621
vn 0.8333 0.4800 0.2744
vn 0.4327 0.8612 -0.2666
vn 0.8371 0.5433 -0.0639
vn 0.8274 0.5530 -0.0974
vn 0.6633 0.3071 -0.6825
vn 0.4904 0.8617 -0.1302
vn 0.6094 0.7925 -0.0253
vn 0.8011 0.4429 -0.4027
vn 0.7391 0.6557 0.1541
vn 0.8213 0.5509 0.1481
vn 0.6118 0.5878 0.5293
vn 0.6168 0.7823 -0.0867
vn 0.8856 0.4164 0.2055
vn 0.8900 0.4354 0.1354
vn -0.4806 0.8712 0.1000
vn -0.5004 0.8656 0.0185
vn -0.2364 0.9701 0.0540
vn 0.8602 0.5005 -0.0978
vn 0.8521 0.4976 -0.1620
vn 0.4054 0.8870 0.2210
vn 0.5318 0.4706 0.7041
vn -0.6147 0.6317 0.4723
vn 0.1635 0.9830 -0.0832
vn 0.1590 0.9860 -0.0494
vn 0.0735 0.9955 -0.0598
vn 0.8261 0.3115 -0.4696
vn 0.9660 0.2176 -0.1398
vn 0.5453 0.7586 0.3567
vn 0.5687 0.3141 0.7602
vn 0.5619 0.7390 0.3718
vn 0.4450 0.8796 0.1683
vn 0.1915 0.9795 0.0624
vn -0.5387 0.2274 -0.8113
vn -0.0777 0.3547 -0.9317
vn 0.3365 0.5022 0.7966
vn 0.3224 0.5686 0.7568
vn 0.3185 0.8127 0.4879
vn 0.7760 0.4909 -0.3961
vn 0.6791 0.6627 -0.3157
vn 0.6535 0.7516 -0.0896
vn 0.0556 0.9979 -0.0331
vn -0.2506 0.9681 -0.0003
vn -0.9787 0.0900 -0.1846
vn 0.6739 0.3263 -0.6629
vn 0.8381 0.5265 -0.1430
vn 0.4508 0.8526 -0.2644
vn 0.4145 0.8649 0.2832
vn -0.7687 0.1624 0.6186
vn 0.6789 0.3537 -0.6434
vn 0.9505 0.2032 -0.2352
vn 0.9812 0.1568 -0.1127
vn 0.4105 0.8591 -0.3057
vn 0.2989 0.5933 -0.7474
vn 0.1173 0.9747 -0.1901
vn -0.8725 0.1612 -0.4612
vn -0.7922 0.2105 -0.5728
vn -0.8082 0.4474 -0.3830
vn 0.4302 0.8743 -0.2247
vn 0.1979 0.9439 -0.2645
vn -0.4749 0.1734 0.8628
vn -0.3816 0.4857 0.7865
vn -0.1123 0.8164 0.5664
vn -0.5079 0.8502 0.1386
vn 0.2610 0.8720 -0.4142
vn 0.3294 0.9209 -0.2084
vn 0.0120 0.9986 -0.0515
vn 0.6252 0.5707 0.5323
vn 0.3616 0.6817 0.6360
vn -0.9678 0.2437 0.0627
vn -0.6648 0.6929 -0.2790
vn -0.3176 0.9152 -0.2478
vn -0.3859 0.4339 0.8141
vn -0.5024 0.1716 0.8475
vn -0.1536 0.3333 0.9302
vn -0.2658 0.9117 0.3133
vn -0.2137 0.9184 0.3329
vn -0.2995 0.9260 -0.2299
vn -0.3275 0.9435 -0.0514
vn -0.7533 0.3481 -0.5580
vn -0.2133 0.9748 -0.0657
vn 0.5025 0.8181 0.2796
vn -0.2079 0.2074 0.9559
vn -0.3209 0.9363 -0.1423
vn -0.8640 0.2037 0.4605
vn -0.5256 0.6987 0.4854
vn -0.2333 0.9195 0.3164
vn -0.1072 0.8988 0.4252
vn -0.7108 0.6318 -0.3092
vn -0.1696 0.9777 -0.1236
vn -0.9293 0.3314 -0.1628
vn -0.9294 0.3323 -0.1605
vn -0.5679 0.8230 0.0101
vn -0.1130 0.9864 -0.1193
vn -0.2434 0.9694 -0.0318
vn 0.5192 0.8246 0.2246
vn 0.6148 0.7692 0.1745
vn 0.1791 0.9791 0.0964
vn -0.1574 0.9494 -0.2716
vn 0.7596 0.6501 0.0204
vn 0.4245 0.9047 0.0362
vn 0.5442 0.7900 0.2824
vn 0.1433 0.9891 0.0349
vn -0.6799 0.6778 -0.2799
vn -0.4020 0.8916 -0.2082
vn 0.5508 0.7977 0.2457
vn 0.1539 0.9835 0.0955
vn 0.4674 0.7586 0.4540
vn 0.2998 0.9090 -0.2894
vn 0.6717 0.4508 -0.5879
vn 0.4385 0.5546 -0.7072
vn 0.7363 0.6764 -0.0189
vn 0.2290 0.9707 0.0733
vn 0.7810 0.5619 0.2725
vn 0.5111 0.8452 0.1560
vn 0.7358 0.5733 0.3605
vn 0.1234 0.9904 0.0617
vn 0.3227 0.9456 0.0407
vn -0.5373 0.4516 -0.7123
vn -0.0957 0.7309 -0.6758
vn -0.2507 0.3473 -0.9036
vn 0.5065 0.8582 -0.0829
vn 0.5815 0.8135 -0.0048
vn -0.4084 0.7989 -0.4415
vn 0.4988 0.7727 0.3927
vn 0.8487 0.3010 0.4349
vn 0.5346 0.6251 0.5688
vn -0.4431 0.2831 0.8506
vn -0.9424 0.2161 0.2552
vn -0.6890 0.5190 0.5060
vn -0.5352 0.7582 0.3723
vn -0.3187 0.9452 0.0708
vn -0.2024 0.9447 0.2579
vn -0.6634 0.6987 -0.2678
vn 0.8479 0.4244 -0.3178
vn 0.2647 0.9643 -0.0115
vn 0.5009 0.7283 -0.4677
vn 0.2797 0.9599 0.0203
vn -0.2541 0.7838 -0.5666
vn -0.2719 0.8627 -0.4264
vn -0.3420 0.3684 -0.8645
vn 0.8445 0.5323 0.0586
vn 0.4306 0.8771 -0.2128
vn 0.3700 0.9162 0.1536
vn 0.2611 0.9292 -0.2617
vn 0.7616 0.6469 0.0372
vn 0.3559 0.9329 -0.0555
vn -0.2619 0.9011 -0.3456
vn -0.6285 0.6425 -0.4384
vn -0.7872 0.6097 -0.0923
vn -0.7941 0.5921 0.1369
vn -0.4640 0.8493 0.2517
vn 0.1085 0.9925 -0.0573
vn 0.4948 0.7070 -0.5053
vn 0.8586 0.4879 -0.1573
vn 0.2269 0.8518 0.4723
vn -0.6501 0.6965 -0.3036
vn -0.7463 0.3529 -0.5644
vn 0.4144 0.8871 0.2034
vn 0.3977 0.9167 -0.0380
vn 0.2326 0.8716 -0.4315
vn -0.0219 0.9662 -0.2567
vn 0.4254 0.5870 -0.6888
vn 0.2790 0.9172 -0.2844
vn 0.2961 0.3261 0.8978
vn -0.2724 0.9067 -0.3219
vn -0.1440 0.9335 -0.3284
vn -0.3333 0.6382 -0.6940
vn -0.5233 0.4976 -0.6918
vn -0.1636 0.9553 -0.2461
vn -0.3545 0.8403 -0.4102
vn -0.5751 0.6992 -0.4247
vn -0.0186 0.9886 -0.1493
vn 0.1809 0.9813 -0.0658
vn -0.9574 0.2301 -0.1747
vn -0.1912 0.9506 -0.2444
vn -0.0581 0.9843 -0.1667
vn 0.8172 0.5761 0.0149
vn 0.3721 0.8457 -0.3826
vn 0.1054 0.9899 -0.0953
vn 0.3300 0.5555 0.7632
vn 0.2336 0.8464 0.4785
vn -0.4797 0.4061 0.7777
vn -0.3888 0.7294 0.5629
vn 0.8426 0.5089 -0.1762
vn -0.7938 0.5917 -0.1404
vn -0.2474 0.8390 -0.4846
vn 0.8773 0.4730 -0.0808
vn -0.3353 0.6889 0.6427
vn 0.4828 0.7826 0.3929
vn -0.4961 0.8681 0.0150
vn -0.1870 0.9819 0.0303
vn 0.9646 0.2358 0.1184
vn -0.2412 0.9701 -0.0255
vn -0.5729 0.7914 -0.2131
vn 0.8282 0.5332 0.1725
vn 0.9060 0.3735 0.1990
vn 0.1159 0.9727 -0.2010
vn 0.1144 0.9932 -0.0194
vn 0.3491 0.9262 0.1425
vn 0.5775 0.7367 0.3518
vn 0.1179 0.9930 0.0022
vn 0.1336 0.9908 0.0235
vn -0.8177 0.2184 -0.5326
vn 0.2888 0.3778 -0.8797
vn -0.4470 0.8821 0.1487
vn -0.8644 0.4876 0.1222
vn 0.0997 0.9123 0.3972
vn -0.0940 0.9942 -0.0531
vn -0.2829 0.9546 -0.0935
vn -0.1083 0.9929 -0.0483
vn -0.1440 0.9745 0.1719
vn 0.8155 0.5785 -0.0173
vn 0.5640 0.8181 -0.1120
vn 0.5691 0.7952 0.2093
vn 0.2976 0.8565 0.4218
vn 0.2308 0.9636 0.1347
vn 0.6278 0.6417 -0.4406
vn 0.4879 0.8383 -0.2433
vn 0.4801 0.6414 -0.5985
vn 0.9005 0.1641 -0.4027
vn 0.7144 0.4990 -0.4905
vn 0.7702 0.3550 -0.5298
vn -0.9711 0.2037 -0.1247
vn -0.3753 0.9147 0.1498
vn -0.5722 0.8175 -0.0650
vn 0.7293 0.3294 0.5997
vn -0.0837 0.9714 0.2222
vn -0.3395 0.8427 0.4177
vn 0.0375 0.9964 0.0754
vn 0.5901 0.7955 -0.1375
vn 0.8760 0.3416 0.3406
vn 0.1968 0.9698 0.1438
vn -0.8897 0.4322 -0.1471
vn 0.1155 0.9873 0.1093
vn 0.3016 0.8170 0.4916
vn 0.1261 0.9849 0.1183
vn 0.0250 0.9991 -0.0341
vn 0.1980 0.9769 -0.0800
vn 0.1865 0.9793 -0.0792
vn -0.4143 0.7303 -0.5432
vn -0.1686 0.9287 -0.3304
vn -0.0676 0.9966 0.0462
vn -0.8004 0.5952 -0.0715
vn 0.1859 0.9714 -0.1478
vn 0.1535 0.9862 -0.0622
vn 0.0896 0.9663 -0.2415
vn -0.5026 0.5076 -0.6998
vn -0.2048 0.9710 -0.1233
vn 0.2302 0.9710 0.0654
vn 0.3048 0.9521 0.0267
vn 0.5370 0.8376 0.1000
vn 0.3730 0.9214 0.1090
vn -0.8346 0.4900 0.2516
vn -0.4588 0.8868 -0.0547
vn -0.2736 0.9412 0.1984
vn -0.3467 0.9361 0.0598
vn -0.0110 0.9999 -0.0133
vn -0.2030 0.9792 0.0075
vn 0.3168 0.9485 0.0046
vn 0.2617 0.9647 0.0296
vn 0.5746 0.6320 0.5200
vn 0.7084 0.6442 0.2885
vn 0.4519 0.8903 -0.0553
vn 0.3606 0.8910 0.2759
vn -0.1902 0.6275 0.7550
vn -0.0978 0.9489 0.3000
vn 0.2335 0.8744 0.4253
vn 0.2793 0.9571 0.0770
vn 0.0441 0.9815 0.1862
vn 0.4210 0.7921 -0.4419
vn 0.4119 0.8964 -0.1636
vn 0.1046 0.9892 -0.1032
vn 0.1267 0.9738 -0.1888
vn 0.1637 0.9719 -0.1690
vn 0.1477 0.9196 0.3639
vn 0.2444 0.9428 0.2267
vn -0.2595 0.6929 0.6727
vn -0.0479 0.9976 0.0499
vn -0.0205 0.9998 0.0020
vn -0.0432 0.9977 -0.0522
vn -0.0157 0.9975 0.0683
vn -0.8258 0.5636 0.0214
vn -0.3828 0.7408 -0.5520
vn 0.8194 0.4237 0.3861
vn 0.8420 0.4172 0.3420
vn -0.1329 0.9524 -0.2743
vn 0.2455 0.9336 0.2611
vn 0.7308 0.6741 -0.1072
vn 0.1665 0.9820 0.0892
vn -0.0342 0.9994 0.0032
vn 0.0582 0.9983 0.0069
vn 0.0261 0.9967 -0.0766
vn 0.2532 0.9579 0.1354
vn -0.3135 0.9476 0.0616
vn -0.2902 0.9565 -0.0294
vn -0.1033 0.9944 0.0205
vn 0.1198 0.9819 -0.1469
vn -0.0211 0.8657 -0.5001
vn -0.3830 0.7402 -0.5527
vn -0.1161 0.9827 -0.1443
vn -0.7029 0.6476 -0.2943
vn -0.2991 0.8391 -0.4544
vn -0.2654 0.8828 -0.3877
vn -0.0290 0.9933 -0.1122
vn -0.1078 0.9748 0.1955
vn -0.1447 0.9748 0.1700
vn 0.0169 0.8910 0.4537
vn 0.4219 0.9023 -0.0882
vn 0.2212 0.9577 -0.1839
vn 0.4997 0.7278 0.4696
vn 0.0207 0.8918 0.4520
vn 0.1952 0.9662 0.1686
vn 0.6565 0.6679 0.3507
vn 0.1026 0.9883 0.1124
vn 0.1543 0.9852 0.0745
vn 0.1829 0.9823 0.0404
vn 0.0573 0.9976 0.0397
vn 0.6516 0.6818 0.3325
vn -0.8308 0.4115 -0.3747
vn -0.5417 0.7647 -0.3491
vn 0.1590 0.9671 -0.1986
vn 0.1155 0.9929 -0.0282
vn -0.0673 0.9660 0.2496
vn -0.0326 0.9989 0.0348
vn -0.0936 0.9956 -0.0047
vn -0.0476 0.9958 -0.0788
vn -0.3661 0.9306 0.0001
vn -0.0256 0.9986 -0.0453
vn -0.0413 0.9985 -0.0347
vn -0.0338 0.9982 -0.0488
vn -0.4827 0.8509 -0.2075
vn -0.0726 0.9974 0.0007
vn -0.0727 0.9946 -0.0738
vn -0.0447 0.9944 -0.0959
vn -0.3411 0.9231 -0.1778
vn -0.3605 0.9152 -0.1803
vn -0.0388 0.9984 0.0424
vn -0.0815 0.9897 0.1179
vn -0.0488 0.9840 0.1716
vn -0.0316 0.9990 0.0317
vn -0.0197 0.9891 0.1459
vn 0.0467 0.9982 -0.0376
vn 0.0334 0.9993 0.0192
vn 0.0973 0.9934 0.0600
vn 0.2386 0.9625 0.1290
vn 0.0310 0.9989 0.0346
vn -0.0196 0.9991 0.0389
vn 0.2243 0.9739 -0.0359
vn 0.0476 0.9975 0.0522
vn -0.0208 0.9997 0.0090
vn -0.0063 1.0000 0.0048
vn -0.0632 0.9979 0.0114
vn -0.0080 0.9998 -0.0171
vn -0.0178 0.9997 -0.0153
vn -0.0300 0.9993 -0.0232
vn -0.0790 0.9956 -0.0509
vn -0.0065 0.9999 -0.0116
vn -0.0082 1.0000 -0.0051
vn 0.0623 0.9979 -0.0158
vn 0.5964 0.7939 -0.1182
vn 0.3640 0.9301 -0.0502
vn 0.3778 0.9259 0.0076
vn -0.0490 0.9961 -0.0729
vn 0.0210 0.9995 -0.0256
vn 0.0015 0.9992 -0.0396
vn 0.1135 0.9935 0.0118
vn 0.0113 0.9999 -0.0027
vn 0.0071 0.9997 0.0235
vn 0.0204 0.9997 0.0132
vn 0.0170 0.9998 0.0082
vn 0.0072 1.0000 0.0039
vn 0.1295 0.9800 0.1510
vn 0.0569 0.9941 0.0923
vn 0.0578 0.9972 0.0475
vn 0.1680 0.9853 0.0309
vn 0.1303 0.9902 0.0503
vn -0.0400 0.9991 0.0150
vn -0.0390 0.9992 0.0125
vn -0.0085 0.9998 -0.0157
vn 0.0378 0.9990 -0.0221
vn 0.0098 0.9999 -0.0110
vn 0.0560 0.9973 -0.0472
vn 0.2115 0.9772 0.0179
vn 0.1137 0.9934 -0.0149
vn 0.1067 0.9941 -0.0208
vn 0.0805 0.9967 -0.0132
vn 0.0583 0.9983 -0.0068
vn 0.1406 0.9897 -0.0261
vn 0.0380 0.9987 0.0329
vn 0.0934 0.9942 0.0534
vn 0.1825 0.9806 0.0709
vn 0.1198 0.9925 0.0243
vn 0.0183 0.9998 0.0094
vn 0.0222 0.9995 -0.0238
vn 0.0230 0.9997 -0.0097
vn 0.0288 0.9992 -0.0269
vn 0.0054 0.9999 0.0090
vn 0.0121 0.9997 0.0213
vn 0.0130 0.9998 -0.0134
vn 0.0432 0.9990 0.0142
vn 0.0498 0.9987 -0.0067
vn 0.0311 0.9991 -0.0278
vn 0.0406 0.9986 -0.0330
vn 0.0737 0.9969 -0.0272
vn -0.0364 0.9957 -0.0855
vn 0.0617 0.9981 -0.0055
vn 0.4585 0.8855 -0.0758
vn -0.0188 0.9446 0.3277
vn -0.2756 0.5312 0.8012
vn 0.0088 0.6567 0.7541
vn -0.2007 0.9022 0.3818
vn -0.1330 0.8795 0.4569
vn -0.0463 0.9922 0.1160
vn -0.3924 0.5936 0.7026
vn -0.1341 0.5045 0.8529
vn 0.3645 0.7957 0.4838
vn 0.0755 0.3802 0.9218
vn 0.4148 0.3848 0.8245
vn -0.4784 0.2133 0.8518
vn -0.1310 0.4725 0.8715
vn -0.0412 0.3326 0.9422
vn -0.3121 0.8314 0.4597
vn -0.3078 0.9278 0.2110
vn -0.1177 0.9880 0.0998
vn -0.5442 0.5616 -0.6232
vn -0.2293 0.7564 -0.6126
vn -0.3560 0.7571 -0.5478
vn -0.0180 0.8135 0.5813
vn -0.1275 0.5787 0.8055
vn -0.0178 0.3422 0.9394
vn -0.4331 0.8164 0.3821
vn -0.3106 0.8488 0.4277
vn -0.1171 0.9852 0.1252
vn -0.0174 0.9450 0.3266
vn -0.2452 0.8360 0.4909
vn -0.0547 0.9913 0.1197
vn 0.2295 0.8470 -0.4795
vn 0.0274 0.9315 -0.3626
vn 0.2040 0.5374 -0.8183
vn 0.6306 0.2928 -0.7187
vn 0.3957 0.8032 -0.4454
vn 0.4282 0.5496 -0.7173
vn 0.2559 0.7059 -0.6605
vn 0.3430 0.2781 -0.8972
vn 0.0977 0.3383 -0.9359
vn 0.5647 0.8154 0.1275
vn 0.8311 0.5274 0.1763
vn 0.3516 0.9356 0.0332
vn 0.1275 0.8154 -0.5647
vn 0.2302 0.8450 -0.4827
vn 0.3723 0.4403 -0.8170
vn -0.2099 0.8487 0.4854
vn -0.0597 0.8082 0.5859
vn -0.0618 0.9820 0.1782
vn 0.4104 0.5651 -0.7157
vn 0.3924 0.5888 -0.7067
vn 0.4770 0.3231 -0.8174
vn 0.2776 0.8372 -0.4712
vn 0.2640 0.8541 -0.4481
vn 0.2382 0.8487 -0.4722
vn 0.1763 0.5274 -0.8311
vn 0.1272 0.3393 -0.9320
vn 0.2914 0.9356 -0.1995
vn 0.2975 0.8487 -0.4372
vn 0.6214 0.5418 -0.5660
vn 0.2030 0.9350 0.2907
vn 0.4372 0.8487 0.2975
vn 0.5663 0.5513 0.6127
vn 0.4722 0.8487 0.2382
vn 0.8179 0.5418 0.1938
vn 0.1973 0.5507 -0.8110
vn 0.1978 0.8032 -0.5620
vn 0.2325 0.8450 -0.4816
vn 0.3447 0.5269 -0.7769
vn 0.4824 0.8449 0.2311
vn 0.1848 0.5349 -0.8245
vn 0.4279 0.5888 -0.6858
vn 0.4471 0.5465 -0.7081
vn 0.5300 0.3284 -0.7818
vn 0.2983 0.8488 -0.4366
vn 0.2884 0.8338 -0.4707
vn 0.4523 0.8885 -0.0771
vn 0.4330 0.8885 -0.1518
vn 0.7724 0.4817 -0.4139
vn 0.2655 0.9494 -0.1677
vn 0.4944 0.7429 -0.4513
vn 0.4827 0.8450 0.2302
vn 0.3135 0.9494 0.0180
vn 0.8257 0.5340 0.1817
vn 0.2258 0.9488 -0.2210
vn 0.0839 0.9488 -0.3047
vn 0.3077 0.2753 -0.9108
vn 0.4949 0.5096 -0.7038
vn -0.7755 0.3365 0.5342
vn -0.4050 0.8429 0.3542
vn -0.6255 0.4539 0.6346
vn 0.8170 0.4403 0.3723
vn 0.9320 0.3393 0.1272
vn 0.0332 0.9356 -0.3516
vn 0.6605 0.7059 0.2559
vn 0.8972 0.2781 0.3430
vn 0.9359 0.3383 0.0977
vn 0.4481 0.8541 0.2640
vn 0.6858 0.5888 0.4279
vn 0.7067 0.5888 0.3924
vn 0.8097 0.3137 0.4960
vn -0.0950 0.4460 -0.8900
vn 0.0223 0.9290 -0.3694
vn 0.0865 0.8077 -0.5832
vn 0.2134 0.5468 -0.8096
vn -0.0199 0.8373 0.5464
vn 0.0106 0.9846 0.1748
vn 0.0762 0.8809 0.4672
vn 0.4764 0.8129 0.3350
vn 0.4036 0.8092 0.4270
vn 0.7096 0.4656 0.5289
vn -0.8296 0.5465 0.1144
vn -0.9322 0.0176 -0.3616
vn 0.7650 0.4590 -0.4518
vn 0.6429 0.7302 -0.2311
vn 0.3741 0.8386 -0.3959
vn 0.0874 0.8071 -0.5840
vn 0.2702 0.8338 -0.4814
vn 0.3784 0.5122 -0.7710
vn 0.7163 0.5120 0.4740
vn 0.3024 0.4995 0.8118
vn 0.4955 0.7702 0.4017
vn 0.2064 0.9239 0.3222
vn 0.5880 0.5296 0.6114
vn 0.4424 0.4586 -0.7706
vn 0.2898 0.8338 -0.4699
vn 0.4679 0.4534 -0.7586
vn 0.4447 0.4643 -0.7659
vn 0.4596 0.4586 -0.7606
vn 0.4271 0.5650 -0.7059
vn 0.4719 0.3093 -0.8257
vn 0.3582 0.7084 -0.6081
vn 0.2758 0.8966 -0.3465
vn 0.4573 0.3938 -0.7974
vn 0.4321 0.8154 -0.3853
vn 0.5141 0.4394 -0.7366
vn 0.7554 0.3430 -0.5583
vn -0.8188 0.4396 -0.3692
vn -0.9170 0.2781 -0.2859
vn -0.9373 0.3474 -0.0285
vn 0.0235 0.9379 0.3461
vn -0.0533 0.9894 0.1350
vn -0.6025 0.7978 -0.0227
vn -0.8841 0.4378 -0.1630
vn -0.3444 0.9364 -0.0677
vn 0.2311 0.8449 -0.4824
vn -0.1351 0.6570 0.7416
vn -0.3183 0.5005 0.8051
vn 0.2134 0.5469 -0.8096
vn 0.1157 0.8783 -0.4640
vn 0.0302 0.9956 -0.0882
vn 0.2237 0.8281 -0.5140
vn 0.3696 0.4424 -0.8171
vn -0.8917 0.3905 0.2290
vn -0.3163 0.9264 0.2044
vn -0.8149 0.4473 0.3685
vn -0.5670 0.8237 -0.0004
vn -0.9270 0.3634 0.0925
vn -0.9116 0.4088 0.0421
vn -0.2888 0.9255 0.2451
vn -0.7468 0.3291 0.5778
vn -0.4808 0.8351 0.2672
vn 0.5140 0.5126 0.6878
vn 0.3084 0.5909 0.7455
vn 0.3999 0.6246 0.6707
vn 0.0616 0.6918 0.7195
vn 0.2811 0.7205 0.6339
vn -0.3633 0.8853 0.2902
vn -0.7501 0.2986 0.5900
vn -0.5288 0.7860 0.3204
vn -0.0267 0.9796 0.1993
vn -0.1028 0.6170 0.7802
vn -0.1346 0.8161 0.5621
vn 0.5527 0.3346 -0.7632
vn 0.0851 0.8169 -0.5704
vn 0.4538 0.7512 -0.4793
vn 0.6801 0.5196 0.5172
vn 0.1300 0.9831 0.1291
vn 0.5130 0.7182 0.4701
vn -0.8455 0.4882 0.2165
vn -0.2392 0.9705 -0.0302
vn -0.3933 0.9143 0.0970
vn -0.0563 0.9508 0.3048
vn -0.1154 0.4871 0.8657
vn -0.1919 0.6845 0.7033
vn -0.3316 0.7382 0.5874
vn -0.1038 0.9695 0.2222
vn -0.7270 0.6624 0.1809
vn 0.2281 0.9466 -0.2278
vn -0.1568 0.7071 -0.6895
vn -0.4841 0.8040 0.3453
vn -0.3103 0.8449 0.4357
vn -0.1189 0.9846 0.1278
vn -0.8240 -0.4772 -0.3054
vn -0.7547 -0.1304 -0.6429
vn 0.2812 0.9387 -0.1993
vn 0.3062 0.9088 -0.2835
vn -0.4829 0.8449 -0.2300
vn -0.5898 0.8047 -0.0678
vn -0.1657 0.9847 -0.0542
vn -0.1578 0.7129 0.6833
vn -0.8895 0.1546 0.4301
vn -0.2441 0.1218 0.9621
vn -0.8936 0.2716 0.3575
vn 0.1398 0.7837 0.6052
vn 0.6464 0.7283 0.2275
vn 0.0935 0.9802 -0.1746
vn 0.0118 0.9981 -0.0601
vn 0.1180 0.9681 -0.2209
vn -0.1154 0.7795 0.6157
vn -0.3559 0.6638 0.6578
vn -0.1752 0.9460 0.2728
vn 0.0550 0.9443 -0.3246
vn 0.0477 0.3162 -0.9475
vn 0.2318 0.4820 -0.8450
vn -0.2722 0.8414 0.4669
vn -0.0999 0.9855 0.1369
vn -0.0703 0.9852 0.1560
vn -0.6224 0.7820 0.0329
vn -0.9550 0.2757 -0.1094
vn -0.9168 0.3214 0.2370
vn 0.1407 0.3740 -0.9167
vn -0.7316 -0.3239 -0.5999
vn -0.4666 -0.6439 -0.6063
vn -0.5756 -0.1126 -0.8099
vn -0.5549 0.7595 0.3395
vn -0.2810 0.8543 0.4372
vn -0.0935 0.9876 0.1261
vn -0.2937 0.9386 0.1808
vn -0.1089 0.9900 0.0899
vn -0.2914 0.9356 0.1991
vn -0.1096 0.9896 0.0928
vn 0.2582 0.2518 -0.9327
vn 0.0037 0.3503 -0.9366
vn -0.3693 0.9292 -0.0174
vn -0.1135 0.9922 -0.0521
vn -0.5013 0.8320 -0.2376
vn -0.6037 0.7932 -0.0801
vn -0.1754 0.9829 -0.0565
vn -0.9540 0.2975 -0.0358
vn -0.9444 0.3269 -0.0356
vn -0.3266 0.9450 -0.0174
vn -0.1197 0.9913 -0.0547
vn -0.3165 0.3635 0.8762
vn -0.3109 0.2646 0.9129
vn -0.3528 0.5716 0.7408
vn -0.6496 0.7483 -0.1345
vn -0.6171 0.5489 -0.5638
vn -0.7723 0.3437 0.5343
vn -0.3234 0.8320 0.4509
vn -0.0781 0.9913 0.1059
vn -0.8192 0.5735 0.0039
vn -0.3410 0.2928 -0.8933
vn -0.3015 0.4426 -0.8445
vn -0.4474 0.8020 0.3957
vn -0.1260 0.9829 0.1345
vn -0.9568 0.2853 -0.0564
vn -0.0240 0.9944 0.1033
vn -0.1078 0.8394 0.5327
vn -0.0555 0.9885 0.1409
vn -0.4113 0.5484 0.7281
vn -0.0349 0.9904 0.1338
vn -0.8981 0.4396 -0.0132
vn -0.4327 0.5172 0.7384
vn 0.3197 0.4228 0.8480
vn 0.6660 0.3160 0.6757
vn -0.0946 0.9137 0.3953
vn -0.3221 0.3913 0.8620
vn 0.7846 0.5395 0.3056
vn 0.7347 0.6743 0.0748
vn 0.9347 0.2824 0.2158
vn 0.6702 0.7401 -0.0556
vn 0.8075 0.5896 0.0143
vn 0.7101 0.5207 0.4740
vn -0.0254 0.2644 0.9641
vn 0.2544 0.3260 0.9105
vn -0.6272 0.4342 0.6466
vn -0.5202 0.6538 0.5495
vn -0.6444 0.2455 0.7242
vn -0.1770 0.8984 0.4019
vn -0.2014 0.8763 0.4377
vn -0.4597 0.3434 0.8190
vn 0.7366 0.2756 -0.6177
vn 0.9684 0.2495 -0.0004
vn 0.9554 0.2945 -0.0210
vn 0.3104 0.2816 -0.9079
vn -0.2560 0.9666 0.0123
vn -0.8134 0.5655 -0.1360
vn -0.2204 0.9718 0.0843
vn -0.6378 0.5806 0.5061
vn 0.0099 0.9454 -0.3258
vn 0.1310 0.9385 -0.3194
vn -0.0956 0.9953 -0.0123
vn 0.0715 0.9286 -0.3641
vn 0.2824 0.4765 -0.8326
vn -0.1108 0.6308 0.7680
vn -0.2862 0.5584 0.7786
vn -0.2130 0.8561 0.4709
vn 0.1103 0.9133 0.3920
vn 0.3552 0.8723 0.3360
vn -0.3786 0.6596 0.6493
vn -0.5402 0.4146 0.7323
vn -0.3222 0.7805 0.5357
vn -0.6328 0.5344 0.5604
vn 0.1623 0.9223 -0.3506
vn 0.2593 0.9124 -0.3168
vn 0.0178 0.9996 -0.0214
vn 0.8303 0.5404 0.1362
vn -0.9155 0.3297 0.2304
vn -0.6681 0.2619 0.6964
vn 0.3795 0.9074 0.1804
vn 0.3417 0.9074 0.2445
vn 0.0617 0.9973 0.0391
vn 0.7442 0.3287 -0.5814
vn 0.2835 0.9287 -0.2390
vn 0.5828 0.4759 -0.6586
vn 0.8326 0.4765 0.2824
vn 0.3350 0.9196 0.2053
vn 0.4118 0.9076 0.0813
vn 0.3252 0.9242 0.2001
vn 0.0579 0.9982 0.0157
vn 0.2841 0.7879 -0.5464
vn 0.3600 0.3257 -0.8743
vn 0.2415 0.6697 -0.7022
vn 0.4266 0.8596 0.2812
vn 0.6165 0.7866 0.0329
vn 0.1536 0.9861 0.0638
vn -0.3158 0.5935 0.7403
vn -0.2698 0.9546 0.1261
vn -0.2668 0.6797 0.6832
vn 0.7774 0.2881 -0.5591
vn 0.5158 0.8156 -0.2622
vn 0.1806 0.9060 -0.3829
vn 0.2771 0.8970 -0.3444
vn 0.0378 0.9980 -0.0505
vn 0.6282 0.5870 -0.5107
vn 0.6333 0.2777 -0.7224
vn 0.8335 0.3966 0.3848
vn 0.7974 0.5451 -0.2587
vn 0.8520 0.4624 -0.2453
vn 0.3004 0.8600 -0.4125
vn 0.2508 0.9567 -0.1476
vn 0.0854 0.9926 -0.0865
vn 0.0449 0.3140 -0.9484
vn -0.0123 0.8210 -0.5708
vn 0.7262 0.3114 -0.6129
vn 0.7472 0.4095 -0.5235
vn 0.5323 0.5429 -0.6496
vn 0.4897 0.8062 -0.3321
vn 0.1084 0.9856 -0.1299
vn 0.4087 0.9090 0.0822
vn 0.0584 0.9982 0.0128
vn 0.0822 0.9090 -0.4087
vn 0.2981 0.9128 -0.2793
vn 0.9328 0.3287 0.1478
vn 0.4187 0.9040 0.0868
vn 0.5811 0.8138 0.0071
vn 0.0663 0.9976 0.0203
vn 0.0716 0.9287 -0.3639
vn 0.1663 0.3183 -0.9333
vn -0.9621 0.2223 0.1582
vn 0.2001 0.9242 -0.3252
vn 0.6701 0.4919 0.5559
vn 0.5383 0.6282 0.5618
vn 0.0809 0.1315 0.9880
vn -0.5983 0.5450 0.5874
vn -0.3877 0.3780 0.8407
vn -0.4058 -0.9022 -0.1459
vn -0.3451 -0.9165 -0.2024
vn -0.6583 0.4386 0.6117
vn 0.3318 0.6280 -0.7040
vn 0.3071 0.8070 -0.5044
vn -0.7193 0.3114 0.6210
vn -0.5085 0.5328 0.6764
vn 0.1357 0.9877 -0.0771
vn 0.4874 0.8021 0.3451
vn 0.2763 0.8760 0.3954
vn 0.1118 0.9848 0.1333
vn -0.4669 0.8235 -0.3223
vn -0.1412 0.9810 -0.1331
vn -0.6830 0.7263 -0.0770
vn 0.1563 0.9781 0.1375
vn 0.1669 0.8970 -0.4093
vn 0.0376 0.9972 -0.0640
vn 0.2321 0.9147 -0.3307
vn 0.0477 0.9981 -0.0397
vn 0.0789 0.9951 0.0592
vn 0.2617 0.9597 0.1022
vn 0.3312 0.8796 0.3415
vn -0.6578 0.7435 -0.1205
vn 0.4934 0.8604 0.1279
vn -0.4272 0.8786 0.2133
vn 0.1577 0.9293 -0.3338
vn 0.0080 0.9997 -0.0210
vn 0.1693 0.8966 -0.4092
vn 0.2676 0.9017 -0.3395
vn 0.0301 0.9975 -0.0638
vn 0.1569 0.9630 -0.2189
vn 0.1644 0.9363 -0.3104
vn 0.0374 0.9967 -0.0716
vn -0.4657 0.6799 0.5664
vn -0.9177 0.3214 0.2337
vn 0.2283 0.8390 -0.4939
vn 0.1141 0.9673 -0.2266
vn 0.4468 0.6698 -0.5930
vn 0.4967 0.8203 -0.2833
vn -0.1612 0.3516 0.9222
vn -0.0569 0.8052 0.5903
vn 0.1514 0.9124 -0.3804
vn 0.2280 0.9223 -0.3119
vn 0.0105 0.9996 -0.0263
vn 0.0565 0.3462 -0.9365
vn 0.2075 0.4838 -0.8502
vn 0.4350 0.8306 0.3476
vn 0.3547 0.8423 0.4058
vn 0.2020 0.9556 0.2145
vn 0.7000 0.5485 -0.4574
vn 0.3427 0.9394 -0.0119
vn -0.8569 0.4699 0.2118
vn -0.8029 0.2143 0.5563
vn 0.6145 0.5774 0.5377
vn 0.3273 0.7692 -0.5488
vn 0.2402 0.8774 -0.4154
vn 0.0824 0.8471 -0.5250
vn 0.0891 0.9845 0.1509
vn 0.0099 0.9606 0.2776
vn 0.1836 0.9379 -0.2943
vn 0.0040 0.9998 -0.0214
vn 0.1087 0.7498 -0.6527
vn 0.0267 0.9666 -0.2549
vn 0.1580 0.8392 -0.5204
vn -0.0808 0.9841 -0.1580
vn -0.1182 0.9890 -0.0895
vn -0.2961 0.7933 -0.5320
vn -0.1442 0.9719 0.1859
vn -0.2901 0.7289 0.6201
vn 0.0107 0.9684 0.2493
vn 0.0034 0.9998 -0.0219
vn 0.5809 0.8140 0.0044
vn -0.6315 0.4791 0.6097
vn -0.4224 0.8004 0.4254
vn -0.4413 0.7537 0.4870
vn 0.1727 0.9835 0.0541
vn -0.3945 0.0807 -0.9153
vn 0.0141 0.9818 -0.1894
vn 0.5652 0.3204 0.7602
vn 0.5802 0.5316 0.6171
vn 0.3681 0.1857 -0.9111
vn -0.3248 0.3443 -0.8809
vn 0.1249 0.1827 -0.9752
vn 0.1280 0.8662 0.4830
vn 0.1332 0.5082 0.8509
vn 0.5839 0.8118 0.0045
vn -0.1139 0.8653 -0.4881
vn 0.1009 0.3588 -0.9280
vn 0.1467 0.4354 -0.8882
vn -0.0348 0.9879 -0.1509
vn 0.6477 0.5675 -0.5084
vn 0.1831 0.7085 -0.6815
vn -0.2290 0.9280 0.2940
vn -0.6260 0.4665 0.6249
vn -0.1884 0.9712 0.1459
vn -0.1291 0.9614 0.2432
vn -0.1606 0.7885 0.5936
vn 0.0760 0.8818 0.4654
vn -0.7187 0.6577 -0.2255
vn -0.6607 0.7055 -0.2564
vn -0.3652 0.9091 -0.2003
vn -0.3600 0.9324 -0.0324
vn -0.0949 0.4460 -0.8900
vn -0.4135 0.8950 -0.1670
vn -0.3066 0.8826 0.3565
vn 0.3156 0.3003 -0.9001
vn -0.3837 0.8858 0.2608
vn -0.2706 0.9130 0.3054
vn -0.3932 0.4834 0.7821
vn -0.5170 0.7664 0.3813
vn -0.5351 0.4476 0.7165
vn -0.6340 0.5290 0.5641
vn 0.3948 0.4889 -0.7779
vn 0.4187 0.6132 -0.6699
vn -0.3567 0.3255 0.8757
vn -0.4490 0.8449 0.2906
vn 0.2195 0.8777 -0.4259
vn 0.2758 0.8583 -0.4327
vn 0.3405 0.4795 -0.8088
vn -0.3342 0.9421 0.0258
vn -0.3108 0.9227 -0.2283
vn -0.2154 0.9602 -0.1777
vn 0.0572 0.6501 -0.7576
vn 0.0470 0.9771 -0.2076
vn -0.8092 0.5232 -0.2673
vn -0.4381 0.6378 -0.6335
vn 0.7963 0.3660 0.4816
vn 0.5965 0.6655 0.4486
vn -0.8892 0.4444 0.1087
vn -0.5425 0.4218 0.7265
vn -0.7606 0.3175 0.5663
vn 0.7121 0.6870 -0.1447
vn 0.6912 0.1635 -0.7039
vn 0.3292 0.7167 -0.6148
vn 0.3364 0.8260 -0.4522
vn 0.0665 0.9452 -0.3195
vn -0.2321 0.9093 -0.3453
vn -0.8337 0.4505 -0.3193
vn -0.4341 0.6949 0.5732
vn -0.0611 0.9981 -0.0098
vn 0.2734 0.6157 -0.7391
vn 0.2846 0.8514 0.4405
vn -0.0527 0.2892 0.9558
vn 0.3639 0.3489 0.8636
vn 0.7048 0.6435 -0.2986
vn 0.3324 0.7827 -0.5263
vn -0.6455 0.5092 0.5693
vn 0.1021 0.9852 -0.1374
vn 0.0561 0.9945 -0.0880
vn -0.0330 0.9918 -0.1233
vn 0.0582 0.9937 -0.0960
vn 0.2220 0.8427 -0.4905
vn -0.5071 0.5761 -0.6411
vn 0.7475 0.6605 -0.0705
vn -0.2678 0.5154 0.8140
vn -0.0872 0.6530 0.7523
vn 0.7765 0.6005 -0.1907
vn 0.8300 0.4914 -0.2638
vn 0.2671 0.9593 -0.0917
vn 0.0823 0.6521 0.7537
vn 0.5307 0.8413 -0.1022
vn 0.1081 0.9174 0.3830
vn 0.5391 0.5706 0.6195
vn 0.1430 0.9725 0.1841
vn -0.8127 0.3898 0.4330
vn -0.3967 0.9142 0.0824
vn 0.2982 0.5982 -0.7438
vn -0.9510 0.2012 -0.2348
vn -0.8408 0.1863 -0.5083
vn -0.4369 0.0711 -0.8967
vn -0.7684 0.1565 -0.6205
vn -0.8877 0.1799 -0.4239
vn -0.5570 0.8034 -0.2105
vn -0.1852 0.9418 -0.2805
vn -0.4977 0.6844 0.5329
vn -0.5367 0.8123 0.2285
vn -0.7622 0.3373 0.5525
vn -0.1351 0.3382 -0.9314
vn 0.2519 0.2177 -0.9429
vn -0.9756 0.1918 -0.1064
vn -0.7947 0.6064 -0.0278
vn 0.2783 0.9565 -0.0871
vn -0.3946 0.4676 0.7909
vn 0.6014 0.4193 0.6801
vn 0.9589 0.2620 -0.1093
vn 0.7438 0.4468 0.4971
vn -0.5655 0.3995 0.7215
vn -0.1924 0.9811 0.0206
vn -0.1132 0.9935 -0.0082
vn 0.2266 0.7154 0.6609
vn 0.9800 0.1315 -0.1493
vn 0.6541 0.1199 0.7469
vn 0.9015 0.4223 -0.0950
vn 0.9007 0.2303 -0.3683
vn 0.3408 0.1261 0.9316
vn 0.5087 0.2544 0.8225
vn 0.7944 0.5961 -0.1169
vn -0.2546 0.9669 -0.0160
vn -0.7389 0.6597 0.1374
vn 0.2906 0.7348 -0.6129
vn 0.5055 0.4849 -0.7137
vn 0.2216 0.2113 -0.9520
vn 0.8496 0.3655 -0.3802
vn 0.5748 0.8179 -0.0272
vn 0.9502 0.3116 0.0106
vn 0.2353 0.6892 -0.6853
vn -0.5868 0.0372 -0.8089
vn 0.6225 0.4913 -0.6092
vn 0.9231 0.3845 0.0011
vn -0.6755 0.6592 0.3304
vn 0.5326 0.3690 0.7617
vn 0.5748 0.2027 -0.7928
vn -0.3706 0.4409 -0.8174
vn 0.0714 0.9507 0.3016
vn 0.0516 0.9923 -0.1123
vn 0.4863 0.3768 -0.7883
vn 0.4465 0.3665 -0.8163
vn 0.3043 0.6655 -0.6816
vn 0.0070 0.8203 -0.5718
vn 0.3331 0.2652 -0.9049
vn 0.0043 0.8207 -0.5714
vn 0.0545 0.9848 -0.1650
vn 0.0651 0.9871 -0.1466
vn 0.0953 0.9871 -0.1284
vn 0.1096 0.9896 -0.0928
vn 0.0928 0.9896 0.1096
vn 0.1408 0.9896 0.0281
vn 0.0872 0.9855 -0.1453
vn 0.0668 0.9871 -0.1457
vn 0.0966 0.9871 -0.1280
vn 0.0741 0.9922 -0.1006
vn 0.1135 0.9922 0.0521
vn 0.0316 0.9981 -0.0537
vn 0.0838 0.9855 -0.1476
vn 0.1650 0.9848 0.0545
vn 0.1644 0.9849 0.0548
vn 0.0281 0.9896 -0.1408
vn 0.9049 0.2652 0.3331
vn 0.6783 0.6698 0.3021
vn 0.1456 0.9871 0.0662
vn 0.1284 0.9871 0.0953
vn 0.0521 0.9922 -0.1135
vn -0.0530 0.9896 0.1340
vn 0.1506 0.9806 0.1259
vn 0.1158 0.9806 -0.1581
vn 0.3374 0.7756 -0.5334
vn 0.0559 0.9848 -0.1647
vn 0.1202 0.9887 0.0899
vn 0.0662 0.9871 -0.1456
vn 0.3645 0.7375 -0.5685
vn 0.4794 0.3990 -0.7817
vn 0.3205 0.7375 -0.5944
vn 0.1162 0.9849 -0.1286
vn -0.8096 0.5468 -0.2134
vn -0.1212 0.7828 0.6104
vn -0.0263 0.5643 0.8252
vn 0.1039 0.8707 0.4807
vn 0.0548 0.9849 -0.1644
vn 0.2024 0.6262 -0.7529
vn 0.0536 0.9849 -0.1647
vn -0.4732 0.8778 0.0748
vn -0.6039 0.7814 -0.1572
vn -0.6147 0.5302 0.5841
vn 0.3830 0.8492 0.3635
vn -0.2033 0.9693 0.1384
vn -0.5886 0.6525 0.4772
vn -0.2384 0.5110 0.8258
vn -0.1823 0.6697 0.7199
vn -0.5085 0.6422 -0.5736
vn -0.8231 0.5135 -0.2426
vn -0.5087 0.5296 0.6788
vn -0.9362 -0.1195 -0.3307
vn 0.0828 0.9909 -0.1060
vn 0.5596 0.5324 -0.6351
vn -0.0330 0.9788 0.2020
vn 0.0061 0.9985 0.0542
vn -0.2797 0.6179 0.7348
vn 0.0721 0.7890 0.6102
vn -0.1376 0.9385 0.3166
vn -0.0225 0.9946 0.1009
vn -0.0770 0.9864 0.1455
vn 0.1573 0.9874 0.0196
vn 0.2687 0.8180 0.5085
vn 0.4486 0.6655 -0.5965
vn 0.3671 0.7741 -0.5157
vn 0.0044 0.8140 -0.5809
vn -0.0156 0.8160 -0.5778
vn 0.0142 0.9878 -0.1550
vn 0.0748 0.9861 -0.1482
vn -0.2708 0.3406 0.9004
vn -0.4647 0.4406 0.7681
vn -0.7991 0.2768 0.5337
vn -0.5677 0.7772 0.2716
vn -0.4685 0.0414 -0.8825
vn -0.1406 -0.0188 -0.9899
vn -0.3362 0.3071 0.8903
vn -0.1570 0.3694 0.9159
vn 0.9906 0.1361 -0.0165
vn 0.9221 0.3316 -0.1996
vn 0.3232 0.2117 0.9224
vn 0.0165 0.4416 0.8971
vn 0.0184 0.3924 0.9196
vn 0.0597 0.9906 0.1230
vn 0.3330 0.2652 -0.9049
vn -0.0642 0.9979 0.0077
vn -0.0158 0.9997 0.0172
vn 0.1901 0.9784 0.0812
vn 0.1609 0.9834 0.0841
vn -0.6899 0.2511 0.6789
vn -0.1797 0.9512 0.2510
vn -0.1175 0.9732 0.1975
vn -0.7569 0.3432 0.5561
vn 0.5624 0.3084 -0.7672
vn 0.5294 0.3772 -0.7599
vn -0.2875 0.9475 0.1400
vn -0.2797 0.5653 0.7760
vn -0.2144 0.9733 0.0816
vn -0.2197 0.9601 0.1729
vn 0.4812 0.3024 -0.8228
vn 0.5783 0.6740 -0.4597
vn -0.7740 0.5632 0.2894
vn 0.6934 0.5097 0.5093
vn 0.3028 0.5080 -0.8064
vn 0.3120 0.9382 -0.1498
vn -0.2746 0.9586 -0.0758
vn -0.0663 0.9814 -0.1802
vn 0.0861 0.9147 0.3949
vn -0.0375 0.8195 -0.5718
vn -0.0564 0.9978 0.0337
vn 0.0254 0.9993 -0.0270
vn -0.0697 0.9975 -0.0140
vn -0.0942 0.9952 -0.0269
vn -0.0958 0.9943 0.0464
vn -0.2821 0.9583 0.0459
vn -0.2653 0.9486 0.1727
vn 0.1948 0.9743 -0.1134
vn -0.4622 0.6273 0.6268
vn -0.5731 0.2179 0.7900
vn 0.0490 0.9803 -0.1914
vn -0.7268 0.6434 -0.2406
vn -0.1442 0.9251 -0.3512
vn -0.2314 0.9689 -0.0876
vn -0.8498 0.0557 -0.5242
vn 0.0109 0.9874 0.1578
vn -0.0277 0.9986 0.0458
vn -0.0205 0.9983 0.0540
vn -0.0069 0.9974 0.0711
vn -0.0190 0.9975 0.0676
vn -0.0149 0.9970 0.0762
vn -0.0124 0.9976 0.0679
vn -0.0022 0.9998 0.0197
vn -0.0201 0.9985 0.0503
vn -0.0124 0.9997 0.0199
vn -0.0571 0.9977 0.0359
vn -0.0722 0.9958 0.0555
vn -0.0158 0.9996 0.0219
vn -0.2097 0.9769 0.0409
vn -0.0901 0.9942 0.0588
vn -0.2043 0.9766 0.0664
vn -0.1065 0.9943 -0.0078
vn -0.0326 0.9994 -0.0093
vn -0.0073 0.9999 0.0148
vn 0.0008 1.0000 -0.0009
vn -0.0328 0.9994 0.0105
vn 0.0071 0.9943 -0.1063
vn -0.0635 0.9925 -0.1046
vn -0.0222 0.9994 -0.0251
vn -0.0242 0.9997 -0.0029
vn -0.0198 0.9997 0.0143
vn -0.0071 0.9994 0.0326
vn -0.1451 0.9876 -0.0598
vn -0.0353 0.9993 -0.0112
vn -0.0255 0.9993 0.0262
vn -0.0778 0.9952 0.0597
vn -0.0143 0.9997 0.0194
vn -0.0112 0.9993 0.0353
vn -0.0107 0.9932 0.1161
vn 0.0311 0.9771 0.2105
vn -0.0087 0.9992 0.0386
vn 0.0299 0.9991 0.0300
vn 0.0629 0.9952 0.0751
vn 0.0229 0.9996 0.0168
vn 0.0905 0.9958 0.0139
vn 0.0248 0.9996 0.0119
vn 0.0335 0.9994 0.0107
vn 0.0241 0.9994 -0.0256
vn 0.0260 0.9990 -0.0360
vn 0.0134 0.9997 -0.0228
vn 0.0150 0.9996 -0.0254
vn 0.0189 0.9990 -0.0402
vn 0.0139 0.9958 -0.0905
vn 0.0119 0.9996 -0.0248
vn 0.0135 0.9997 -0.0183
vn 0.0095 0.9994 -0.0326
vn -0.0030 0.9879 -0.1550
vn 0.0078 0.9943 -0.1065
vn 0.0724 0.9958 -0.0560
vn 0.0207 0.9997 0.0095
vn -0.0031 0.9880 -0.1544
vn 0.0077 0.9943 -0.1059
vn 0.0095 0.9997 -0.0207
vn 0.0095 0.9994 -0.0322
vn 0.0343 0.9888 -0.1452
vn 0.0094 0.9997 -0.0204
vn 0.0159 0.9996 -0.0224
vn 0.0082 0.9999 -0.0140
vn 0.0254 0.9996 0.0150
vn 0.0224 0.9996 0.0159
vn -0.0118 0.9996 0.0257
vn -0.0100 0.9997 0.0219
vn -0.0172 0.9996 0.0241
vn -0.0158 0.9995 0.0273
vn -0.0219 0.9997 -0.0100
vn -0.0207 0.9997 -0.0095
vn -0.0159 0.9996 0.0224
vn -0.0070 0.9999 0.0106
vn -0.0003 0.9998 0.0185
vt 0.000000 0.000000
vt 0.093533 0.937500
vt 0.125000 0.967665
vt 0.093750 0.967665
vt 0.847324 1.000000
vt 0.812167 1.000000
vt 0.877865 1.000000
vt 0.917634 0.967335
vt 0.910888 0.990717
vt 0.886235 0.999180
vt 0.640625 1.000000
vt 0.615668 1.000000
vt 0.636309 1.000000
vt 0.095221 1.000000
vt 0.073809 1.000000
vt 0.073809 1.000000
vt 0.030165 0.531250
vt 0.030165 0.281250
vt 0.078125 0.546875
vt 0.369012 1.000000
vt 0.363896 1.000000
vt 0.381044 1.000000
vt 0.859375 1.000000
vt 0.884332 1.000000
vt 0.875000 1.000000
vt 0.414280 0.060475
vt 0.437500 0.093750
vt 0.344479 0.092279
vt 0.217496 0.154779
vt 0.239776 0.154490
vt 0.234375 0.171875
vt 0.654462 0.135315
vt 0.640625 0.111111
vt 0.687500 0.125000
vt 0.901150 0.689670
vt 0.919850 0.685185
vt 0.926179 0.718461
vt 0.733874 1.000000
vt 0.748729 1.000000
vt 0.658007 1.000000
vt 0.687500 0.093533
vt 0.718967 0.125000
vt 0.779779 1.000000
vt 0.780942 1.000000
vt 0.875000 1.000000
vt 0.905990 1.000000
vt 0.875000 1.000000
vt 0.907759 0.531979
vt 0.845008 0.467387
vt 0.906250 0.468750
vt 0.938368 0.565972
vt 0.910223 0.568456
vt 0.138889 1.000000
vt 0.146002 1.000000
vt 0.113981 1.000000
vt 0.969294 0.594672
vt 0.941521 0.601780
vt 0.906631 1.000000
vt 0.886145 1.000000
vt 0.884307 1.000000
vt 0.125000 0.998698
vt 0.093533 1.000000
vt 0.093750 0.998915
vt 0.114559 1.000000
vt 0.125000 1.000000
vt 0.095510 1.000000
vt 0.154779 0.998698
vt 0.171875 1.000000
vt 0.154490 1.000000
vt 0.845425 1.000000
vt 0.821831 1.000000
vt 0.823973 1.000000
vt 0.407381 1.000000
vt 0.434896 1.000000
vt 0.395249 1.000000
vt 0.875695 1.000000
vt 0.844835 1.000000
vt 0.812500 1.000000
vt 0.205324 1.000000
vt 0.184635 1.000000
vt 0.170833 1.000000
vt 0.092279 1.000000
vt 0.109375 1.000000
vt 0.062500 1.000000
vt 0.938657 0.989583
vt 0.908017 0.998819
vt 0.296875 1.000000
vt 0.321832 1.000000
vt 0.312500 1.000000
vt 0.906608 1.000000
vt 0.812500 1.000000
vt 0.765625 1.000000
vt 0.812500 1.000000
vt 0.342958 1.000000
vt 0.342534 1.000000
vt 0.062500 1.000000
vt 0.091773 1.000000
vt 0.092315 1.000000
vt 0.156250 1.000000
vt 0.156467 1.000000
vt 0.053168 1.000000
vt 0.055556 1.000000
vt 0.265625 1.000000
vt 0.234375 1.000000
vt 0.250000 1.000000
vt 0.203125 1.000000
vt 0.187500 1.000000
vt 0.187500 1.000000
vt 0.078125 1.000000
vt 0.109375 0.578125
vt 0.062500 0.562500
vt 0.122661 1.000000
vt 0.078125 0.265625
vt 0.109375 0.234375
vt 0.125000 0.250000
vt 0.250000 0.125000
vt 0.342536 1.000000
vt 0.345583 1.000000
vt 0.328125 1.000000
vt 0.793296 0.394618
vt 0.782340 0.281141
vt 0.812500 0.343750
vt 0.155567 1.000000
vt 0.132346 1.000000
vt 0.186865 1.000000
vt 0.883546 1.000000
vt 0.906631 1.000000
vt 0.889583 1.000000
vt 0.386036 1.000000
vt 0.845221 1.000000
vt 0.821832 1.000000
vt 0.823809 1.000000
vt 0.796875 1.000000
vt 0.864583 1.000000
vt 0.873698 1.000000
vt 0.728998 1.000000
vt 0.743956 1.000000
vt 0.780599 1.000000
vt 0.342534 1.000000
vt 0.363691 1.000000
vt 0.351460 1.000000
vt 0.296875 1.000000
vt 0.250000 1.000000
vt 0.303168 1.000000
vt 0.323809 1.000000
vt 0.342279 1.000000
vt 0.341990 1.000000
vt 0.591990 1.000000
vt 0.625000 1.000000
vt 0.578125 1.000000
vt 0.937500 0.937500
vt 0.938802 0.750000
vt 0.901077 1.000000
vt 0.719433 1.000000
vt 0.718723 1.000000
vt 0.688187 1.000000
vt 0.140625 1.000000
vt 0.158227 1.000000
vt 0.671875 1.000000
vt 0.703125 1.000000
vt 0.687500 1.000000
vt 0.740668 1.000000
vt 0.761309 1.000000
vt 0.312470 1.000000
vt 0.312609 1.000000
vt 0.092448 1.000000
vt 0.114583 1.000000
vt 0.765625 1.000000
vt 0.782721 1.000000
vt 0.792494 1.000000
vt 0.828125 1.000000
vt 0.837049 1.000000
vt 0.838683 0.999895
vt 0.345203 1.000000
vt 0.373843 1.000000
vt 0.405924 1.000000
vt 0.171875 0.953125
vt 0.140625 0.921875
vt 0.187500 0.937500
vt 0.718064 1.000000
vt 0.718439 1.000000
vt 0.140625 0.203125
vt 0.125000 0.187500
vt 0.656250 1.000000
vt 0.625000 1.000000
vt 0.872540 0.964115
vt 0.843461 0.989361
vt 0.843443 0.967103
vt 0.863527 1.000000
vt 0.840177 1.000000
vt 0.132500 1.000000
vt 0.157721 0.904996
vt 0.187500 0.906033
vt 0.250000 0.187500
vt 0.265625 0.140625
vt 0.283227 0.136309
vt 0.156467 0.250000
vt 0.125000 0.281467
vt 0.125000 0.531033
vt 0.156467 0.562500
vt 0.125000 0.562500
vt 0.657545 1.000000
vt 0.738471 1.000000
vt 0.158227 0.198809
vt 0.218967 0.937500
vt 0.073809 0.283227
vt 0.095221 0.282504
vt 0.281467 0.187500
vt 0.250000 0.218967
vt 0.114931 1.000000
vt 0.093392 1.000000
vt 0.136309 0.904273
vt 0.113691 0.595727
vt 0.157335 0.593750
vt 0.031250 1.000000
vt 0.030165 1.000000
vt 0.686806 0.250694
vt 0.717075 0.281743
vt 0.687413 0.281337
vt 0.657562 1.000000
vt 0.803169 1.000000
vt 0.718392 0.406445
vt 0.749306 0.438194
vt 0.718663 0.437587
vt 0.092279 0.595004
vt 0.031250 0.593750
vt 0.779792 0.469243
vt 0.749913 0.468837
vt 0.864583 1.000000
vt 0.796875 1.000000
vt 0.750000 1.000000
vt 0.812500 0.531467
vt 0.842347 0.532558
vt 0.842990 0.562934
vt 0.874711 0.633102
vt 0.843438 0.656738
vt 0.843714 0.626013
vt 0.296875 1.000000
vt 0.217188 1.000000
vt 0.212852 1.000000
vt 0.724548 1.000000
vt 0.741542 1.000000
vt 0.657497 0.092926
vt 0.635153 0.095621
vt 0.624500 0.067833
vt 0.158010 1.000000
vt 0.136309 1.000000
vt 0.157721 1.000000
vt 0.218967 1.000000
vt 0.187500 1.000000
vt 0.095221 0.529996
vt 0.801191 1.000000
vt 0.907335 1.000000
vt 0.312500 1.000000
vt 0.280165 1.000000
vt 0.230827 1.000000
vt 0.312500 1.000000
vt 0.222396 1.000000
vt 0.863691 1.000000
vt 0.842279 1.000000
vt 0.842448 1.000000
vt 0.406250 1.000000
vt 0.375000 1.000000
vt 0.223872 1.000000
vt 0.136343 1.000000
vt 0.136036 1.000000
vt 0.155567 1.000000
vt 0.781033 1.000000
vt 0.687500 1.000000
vt 0.154779 0.968702
vt 0.125000 0.937500
vt 0.759277 1.000000
vt 0.758123 1.000000
vt 0.809993 1.000000
vt 0.780938 1.000000
vt 0.717665 1.000000
vt 0.624500 0.125333
vt 0.095221 1.000000
vt 0.125000 1.000000
vt 0.095727 1.000000
vt 0.109375 1.000000
vt 0.155567 1.000000
vt 0.131944 1.000000
vt 0.187355 1.000000
vt 0.343967 1.000000
vt 0.176191 0.969425
vt 0.625000 1.000000
vt 0.187413 1.000000
vt 0.279779 1.000000
vt 0.843750 1.000000
vt 0.734375 1.000000
vt 0.750000 1.000000
vt 0.062500 0.250000
vt 0.092496 0.217496
vt 0.301191 1.000000
vt 0.135417 1.000000
vt 0.947917 0.750000
vt 0.157504 0.220221
vt 0.873698 1.000000
vt 0.938038 0.718021
vt 0.747135 0.407813
vt 0.738527 0.282571
vt 0.406250 1.000000
vt 0.343768 1.000000
vt 0.313368 1.000000
vt 0.303385 1.000000
vt 0.136309 1.000000
vt 0.279273 1.000000
vt 0.157240 1.000000
vt 0.135104 1.000000
vt 0.624929 0.031642
vt 0.250000 1.000000
vt 0.262337 1.000000
vt 0.218750 0.093750
vt 0.736111 1.000000
vt 0.719433 1.000000
vt 0.697266 1.000000
vt 0.728502 1.000000
vt 0.691840 1.000000
vt 0.831677 1.000000
vt 0.902923 0.934968
vt 0.894938 0.956622
vt 0.933883 0.936632
vt 0.941406 0.967448
vt 0.875000 0.986667
vt 0.073809 0.529273
vt 0.031033 0.250000
vt 0.031033 0.562500
vt 0.359375 1.000000
vt 0.344184 0.062500
vt 0.378472 0.062500
vt 0.718750 0.093750
vt 0.901077 1.000000
vt 0.885429 0.531129
vt 0.937608 0.531684
vt 0.131044 1.000000
vt 0.968859 0.562934
vt 0.811053 1.000000
vt 0.906544 1.000000
vt 0.437355 1.000000
vt 0.875087 1.000000
vt 0.843967 1.000000
vt 0.122135 1.000000
vt 0.124306 1.000000
vt 0.031250 1.000000
vt 0.113691 1.000000
vt 0.937645 0.998698
vt 0.906337 1.000000
vt 0.312500 1.000000
vt 0.078125 1.000000
vt 0.781558 0.249492
vt 0.812500 0.250000
vt 0.812500 0.375000
vt 0.814935 0.402531
vt 0.138889 1.000000
vt 0.168132 1.000000
vt 0.157474 1.000000
vt 0.157552 1.000000
vt 0.219057 1.000000
vt 0.218700 1.000000
vt 0.186343 1.000000
vt 0.864583 1.000000
vt 0.758085 1.000000
vt 0.740885 1.000000
vt 0.726749 1.000000
vt 0.312500 1.000000
vt 0.656250 1.000000
vt 0.656467 1.000000
vt 0.690104 1.000000
vt 0.814706 1.000000
vt 0.403646 1.000000
vt 0.720947 1.000000
vt 0.687500 1.000000
vt 0.875000 1.000000
vt 0.811806 1.000000
vt 0.842075 1.000000
vt 0.282504 0.157721
vt 0.156250 0.281250
vt 0.156250 0.531250
vt 0.218750 0.906250
vt 0.281250 0.218750
vt 0.092665 0.906250
vt 0.061198 1.000000
vt 0.715177 0.253622
vt 0.777676 0.441122
vt 0.750000 1.000000
vt 0.872504 0.660156
vt 0.732433 1.000000
vt 0.656243 0.031359
vt 0.218750 1.000000
vt 0.281250 1.000000
vt 0.312500 1.000000
vt 0.842448 1.000000
vt 0.157381 1.000000
vt 0.184896 1.000000
vt 0.187355 1.000000
vt 0.812500 1.000000
vt 0.718750 1.000000
vt 0.126302 1.000000
vt 0.298892 1.000000
vt 0.279768 1.000000
vt 0.154619 1.000000
vt 0.124913 1.000000
vt 0.031250 0.218750
vt 0.093750 0.156250
vt 0.125000 0.156033
vt 0.970052 0.781250
vt 0.968895 0.990452
vt 0.654816 0.157519
vt 0.250000 0.093533
vt 0.730796 0.207118
vt 0.781544 0.218352
vt 0.656163 0.250087
vt 0.844044 0.405852
vt 0.781250 0.531250
vt 0.894247 0.666911
vt 0.307095 1.000000
vt 0.812500 1.000000
vt 0.436343 1.000000
vt 0.375434 0.031250
vt 0.625000 1.000000
vt 0.062500 1.000000
vt 0.062500 1.000000
vt 0.062500 0.625000
vt 0.062500 1.000000
vt 0.125000 1.000000
vt 0.290363 1.000000
vt 0.187500 1.000000
vt 0.125000 1.000000
vt 0.000000 0.593750
vt 0.000000 0.625000
vt 0.000000 0.187500
vt 0.062500 0.187500
vt 0.187500 0.125000
vt 0.062500 0.125000
vt 0.312500 0.062500
vt 0.187500 0.062500
vt 0.562500 1.000000
vt 0.562500 1.000000
vt 0.687500 0.000000
vt 0.687500 0.062500
vt 0.750000 0.187500
vt 0.750000 0.062500
vt 0.312500 0.000000
vt 0.688657 1.000000
vt 0.812500 0.187500
vt 0.000000 1.000000
vt 0.062500 1.000000
vt 0.609375 1.000000
vt 0.695716 1.000000
vt 0.724920 1.000000
vt 0.531250 1.000000
vt 0.875000 1.000000
vt 1.000000 1.000000
vt 0.937500 1.000000
vt 0.937500 1.000000
vt 0.875000 1.000000
vt 0.812500 1.000000
vt 0.187500 1.000000
vt 0.125000 1.000000
vt 0.187500 1.000000
vt 0.343750 1.000000
vt 0.812500 1.000000
vt 0.937500 1.000000
vt 1.000000 0.781250
vt 1.000000 0.500000
vt 0.937500 0.500000
vt 0.875000 0.437500
vt 0.875000 0.375000
vt 0.937500 0.437500
vt 0.937500 1.000000
vt 0.812500 1.000000
vt 0.753682 1.000000
vt 0.770787 1.000000
vt 0.730778 1.000000
vt 0.717279 1.000000
vt 0.226003 0.749362
vt 0.233730 0.755556
vt 0.225687 0.757534
vt 0.333069 0.690212
vt 0.321237 0.701760
vt 0.321395 0.690443
vt 0.331954 0.701020
vt 0.320892 0.710047
vt 0.773699 0.131513
vt 0.678700 0.123356
vt 0.773369 0.123356
vt 0.620972 0.406686
vt 0.643298 0.388007
vt 0.632465 0.402306
vt 0.428307 0.166402
vt 0.416530 0.178497
vt 0.416634 0.166634
vt 0.297566 0.877168
vt 0.202381 0.884921
vt 0.202381 0.876984
vt 0.607274 0.155172
vt 0.596010 0.154502
vt 0.599206 0.148148
vt 0.416045 0.606951
vt 0.404497 0.618783
vt 0.404729 0.607110
vt 0.464211 0.130816
vt 0.452116 0.142593
vt 0.452348 0.130919
vt 0.476455 0.881217
vt 0.464360 0.892994
vt 0.464881 0.882044
vt 0.911111 0.575794
vt 0.917222 0.583521
vt 0.904762 0.595238
vt 0.578891 0.816829
vt 0.582451 0.820126
vt 0.571252 0.826543
vt 0.941098 0.297427
vt 0.929663 0.273214
vt 0.940613 0.273735
vt 0.559716 0.845860
vt 0.547884 0.857408
vt 0.548999 0.846600
vt 0.620370 0.119048
vt 0.607421 0.130406
vt 0.607308 0.119048
vt 0.655874 0.787157
vt 0.644299 0.798731
vt 0.647619 0.790476
vt 0.666931 0.785979
vt 0.655027 0.797885
vt 0.643122 0.809788
vt 0.583929 0.834425
vt 0.560060 0.837572
vt 0.702517 0.750075
vt 0.690741 0.762169
vt 0.691568 0.750595
vt 0.845313 0.130816
vt 0.857407 0.142593
vt 0.845833 0.141766
vt 0.881217 0.166402
vt 0.892994 0.178497
vt 0.882044 0.177976
vt 0.631548 0.810615
vt 0.607335 0.822050
vt 0.607679 0.813762
vt 0.893045 0.607698
vt 0.881217 0.619312
vt 0.882332 0.608504
vt 0.928836 0.261640
vt 0.869643 0.620139
vt 0.845430 0.631574
vt 0.845775 0.623286
vt 0.941588 0.549061
vt 0.930014 0.560635
vt 0.933333 0.552381
vt 0.952646 0.547884
vt 0.940742 0.559789
vt 0.928836 0.571693
vt 0.964650 0.333300
vt 0.964649 0.523843
vt 0.955291 0.524074
vt 0.964422 0.535789
vt 0.953472 0.536310
vt 0.952646 0.309259
vt 0.964422 0.321354
vt 0.953472 0.320833
vt 0.916749 0.595238
vt 0.904762 0.607226
vt 0.885317 0.601587
vt 0.918028 0.572808
vt 0.457672 0.551587
vt 0.464636 0.559676
vt 0.452508 0.573460
vt 0.941838 0.308144
vt 0.917288 0.249808
vt 0.918028 0.260525
vt 0.905026 0.214021
vt 0.916803 0.226116
vt 0.905853 0.225595
vt 0.909000 0.249464
vt 0.869122 0.631089
vt 0.893479 0.202189
vt 0.894219 0.212906
vt 0.912067 0.278251
vt 0.915365 0.274692
vt 0.921781 0.285891
vt 0.869313 0.154496
vt 0.858585 0.153650
vt 0.870159 0.165225
vt 0.861905 0.161905
vt 0.524074 0.860053
vt 0.535789 0.869184
vt 0.488283 0.869686
vt 0.833598 0.643122
vt 0.821503 0.654898
vt 0.822024 0.643949
vt 0.178571 0.765873
vt 0.130952 0.757937
vt 0.178571 0.757937
vt 0.834713 0.632314
vt 0.809524 0.119048
vt 0.821543 0.130409
vt 0.810296 0.130199
vt 0.310065 0.879082
vt 0.306395 0.881017
vt 0.782948 0.476731
vt 0.788624 0.476455
vt 0.786806 0.488691
vt 0.773997 0.655400
vt 0.762169 0.666931
vt 0.763285 0.656123
vt 0.660714 0.386905
vt 0.656103 0.378745
vt 0.666984 0.381270
vt 0.797619 0.107081
vt 0.797619 0.118552
vt 0.738360 0.690741
vt 0.726456 0.702647
vt 0.727302 0.691918
vt 0.714550 0.714550
vt 0.715728 0.703492
vt 0.750266 0.678837
vt 0.751112 0.668109
vt 0.739538 0.679683
vt 0.679683 0.763347
vt 0.668109 0.774921
vt 0.671429 0.766667
vt 0.678837 0.774075
vt 0.721685 0.674066
vt 0.724712 0.665518
vt 0.735937 0.664508
vt 0.703002 0.726383
vt 0.703742 0.715665
vt 0.694715 0.726727
vt 0.631027 0.821565
vt 0.439115 0.406142
vt 0.441778 0.391975
vt 0.448010 0.417170
vt 0.631304 0.107033
vt 0.619213 0.107143
vt 0.442427 0.379993
vt 0.428698 0.283683
vt 0.440594 0.285521
vt 0.595503 0.833598
vt 0.583408 0.845375
vt 0.659196 0.373143
vt 0.652109 0.366663
vt 0.596618 0.822790
vt 0.536310 0.858234
vt 0.750595 0.524901
vt 0.761938 0.535747
vt 0.715665 0.537076
vt 0.477570 0.870409
vt 0.401058 0.250000
vt 0.392721 0.226116
vt 0.401852 0.237831
vt 0.464717 0.511795
vt 0.456585 0.511464
vt 0.455926 0.416517
vt 0.440594 0.619241
vt 0.435362 0.595414
vt 0.442427 0.596197
vt 0.654332 0.401289
vt 0.654064 0.385646
vt 0.714109 0.363933
vt 0.666402 0.354233
vt 0.714550 0.354233
vt 0.440594 0.214479
vt 0.435362 0.190653
vt 0.442427 0.191435
vt 0.249926 0.726054
vt 0.273273 0.733857
vt 0.249405 0.737004
vt 0.431481 0.884921
vt 0.440877 0.893337
vt 0.432077 0.893353
vt 0.772421 0.394246
vt 0.737902 0.392974
vt 0.736064 0.381079
vt 0.591270 0.488095
vt 0.582837 0.571374
vt 0.582837 0.488095
vt 0.345164 0.678435
vt 0.368511 0.686238
vt 0.344643 0.689385
vt 0.236716 0.748639
vt 0.237831 0.737831
vt 0.335178 0.880952
vt 0.380247 0.880952
vt 0.368621 0.880952
vt 0.439852 0.559336
vt 0.428307 0.571164
vt 0.428538 0.559491
vt 0.315476 0.880952
vt 0.309524 0.883810
vt 0.428571 0.904762
vt 0.424656 0.893610
vt 0.428307 0.405026
vt 0.439838 0.416855
vt 0.428538 0.416700
vt 0.321506 0.880254
vt 0.316460 0.880805
vt 0.322408 0.880916
vt 0.319709 0.880952
vt 0.380937 0.880952
vt 0.391867 0.880952
vt 0.868889 0.583215
vt 0.821270 0.607024
vt 0.774075 0.512170
vt 0.297024 0.713195
vt 0.284335 0.724829
vt 0.285450 0.714021
vt 0.761712 0.630835
vt 0.809348 0.636067
vt 0.759873 0.642730
vt 0.440211 0.154496
vt 0.440443 0.142824
vt 0.428538 0.154729
vt 0.418618 0.260946
vt 0.411552 0.261728
vt 0.409436 0.250000
vt 0.440873 0.884788
vt 0.380952 0.883810
vt 0.322182 0.880952
vt 0.321976 0.880952
vt 0.392236 0.654570
vt 0.380688 0.666402
vt 0.380919 0.654729
vt 0.392721 0.630878
vt 0.392824 0.619015
vt 0.416530 0.583259
vt 0.416634 0.571396
vt 0.766270 0.649206
vt 0.774313 0.647228
vt 0.416530 0.392932
vt 0.416634 0.404795
vt 0.404497 0.285979
vt 0.416029 0.297807
vt 0.404729 0.297652
vt 0.435362 0.380776
vt 0.424201 0.298122
vt 0.392721 0.273884
vt 0.392824 0.285747
vt 0.328968 0.707937
vt 0.342640 0.699787
vt 0.335365 0.714413
vt 0.620776 0.428571
vt 0.620984 0.438780
vt 0.616592 0.418179
vt 0.404497 0.214021
vt 0.392824 0.214253
vt 0.615300 0.439870
vt 0.621693 0.444279
vt 0.616402 0.447090
vt 0.416045 0.202189
vt 0.404729 0.202348
vt 0.323272 0.880952
vt 0.333300 0.678538
vt 0.368856 0.677950
vt 0.369015 0.666634
vt 0.379573 0.677210
vt 0.285681 0.702348
vt 0.401852 0.262169
vt 0.623524 0.409238
vt 0.785714 0.116402
vt 0.781746 0.125000
vt 0.273618 0.725569
vt 0.281349 0.731746
vt 0.940331 0.501380
vt 0.929200 0.488657
vt 0.946825 0.504365
vt 0.788624 0.404497
vt 0.778924 0.404938
vt 0.776057 0.390610
vt 0.621316 0.139541
vt 0.583333 0.150858
vt 0.428698 0.216317
vt 0.421266 0.230632
vt 0.417969 0.227073
vt 0.465765 0.167815
vt 0.453529 0.180050
vt 0.454540 0.168825
vt 0.663192 0.416598
vt 0.659931 0.408873
vt 0.663048 0.404952
vt 0.856966 0.612258
vt 0.864606 0.602544
vt 0.868165 0.605841
vt 0.475750 0.523810
vt 0.464025 0.523038
vt 0.475750 0.547619
vt 0.464025 0.548391
vt 0.475997 0.845121
vt 0.462841 0.856188
vt 0.464127 0.845119
vt 0.547426 0.821311
vt 0.545587 0.833206
vt 0.651703 0.143629
vt 0.664398 0.131706
vt 0.665344 0.142857
vt 0.678689 0.369723
vt 0.721749 0.373647
vt 0.638095 0.376191
vt 0.604624 0.413895
vt 0.617606 0.391746
vt 0.427480 0.582738
vt 0.665518 0.748521
vt 0.653283 0.760756
vt 0.654485 0.749723
vt 0.662435 0.393538
vt 0.460382 0.535715
vt 0.446032 0.567064
vt 0.843759 0.167815
vt 0.855995 0.180051
vt 0.844961 0.178849
vt 0.683686 0.737919
vt 0.678454 0.714092
vt 0.690349 0.712254
vt 0.880825 0.216317
vt 0.888258 0.230632
vt 0.879997 0.227635
vt 0.892740 0.262098
vt 0.903807 0.275254
vt 0.892738 0.273968
vt 0.892336 0.582813
vt 0.891955 0.591353
vt 0.878921 0.595111
vt 0.928444 0.311556
vt 0.935877 0.325870
vt 0.927616 0.322873
vt 0.928836 0.500265
vt 0.939812 0.511973
vt 0.928549 0.511883
vt 0.254442 0.754599
vt 0.250159 0.773928
vt 0.240127 0.762032
vt 0.945591 0.523633
vt 0.938525 0.522851
vt 0.927423 0.534235
vt 0.915188 0.546471
vt 0.916389 0.535437
vt 0.423016 0.886905
vt 0.418976 0.881627
vt 0.400776 0.880953
vt 0.406904 0.880952
vt 0.403753 0.880952
vt 0.928836 0.452116
vt 0.916745 0.464215
vt 0.916700 0.452348
vt 0.523633 0.850353
vt 0.522851 0.843287
vt 0.946825 0.448016
vt 0.942867 0.461624
vt 0.940331 0.451001
vt 0.939994 0.440288
vt 0.928605 0.440443
vt 0.916550 0.309717
vt 0.916548 0.321587
vt 0.833140 0.607026
vt 0.831302 0.618921
vt 0.904635 0.263936
vt 0.867603 0.594283
vt 0.874162 0.190653
vt 0.868931 0.214479
vt 0.867097 0.191435
vt 0.868929 0.226349
vt 0.595045 0.797502
vt 0.618871 0.802734
vt 0.593206 0.809397
vt 0.454684 0.523038
vt 0.816987 0.626353
vt 0.819984 0.618093
vt 0.728789 0.366454
vt 0.742460 0.374603
vt 0.345338 0.880952
vt 0.337471 0.880952
vt 0.333651 0.880952
vt 0.377058 0.885141
vt 0.321906 0.881419
vt 0.602293 0.429012
vt 0.766667 0.504762
vt 0.763347 0.513016
vt 0.398413 0.662302
vt 0.391496 0.665287
vt 0.797756 0.488170
vt 0.785714 0.142857
vt 0.797619 0.154824
vt 0.785714 0.154762
vt 0.599206 0.570988
vt 0.595238 0.593016
vt 0.591270 0.570988
vt 0.773810 0.142857
vt 0.736947 0.653283
vt 0.725913 0.654485
vt 0.748556 0.641902
vt 0.749842 0.630834
vt 0.785747 0.369015
vt 0.785979 0.380688
vt 0.774405 0.379861
vt 0.599206 0.535714
vt 0.786806 0.392262
vt 0.392493 0.642824
vt 0.689521 0.700936
vt 0.678453 0.702222
vt 0.713137 0.677092
vt 0.700902 0.689328
vt 0.702104 0.678294
vt 0.762169 0.524074
vt 0.903807 0.558079
vt 0.892738 0.559365
vt 0.445075 0.587775
vt 0.331137 0.880952
vt 0.703492 0.549061
vt 0.714550 0.547884
vt 0.673910 0.745556
vt 0.676620 0.737136
vt 0.668651 0.125000
vt 0.678294 0.131513
vt 0.641709 0.772331
vt 0.629473 0.784566
vt 0.630675 0.773532
vt 0.488599 0.861513
vt 0.474159 0.857016
vt 0.739475 0.367686
vt 0.726786 0.356052
vt 0.738360 0.356878
vt 0.778924 0.476014
vt 0.771859 0.405721
vt 0.598095 0.452381
vt 0.595155 0.440402
vt 0.653256 0.406545
vt 0.671118 0.571595
vt 0.673016 0.575132
vt 0.666540 0.569079
vt 0.726265 0.345102
vt 0.654411 0.154872
vt 0.581889 0.808569
vt 0.583175 0.797500
vt 0.688317 0.545460
vt 0.689328 0.534235
vt 0.712254 0.523683
vt 0.130952 0.884921
vt 0.130952 0.876984
vt 0.190476 0.876984
vt 0.606877 0.392592
vt 0.606031 0.403320
vt 0.595238 0.166226
vt 0.531273 0.840639
vt 0.534270 0.832378
vt 0.535556 0.821310
vt 0.914716 0.286673
vt 0.404889 0.668698
vt 0.405717 0.680016
vt 0.397297 0.683012
vt 0.916700 0.500033
vt 0.321511 0.884802
vt 0.321429 0.893323
vt 0.833157 0.149647
vt 0.797619 0.143353
vt 0.405357 0.881449
vt 0.392973 0.884802
vt 0.392168 0.880952
vt 0.785714 0.106812
vt 0.651703 0.117780
vt 0.897972 0.238272
vt 0.890906 0.239054
vt 0.440321 0.868416
vt 0.452205 0.874162
vt 0.440331 0.876815
vt 0.428432 0.868818
vt 0.426578 0.879083
vt 0.459844 0.864448
vt 0.429526 0.632397
vt 0.428698 0.621079
vt 0.464403 0.571622
vt 0.453336 0.584778
vt 0.463691 0.141766
vt 0.476157 0.130589
vt 0.452508 0.402730
vt 0.445075 0.388415
vt 0.453336 0.391413
vt 0.464403 0.404569
vt 0.809788 0.645767
vt 0.429526 0.272365
vt 0.429527 0.227635
vt 0.463404 0.867745
vt 0.394302 0.691431
vt 0.381146 0.702498
vt 0.382984 0.690603
vt 0.416784 0.666860
vt 0.415305 0.617668
vt 0.403671 0.630357
vt 0.705085 0.538711
vt 0.695238 0.552381
vt 0.346120 0.703683
vt 0.346683 0.715241
vt 0.654872 0.440954
vt 0.642857 0.452381
vt 0.646825 0.434524
vt 0.309553 0.868818
vt 0.297626 0.868598
vt 0.607609 0.464678
vt 0.630952 0.452877
vt 0.642857 0.464286
vt 0.601191 0.446429
vt 0.607520 0.455771
vt 0.854984 0.168825
vt 0.840794 0.159423
vt 0.425661 0.381217
vt 0.415305 0.212906
vt 0.424333 0.201845
vt 0.412277 0.880952
vt 0.414210 0.880952
vt 0.759746 0.497841
vt 0.769148 0.483651
vt 0.416267 0.893418
vt 0.393192 0.893323
vt 0.415305 0.287094
vt 0.349680 0.706980
vt 0.631035 0.416749
vt 0.642884 0.425653
vt 0.559414 0.155193
vt 0.476367 0.149647
vt 0.559083 0.147061
vt 0.670222 0.416584
vt 0.666667 0.428571
vt 0.427480 0.177976
vt 0.654762 0.452381
vt 0.678571 0.440476
vt 0.666667 0.523810
vt 0.714319 0.559557
vt 0.691918 0.560635
vt 0.607565 0.447908
vt 0.670239 0.392957
vt 0.621317 0.130199
vt 0.634011 0.118276
vt 0.929100 0.476190
vt 0.941667 0.476190
vt 0.642473 0.415994
vt 0.631376 0.406914
vt 0.650546 0.412822
vt 0.583333 0.165675
vt 0.570657 0.154502
vt 0.571429 0.166226
vt 0.448121 0.559021
vt 0.475198 0.535714
vt 0.416522 0.885261
vt 0.315079 0.880952
vt 0.321574 0.880952
vt 0.345170 0.880952
vt 0.332789 0.880952
vt 0.333460 0.880952
vt 0.384177 0.893234
vt 0.607639 0.535714
vt 0.421266 0.635394
vt 0.418618 0.643816
vt 0.411552 0.643034
vt 0.618552 0.449405
vt 0.631176 0.440195
vt 0.376975 0.893611
vt 0.380475 0.893388
vt 0.678985 0.416667
vt 0.450939 0.153650
vt 0.404444 0.880952
vt 0.417989 0.880952
vt 0.414221 0.880952
vt 0.323812 0.880952
vt 0.404762 0.321429
vt 0.404762 0.309524
vt 0.416433 0.880254
vt 0.420702 0.880806
vt 0.415586 0.880916
vt 0.955291 0.333069
vt 0.949673 0.451001
vt 0.392757 0.880952
vt 0.392368 0.880953
vt 0.398486 0.880952
vt 0.607639 0.500000
vt 0.599206 0.488095
vt 0.377187 0.880952
vt 0.389917 0.880952
vt 0.379729 0.880952
vt 0.948135 0.439973
vt 0.938525 0.334292
vt 0.945591 0.333510
vt 0.749127 0.510371
vt 0.368294 0.885261
vt 0.653501 0.416678
vt 0.658153 0.409278
vt 0.621200 0.417091
vt 0.821903 0.138681
vt 0.656438 0.419204
vt 0.297536 0.884802
vt 0.642857 0.155203
vt 0.476224 0.892890
vt 0.664508 0.759746
vt 0.650257 0.769305
vt 0.640698 0.783556
vt 0.626508 0.792958
vt 0.618089 0.795668
vt 0.534832 0.843936
vt 0.570470 0.819478
vt 0.932810 0.297083
vt 0.559557 0.857176
vt 0.666700 0.797652
vt 0.654795 0.809557
vt 0.702414 0.761938
vt 0.857176 0.130919
vt 0.892890 0.166634
vt 0.892890 0.619081
vt 0.940509 0.261872
vt 0.952414 0.559557
vt 0.940509 0.571462
vt 0.964319 0.547652
vt 0.964319 0.309491
vt 0.916667 0.607143
vt 0.928604 0.583366
vt 0.952414 0.297586
vt 0.928605 0.249967
vt 0.916700 0.214253
vt 0.880985 0.630986
vt 0.904795 0.202348
vt 0.939174 0.322311
vt 0.891555 0.227073
vt 0.885191 0.201844
vt 0.864386 0.183016
vt 0.869081 0.142824
vt 0.880986 0.154729
vt 0.833367 0.654795
vt 0.130952 0.765873
vt 0.845271 0.642890
vt 0.821429 0.119048
vt 0.785979 0.500265
vt 0.774921 0.501442
vt 0.773843 0.666700
vt 0.809524 0.107143
vt 0.738128 0.702414
vt 0.726224 0.714319
vt 0.761938 0.678604
vt 0.750033 0.690509
vt 0.690509 0.773843
vt 0.678605 0.785747
vt 0.697938 0.697879
vt 0.712127 0.688317
vt 0.745498 0.650319
vt 0.714319 0.726224
vt 0.642890 0.821462
vt 0.427480 0.393452
vt 0.595271 0.845271
vt 0.654167 0.356052
vt 0.666843 0.363933
vt 0.667616 0.370906
vt 0.607176 0.833367
vt 0.547652 0.869081
vt 0.718651 0.530159
vt 0.488128 0.880985
vt 0.392493 0.261938
vt 0.403671 0.274405
vt 0.403671 0.225595
vt 0.769209 0.397458
vt 0.582970 0.428538
vt 0.592328 0.428307
vt 0.247402 0.747406
vt 0.345695 0.880952
vt 0.345695 0.880952
vt 0.337471 0.880952
vt 0.439115 0.570049
vt 0.314109 0.880953
vt 0.400236 0.880953
vt 0.654688 0.345102
vt 0.607143 0.166612
vt 0.468730 0.159423
vt 0.477150 0.156713
vt 0.642593 0.356878
vt 0.666501 0.154762
vt 0.678406 0.142857
vt 0.797756 0.392783
vt 0.832374 0.156713
vt 0.935815 0.531270
vt 0.912224 0.555022
vt 0.856184 0.605192
vt 0.808565 0.629001
vt 0.666667 0.593016
vt 0.690741 0.571693
vt 0.295021 0.723597
vt 0.439365 0.165225
vt 0.411552 0.238272
vt 0.418618 0.239054
vt 0.333069 0.880952
vt 0.369015 0.880952
vt 0.376587 0.684127
vt 0.642857 0.130952
vt 0.949673 0.501380
vt 0.947783 0.512386
vt 0.570657 0.145160
vt 0.475926 0.139947
vt 0.607014 0.138659
vt 0.464563 0.178849
vt 0.820546 0.629650
vt 0.476135 0.511905
vt 0.476135 0.559524
vt 0.678699 0.380998
vt 0.724746 0.381907
vt 0.597619 0.427976
vt 0.594974 0.404497
vt 0.618783 0.380688
vt 0.424333 0.606607
vt 0.900877 0.582431
vt 0.926413 0.545460
vt 0.345397 0.726309
vt 0.302061 0.730790
vt 0.297778 0.750119
vt 0.178571 0.774306
vt 0.404254 0.880952
vt 0.929200 0.463724
vt 0.599932 0.439778
vt 0.784943 0.131706
vt 0.752650 0.514257
vt 0.771859 0.475232
vt 0.190476 0.868552
vt 0.202381 0.893353
vt 0.642857 0.106702
vt 0.451422 0.867097
vt 0.440595 0.631111
vt 0.464405 0.583492
vt 0.464405 0.392699
vt 0.440595 0.273651
vt 0.440595 0.226349
vt 0.393016 0.702500
vt 0.416786 0.678730
vt 0.678654 0.428571
vt 0.445138 0.183016
vt 0.442376 0.182228
vt 0.760756 0.486616
vt 0.421266 0.269368
vt 0.666612 0.535659
vt 0.607639 0.523810
vt 0.375000 0.886905
vt 0.202381 0.738095
vt 0.214286 0.738095
vt 0.261905 0.714286
vt 0.309524 0.690476
vt 0.297619 0.690476
vt 0.357143 0.666667
vt 0.345238 0.666667
vt 0.321429 0.666667
vt 0.214286 0.714286
vt 0.357143 0.642857
vt 0.380952 0.642857
vt 0.404762 0.595238
vt 0.380952 0.595238
vt 0.428571 0.440476
vt 0.428571 0.547619
vt 0.428572 0.535714
vt 0.428571 0.428571
vt 0.404762 0.416667
vt 0.309524 0.666667
vt 0.369048 0.904762
vt 0.380952 0.904762
vt 0.416667 0.904762
vt 0.392857 0.904762
vt 0.059524 0.904762
vt 0.047619 0.904762
vt 0.047619 0.892857
vt 0.047619 0.750000
vt 0.047619 0.738095
vt 0.059524 0.738095
vt 0.380952 0.297619
vt 0.380952 0.202381
vt 0.404762 0.190476
vt 0.380952 0.190476
vt 0.440476 0.119048
vt 0.595238 0.119048
vt 0.583333 0.119048
vt 0.607143 0.095238
vt 0.821429 0.095238
vt 0.833333 0.119048
vt 0.833333 0.095238
vt 0.904762 0.190476
vt 0.928572 0.190476
vt 0.928571 0.238095
vt 0.952381 0.238095
vt 0.952381 0.285714
vt 0.976191 0.297619
vt 0.976191 0.559524
vt 0.928571 0.595238
vt 0.952381 0.595238
vt 0.952381 0.571429
vt 0.904762 0.619048
vt 0.857143 0.642857
vt 0.904762 0.642857
vt 0.976191 0.571429
vt 0.845238 0.666667
vt 0.797619 0.666667
vt 0.785714 0.666667
vt 0.785714 0.690476
vt 0.714286 0.738095
vt 0.738095 0.738095
vt 0.738095 0.714286
vt 0.761905 0.714286
vt 0.761905 0.690476
vt 0.976191 0.285714
vt 0.619048 0.833333
vt 0.619048 0.857143
vt 0.571429 0.857143
vt 0.559524 0.880953
vt 0.511905 0.880953
vt 0.500000 0.880952
vt 0.571429 0.880952
vt 0.488095 0.904762
vt 0.440476 0.904762
vt 0.500000 0.904762
vt 0.666667 0.809524
vt 0.666667 0.833333
vt 0.690476 0.785714
vt 0.690476 0.809524
vt 0.714286 0.785714
vt 0.857143 0.666667
vt 0.928572 0.619048
vt 0.880952 0.142857
vt 0.904762 0.142857
vt 0.880952 0.119048
vt 0.595238 0.095238
vt 0.428571 0.119048
vt 0.404762 0.142857
vt 0.428571 0.142857
vt 0.380952 0.309524
vt 0.404762 0.428571
vt 0.404762 0.547619
vt 0.261905 0.690476
vt 0.273810 0.690476
s 1
usemtl sand
f 124/1/1 59/1/2 58/1/2
f 71/1/3 6/1/2 5/1/2
f 32/1/2 97/1/4 98/1/5
f 123/1/6 58/1/2 57/1/2
f 70/1/7 5/1/2 4/1/2
f 31/1/2 96/1/8 97/1/4
f 122/1/9 57/1/2 56/1/2
f 33/1/2 98/1/5 99/1/10
f 6/1/2 73/1/11 7/1/2
f 125/1/12 60/1/2 59/1/2
f 99/1/10 34/1/2 33/1/2
f 7/1/2 74/1/13 8/1/2
f 126/1/14 61/1/2 60/1/2
f 100/1/15 35/1/2 34/1/2
f 8/1/2 75/1/16 9/1/2
f 127/1/17 62/1/2 61/1/2
f 101/1/18 36/1/2 35/1/2
f 9/1/2 76/1/19 10/1/2
f 128/1/20 63/1/2 62/1/2
f 102/1/21 37/1/2 36/1/2
f 10/1/2 77/1/22 11/1/2
f 129/1/23 64/1/2 63/1/2
f 103/1/24 38/1/2 37/1/2
f 11/1/2 78/1/25 12/1/2
f 130/1/26 1/1/2 64/1/2
f 104/1/27 39/1/2 38/1/2
f 12/1/2 79/1/28 13/1/2
f 105/1/29 40/1/2 39/1/2
f 13/1/2 80/1/30 14/1/2
f 106/1/31 41/1/2 40/1/2
f 14/1/2 81/1/32 15/1/2
f 41/1/2 108/1/33 42/1/2
f 15/1/2 82/1/34 16/1/2
f 42/1/2 109/1/35 43/1/2
f 16/1/2 83/1/36 17/1/2
f 43/1/2 110/1/37 44/1/2
f 17/1/2 84/1/38 18/1/2
f 44/1/2 111/1/39 45/1/2
f 18/1/2 85/1/40 19/1/2
f 111/1/39 46/1/2 45/1/2
f 19/1/2 86/1/41 20/1/2
f 112/1/42 47/1/2 46/1/2
f 20/1/2 87/1/43 21/1/2
f 113/1/44 48/1/2 47/1/2
f 21/1/2 88/1/45 22/1/2
f 114/1/46 49/1/2 48/1/2
f 22/1/2 89/1/47 23/1/2
f 115/1/48 50/1/2 49/1/2
f 23/1/2 90/1/49 24/1/2
f 116/1/50 51/1/2 50/1/2
f 24/1/2 91/1/51 25/1/2
f 117/1/52 52/1/2 51/1/2
f 25/1/2 92/1/53 26/1/2
f 118/1/54 53/1/2 52/1/2
f 26/1/2 93/1/55 27/1/2
f 119/1/56 54/1/2 53/1/2
f 27/1/2 94/1/57 28/1/2
f 68/1/58 2/1/2 1/1/2
f 120/1/59 55/1/2 54/1/2
f 28/1/2 95/1/60 29/1/2
f 67/1/61 3/1/2 2/1/2
f 121/1/62 56/1/2 55/1/2
f 30/1/2 95/1/60 96/1/8
f 69/1/63 4/1/2 3/1/2
f 176/1/64 116/1/50 115/1/48
f 89/1/47 154/1/65 90/1/49
f 177/1/66 117/1/52 116/1/50
f 90/1/49 155/1/67 91/1/51
f 117/1/52 179/1/68 118/1/54
f 91/1/51 156/1/69 92/1/53
f 118/1/54 180/1/70 119/1/56
f 92/1/53 157/1/71 93/1/55
f 180/1/70 120/1/59 119/1/56
f 93/1/55 158/1/72 94/1/57
f 132/1/73 67/1/61 68/1/58
f 181/1/74 121/1/62 120/1/59
f 94/1/57 159/1/75 95/1/60
f 131/1/76 69/1/63 67/1/61
f 182/1/77 122/1/9 121/1/62
f 96/1/8 159/1/75 160/1/78
f 133/1/79 70/1/7 69/1/63
f 183/1/80 123/1/6 122/1/9
f 97/1/4 160/1/78 161/1/81
f 134/1/82 71/1/3 70/1/7
f 184/1/83 124/1/1 123/1/6
f 98/1/5 161/1/81 162/1/84
f 135/1/85 72/1/86 71/1/3
f 185/1/87 125/1/12 124/1/1
f 99/1/10 162/1/84 163/1/88
f 136/1/89 73/1/11 72/1/86
f 186/1/90 126/1/14 125/1/12
f 163/1/88 100/1/15 99/1/10
f 73/1/11 138/1/91 74/1/13
f 187/1/92 127/1/17 126/1/14
f 164/1/93 101/1/18 100/1/15
f 74/1/13 139/1/94 75/1/16
f 188/1/95 128/1/20 127/1/17
f 165/1/96 102/1/21 101/1/18
f 75/1/16 140/1/97 76/1/19
f 189/1/98 129/1/23 128/1/20
f 166/1/99 103/1/24 102/1/21
f 76/1/19 141/1/100 77/1/22
f 190/1/101 130/1/26 129/1/23
f 202/1/102 196/1/103 206/1/104
f 77/1/22 142/1/105 78/1/25
f 191/1/106 68/1/58 130/1/26
f 78/1/25 143/1/107 79/1/28
f 194/1/108 202/1/102 204/1/109
f 79/1/28 144/1/110 80/1/30
f 80/1/30 145/1/111 81/1/32
f 107/1/112 169/1/113 108/1/33
f 81/1/32 146/1/114 82/1/34
f 108/1/33 170/1/115 109/1/35
f 82/1/34 147/1/116 83/1/36
f 109/1/35 171/1/117 110/1/37
f 83/1/36 148/1/118 84/1/38
f 110/1/37 172/1/119 111/1/39
f 84/1/38 149/1/120 85/1/40
f 111/1/39 173/1/121 112/1/42
f 85/1/40 150/1/122 86/1/41
f 173/1/121 113/1/44 112/1/42
f 86/1/41 151/1/123 87/1/43
f 174/1/124 114/1/46 113/1/44
f 87/1/43 152/1/125 88/1/45
f 175/1/126 115/1/48 114/1/46
f 88/1/45 153/1/127 89/1/47
f 198/1/128 192/1/129 193/1/130
f 197/1/131 194/1/108 192/1/129
f 194/1/108 200/1/132 195/1/133
f 195/1/133 201/1/134 196/1/103
f 196/1/103 203/1/135 206/1/104
f 193/1/130 207/1/136 208/1/137
f 192/1/129 204/1/109 207/1/136
f 205/1/138 193/1/130 208/1/137
f 167/1/139 208/1/137 103/1/24
f 207/1/136 105/1/29 104/1/27
f 208/1/137 104/1/27 103/1/24
f 206/1/104 168/1/140 107/1/112
f 204/1/109 106/1/31 105/1/29
f 106/1/31 206/1/104 107/1/112
f 124/1/1 125/1/12 59/1/2
f 71/1/3 72/1/86 6/1/2
f 32/1/2 31/1/2 97/1/4
f 123/1/6 124/1/1 58/1/2
f 70/1/7 71/1/3 5/1/2
f 31/1/2 30/1/2 96/1/8
f 122/1/9 123/1/6 57/1/2
f 33/1/2 32/1/2 98/1/5
f 6/1/2 72/1/86 73/1/11
f 125/1/12 126/1/14 60/1/2
f 99/1/10 100/1/15 34/1/2
f 7/1/2 73/1/11 74/1/13
f 126/1/14 127/1/17 61/1/2
f 100/1/15 101/1/18 35/1/2
f 8/1/2 74/1/13 75/1/16
f 127/1/17 128/1/20 62/1/2
f 101/1/18 102/1/21 36/1/2
f 9/1/2 75/1/16 76/1/19
f 128/1/20 129/1/23 63/1/2
f 102/1/21 103/1/24 37/1/2
f 10/1/2 76/1/19 77/1/22
f 129/1/23 130/1/26 64/1/2
f 103/1/24 104/1/27 38/1/2
f 11/1/2 77/1/22 78/1/25
f 130/1/26 68/1/58 1/1/2
f 104/1/27 105/1/29 39/1/2
f 12/1/2 78/1/25 79/1/28
f 105/1/29 106/1/31 40/1/2
f 13/1/2 79/1/28 80/1/30
f 106/1/31 107/1/112 41/1/2
f 14/1/2 80/1/30 81/1/32
f 41/1/2 107/1/112 108/1/33
f 15/1/2 81/1/32 82/1/34
f 42/1/2 108/1/33 109/1/35
f 16/1/2 82/1/34 83/1/36
f 43/1/2 109/1/35 110/1/37
f 17/1/2 83/1/36 84/1/38
f 44/1/2 110/1/37 111/1/39
f 18/1/2 84/1/38 85/1/40
f 111/1/39 112/1/42 46/1/2
f 19/1/2 85/1/40 86/1/41
f 112/1/42 113/1/44 47/1/2
f 20/1/2 86/1/41 87/1/43
f 113/1/44 114/1/46 48/1/2
f 21/1/2 87/1/43 88/1/45
f 114/1/46 115/1/48 49/1/2
f 22/1/2 88/1/45 89/1/47
f 115/1/48 116/1/50 50/1/2
f 23/1/2 89/1/47 90/1/49
f 116/1/50 117/1/52 51/1/2
f 24/1/2 90/1/49 91/1/51
f 117/1/52 118/1/54 52/1/2
f 25/1/2 91/1/51 92/1/53
f 118/1/54 119/1/56 53/1/2
f 26/1/2 92/1/53 93/1/55
f 119/1/56 120/1/59 54/1/2
f 27/1/2 93/1/55 94/1/57
f 68/1/58 67/1/61 2/1/2
f 120/1/59 121/1/62 55/1/2
f 28/1/2 94/1/57 95/1/60
f 67/1/61 69/1/63 3/1/2
f 121/1/62 122/1/9 56/1/2
f 30/1/2 29/1/2 95/1/60
f 69/1/63 70/1/7 4/1/2
f 176/1/64 177/1/66 116/1/50
f 89/1/47 153/1/127 154/1/65
f 177/1/66 178/1/141 117/1/52
f 90/1/49 154/1/65 155/1/67
f 117/1/52 178/1/141 179/1/68
f 91/1/51 155/1/67 156/1/69
f 118/1/54 179/1/68 180/1/70
f 92/1/53 156/1/69 157/1/71
f 180/1/70 181/1/74 120/1/59
f 93/1/55 157/1/71 158/1/72
f 132/1/73 131/1/76 67/1/61
f 181/1/74 182/1/77 121/1/62
f 94/1/57 158/1/72 159/1/75
f 131/1/76 133/1/79 69/1/63
f 182/1/77 183/1/80 122/1/9
f 96/1/8 95/1/60 159/1/75
f 133/1/79 134/1/82 70/1/7
f 183/1/80 184/1/83 123/1/6
f 97/1/4 96/1/8 160/1/78
f 134/1/82 135/1/85 71/1/3
f 184/1/83 185/1/87 124/1/1
f 98/1/5 97/1/4 161/1/81
f 135/1/85 136/1/89 72/1/86
f 185/1/87 186/1/90 125/1/12
f 99/1/10 98/1/5 162/1/84
f 136/1/89 137/1/142 73/1/11
f 186/1/90 187/1/92 126/1/14
f 163/1/88 164/1/93 100/1/15
f 73/1/11 137/1/142 138/1/91
f 187/1/92 188/1/95 127/1/17
f 164/1/93 165/1/96 101/1/18
f 74/1/13 138/1/91 139/1/94
f 188/1/95 189/1/98 128/1/20
f 165/1/96 166/1/99 102/1/21
f 75/1/16 139/1/94 140/1/97
f 189/1/98 190/1/101 129/1/23
f 166/1/99 167/1/139 103/1/24
f 76/1/19 140/1/97 141/1/100
f 190/1/101 191/1/106 130/1/26
f 202/1/102 195/1/133 196/1/103
f 77/1/22 141/1/100 142/1/105
f 191/1/106 132/1/73 68/1/58
f 78/1/25 142/1/105 143/1/107
f 194/1/108 195/1/133 202/1/102
f 79/1/28 143/1/107 144/1/110
f 80/1/30 144/1/110 145/1/111
f 107/1/112 168/1/140 169/1/113
f 81/1/32 145/1/111 146/1/114
f 108/1/33 169/1/113 170/1/115
f 82/1/34 146/1/114 147/1/116
f 109/1/35 170/1/115 171/1/117
f 83/1/36 147/1/116 148/1/118
f 110/1/37 171/1/117 172/1/119
f 84/1/38 148/1/118 149/1/120
f 111/1/39 172/1/119 173/1/121
f 85/1/40 149/1/120 150/1/122
f 173/1/121 174/1/124 113/1/44
f 86/1/41 150/1/122 151/1/123
f 174/1/124 175/1/126 114/1/46
f 87/1/43 151/1/123 152/1/125
f 175/1/126 176/1/64 115/1/48
f 88/1/45 152/1/125 153/1/127
f 198/1/128 197/1/131 192/1/129
f 197/1/131 199/1/143 194/1/108
f 194/1/108 199/1/143 200/1/132
f 195/1/133 200/1/132 201/1/134
f 196/1/103 201/1/134 203/1/135
f 193/1/130 192/1/129 207/1/136
f 192/1/129 194/1/108 204/1/109
f 205/1/138 198/1/128 193/1/130
f 167/1/139 205/1/138 208/1/137
f 207/1/136 204/1/109 105/1/29
f 208/1/137 207/1/136 104/1/27
f 206/1/104 203/1/135 168/1/140
f 204/1/109 202/1/102 106/1/31
f 106/1/31 202/1/102 206/1/104
f 25/1/2 29/1/2 30/1/2
f 27/1/2 29/1/2 25/1/2
f 27/1/2 28/1/2 29/1/2
usemtl grass
f 66/1/2 1607/1/2 1606/1/2
f 64/1/2 1/1/2 2/1/2
f 2/1/2 3/1/2 4/1/2
f 4/1/2 5/1/2 6/1/2
f 6/1/2 7/1/2 8/1/2
f 8/1/2 9/1/2 10/1/2
f 10/1/2 11/1/2 12/1/2
f 12/1/2 13/1/2 14/1/2
f 14/1/2 15/1/2 16/1/2
f 16/1/2 17/1/2 18/1/2
f 18/1/2 19/1/2 20/1/2
f 20/1/2 21/1/2 22/1/2
f 22/1/2 23/1/2 24/1/2
f 24/1/2 1609/1/2 65/1/2
f 66/1/2 1625/1/2 1623/1/2
f 22/1/2 24/1/2 65/1/2
f 66/1/2 1623/1/2 1629/1/2
f 20/1/2 22/1/2 65/1/2
f 66/1/2 1629/1/2 1627/1/2
f 18/1/2 20/1/2 65/1/2
f 66/1/2 1627/1/2 1624/1/2
f 18/1/2 1610/1/2 16/1/2
f 66/1/2 1624/1/2 1628/1/2
f 16/1/2 1610/1/2 1611/1/2
f 14/1/2 1613/1/2 12/1/2
f 8/1/2 10/1/2 12/1/2
f 4/1/2 6/1/2 8/1/2
f 64/1/2 2/1/2 4/1/2
f 62/1/2 63/1/2 64/1/2
f 60/1/2 61/1/2 62/1/2
f 58/1/2 59/1/2 60/1/2
f 56/1/2 57/1/2 58/1/2
f 54/1/2 55/1/2 56/1/2
f 52/1/2 53/1/2 54/1/2
f 50/1/2 51/1/2 52/1/2
f 48/1/2 49/1/2 50/1/2
f 46/1/2 47/1/2 48/1/2
f 43/1/2 44/1/2 45/1/2
f 46/1/2 48/1/2 50/1/2
f 42/1/2 43/1/2 45/1/2
f 45/1/2 46/1/2 50/1/2
f 50/1/2 52/1/2 54/1/2
f 54/1/2 56/1/2 58/1/2
f 58/1/2 60/1/2 62/1/2
f 64/1/2 1614/1/2 62/1/2
f 8/1/2 1615/1/2 4/1/2
f 12/1/2 1613/1/2 1616/1/2
f 66/1/2 1628/1/2 1626/1/2
f 39/1/2 40/1/2 41/1/2
f 42/1/2 1617/1/2 41/1/2
f 50/1/2 1618/1/2 45/1/2
f 58/1/2 1619/1/2 54/1/2
f 62/1/2 1614/1/2 1620/1/2
f 66/1/2 1626/1/2 1621/1/2
f 62/1/2 1620/1/2 1606/1/2
f 45/1/2 1618/1/2 1608/1/2
f 66/1/2 1621/1/2 1607/1/2
f 707/14/156 546/15/157 545/16/158
f 518/35/177 331/36/178 504/37/179
f 346/6/148 704/43/185 544/44/186
f 593/21/163 724/94/237 723/95/238
f 596/123/266 535/124/267 587/125/268
f 366/134/277 666/135/278 477/135/279
f 592/140/284 720/146/291 597/147/292
f 585/148/294 309/149/295 308/150/296
f 541/154/301 702/155/302 527/156/303
f 721/139/283 590/164/311 589/165/312
f 502/186/335 489/187/336 673/188/337
f 681/192/341 495/193/342 323/179/328
f 506/197/346 492/198/347 320/115/258
f 493/199/348 507/200/349 321/201/350
f 730/202/351 391/161/308 609/203/352
f 495/193/342 508/205/354 323/179/328
f 510/208/357 496/209/358 325/194/343
f 327/217/366 687/218/367 497/219/368
f 609/203/352 729/220/369 730/202/351
f 688/222/371 328/223/372 514/224/373
f 328/223/372 689/227/376 500/228/377
f 706/43/379 313/230/380 314/231/381
f 501/232/383 691/233/384 516/234/385
f 329/235/386 692/236/387 517/237/388
f 334/108/400 696/248/401 532/246/398
f 534/249/402 521/250/403 334/108/400
f 676/251/404 493/199/348 321/201/350
f 380/254/407 588/144/289 715/255/408
f 711/256/409 357/257/410 578/258/411
f 570/259/412 714/260/413 582/261/414
f 577/264/418 355/79/222 550/265/419
f 549/266/420 354/53/421 576/267/422
f 564/221/370 706/43/379 581/268/423
f 714/260/413 367/23/165 364/78/424
f 569/134/382 366/134/277 477/135/279
f 530/274/431 544/44/186 703/275/432
f 343/231/433 529/162/425 701/276/434
f 708/278/436 351/279/437 572/280/438
f 575/282/441 352/283/442 551/284/443
f 729/220/369 612/40/182 389/11/153
f 588/144/289 726/289/449 715/255/408
f 726/289/449 602/158/305 725/248/457
f 499/301/466 687/218/367 498/302/467
f 538/303/468 337/254/417 336/254/469
f 591/164/470 598/304/471 383/305/472
f 590/164/311 591/164/470 382/306/473
f 601/295/455 603/308/475 726/289/449
f 533/309/476 586/310/477 333/191/340
f 354/53/421 731/54/196 576/267/422
f 528/317/485 543/318/486 342/319/487
f 530/274/431 705/320/488 346/6/148
f 705/320/488 749/172/321 346/6/148
f 519/321/489 330/151/297 674/322/490
f 674/322/490 330/151/297 316/325/493
f 316/325/493 502/186/335 674/322/490
f 707/14/156 708/278/436 546/15/157
f 593/21/163 723/95/238 598/304/471
f 504/37/179 330/151/297 519/321/489
f 519/321/489 518/35/177 504/37/179
f 612/40/182 729/220/369 610/38/180
f 353/53/195 575/282/441 731/54/196
f 699/73/216 524/340/508 525/74/217
f 355/79/222 577/264/418 578/258/411
f 577/264/418 711/256/409 578/258/411
f 593/21/163 594/20/162 724/94/237
f 596/123/266 725/248/457 377/296/456
f 725/248/457 600/307/474 377/296/456
f 377/296/456 378/355/524 596/123/266
f 378/355/524 535/124/267 596/123/266
f 535/124/267 586/310/477 716/356/525
f 586/310/477 727/357/526 595/358/527
f 716/356/525 717/359/528 587/125/268
f 717/359/528 718/360/2 587/125/268
f 586/310/477 595/358/527 716/356/525
f 535/124/267 716/356/525 587/125/268
f 587/125/268 379/361/529 596/123/266
f 366/134/277 568/362/531 666/135/278
f 735/363/532 542/365/534 345/364/533
f 721/139/283 720/146/291 592/140/284
f 611/367/536 728/368/537 608/13/155
f 527/156/303 526/369/539 541/154/301
f 541/154/301 345/364/533 702/155/302
f 345/364/533 542/365/534 702/155/302
f 489/187/336 316/325/493 705/320/488
f 316/325/493 750/173/322 705/320/488
f 376/372/542 375/161/543 583/373/544
f 502/186/335 316/325/493 489/187/336
f 315/375/546 543/318/486 735/363/532
f 565/189/338 712/376/547 488/190/339
f 535/124/267 378/355/524 377/296/456
f 520/247/399 696/248/401 333/191/340
f 696/248/401 533/309/476 333/191/340
f 494/212/361 681/192/341 323/179/328
f 683/377/548 510/208/357 325/194/343
f 506/197/346 678/378/549 492/198/347
f 493/199/348 679/379/550 507/200/349
f 730/202/351 728/368/537 391/161/308
f 728/368/537 611/367/536 390/159/306
f 391/161/308 728/368/537 390/159/306
f 391/161/308 392/291/451 609/203/352
f 677/298/459 506/197/346 320/115/258
f 495/193/342 682/380/551 508/205/354
f 320/115/258 492/198/347 675/207/356
f 510/208/357 684/381/552 496/209/358
f 321/201/350 507/200/349 680/214/363
f 680/214/363 681/192/341 494/212/361
f 327/217/366 513/384/555 687/218/367
f 609/203/352 610/38/180 729/220/369
f 688/222/371 499/301/466 328/223/372
f 328/223/372 515/385/556 689/227/376
f 314/231/381 559/386/557 706/43/379
f 706/43/379 562/252/448 313/230/380
f 329/235/386 503/387/558 692/236/387
f 375/161/543 376/372/542 309/149/295
f 532/246/398 696/248/401 520/247/399
f 334/108/400 521/250/403 696/248/401
f 534/249/402 697/390/561 521/250/403
f 715/255/408 719/391/562 380/254/407
f 719/391/562 724/94/237 380/254/407
f 724/94/237 599/117/260 380/254/407
f 711/256/409 556/392/563 357/257/410
f 713/393/564 569/134/382 582/261/414
f 569/134/382 570/259/412 582/261/414
f 549/266/420 710/394/565 550/265/419
f 710/394/565 577/264/418 550/265/419
f 576/267/422 731/54/196 552/395/566
f 552/395/566 553/396/567 576/267/422
f 553/396/567 710/394/565 576/267/422
f 710/394/565 549/266/420 576/267/422
f 564/221/370 562/252/448 706/43/379
f 581/268/423 364/78/424 564/221/370
f 364/78/424 563/397/568 714/260/413
f 714/260/413 570/259/412 367/23/165
f 530/274/431 346/6/148 544/44/186
f 701/276/434 700/398/569 343/231/433
f 700/398/569 704/43/185 343/231/433
f 349/350/518 546/15/157 708/278/436
f 572/280/438 351/279/437 548/399/570
f 349/350/518 708/278/436 572/280/438
f 351/279/437 574/99/571 548/399/570
f 574/99/571 551/284/443 352/283/442
f 548/399/570 574/99/571 352/283/442
f 551/284/443 552/395/566 575/282/441
f 552/395/566 731/54/196 575/282/441
f 575/282/441 353/53/195 352/283/442
f 323/179/328 508/205/354 334/108/400
f 508/205/354 534/249/402 334/108/400
f 389/11/153 608/13/155 730/202/351
f 608/13/155 728/368/537 730/202/351
f 730/202/351 729/220/369 389/11/153
f 588/144/289 601/295/455 726/289/449
f 726/289/449 603/308/475 602/158/305
f 326/277/435 511/32/174 686/409/581
f 686/409/581 683/377/548 326/277/435
f 325/194/343 496/209/358 677/298/459
f 567/362/583 365/229/538 665/299/460
f 686/409/581 511/32/174 513/384/555
f 327/217/366 512/413/586 686/409/581
f 498/302/467 687/218/367 513/384/555
f 513/384/555 327/217/366 686/409/581
f 515/385/556 328/223/372 499/301/466
f 690/415/588 689/227/376 501/232/383
f 689/227/376 515/385/556 691/233/384
f 691/233/384 501/232/383 689/227/376
f 517/237/388 516/234/385 329/235/386
f 516/234/385 691/233/384 329/235/386
f 693/416/589 503/387/558 329/235/386
f 518/35/177 693/416/589 331/36/178
f 693/416/589 329/235/386 331/36/178
f 499/301/466 688/222/371 687/218/367
f 724/94/237 594/20/162 599/117/260
f 525/74/217 340/419/593 539/371/541
f 600/307/474 725/248/457 602/158/305
f 533/309/476 727/357/526 586/310/477
f 713/393/564 582/261/414 363/39/181
f 713/393/564 363/39/181 568/362/531
f 363/39/181 561/273/430 567/362/583
f 366/134/277 569/134/382 713/393/564
f 665/299/460 666/135/278 568/362/531
f 568/362/531 366/134/277 713/393/564
f 363/39/181 567/362/583 568/362/531
f 561/273/430 560/272/429 566/229/378
f 567/362/583 561/273/430 365/229/538
f 560/272/429 362/292/452 712/376/547
f 561/273/430 566/229/378 365/229/538
f 665/299/460 568/362/531 567/362/583
f 565/189/338 566/229/378 712/376/547
f 712/376/547 566/229/378 560/272/429
f 315/375/546 488/190/339 712/376/547
f 543/318/486 315/375/546 360/269/426
f 372/105/248 369/106/394 371/143/462
f 369/106/394 368/106/249 371/143/462
f 371/143/462 370/103/287 374/257/464
f 373/103/246 372/105/248 308/438/296
f 372/105/248 371/143/462 308/438/296
f 373/103/246 308/438/296 663/439/613
f 746/366/591 487/181/330 374/257/464
f 487/181/330 357/257/410 581/268/423
f 371/143/462 374/257/464 375/161/543
f 556/392/563 711/256/409 577/264/418
f 577/264/418 710/394/565 553/396/567
f 553/396/567 552/395/566 555/349/517
f 552/395/566 551/284/443 555/349/517
f 574/99/571 351/279/437 709/99/242
f 351/279/437 708/278/436 709/99/242
f 577/264/418 553/396/567 556/392/563
f 556/392/563 553/396/567 359/287/446
f 708/278/436 707/14/156 547/65/440
f 708/278/436 547/65/440 709/99/242
f 553/396/567 555/349/517 359/287/446
f 551/284/443 574/99/571 555/349/517
f 574/99/571 709/99/242 555/349/517
f 579/285/444 694/174/323 695/176/325
f 695/176/325 539/371/541 340/419/593
f 524/340/508 699/73/216 698/262/415
f 524/340/508 698/262/415 701/276/434
f 698/262/415 538/303/468 544/44/186
f 579/285/444 557/421/595 558/12/154
f 555/349/517 579/285/444 359/287/446
f 359/287/446 579/285/444 558/12/154
f 381/366/535 597/147/292 720/146/291
f 720/146/291 721/139/283 589/165/312
f 589/165/312 590/164/311 382/306/473
f 382/306/473 591/164/470 717/359/528
f 591/164/470 383/305/472 717/359/528
f 383/305/472 598/304/471 723/95/238
f 723/95/238 724/94/237 719/391/562
f 715/255/408 726/289/449 725/248/457
f 383/305/472 723/95/238 717/359/528
f 723/95/238 719/391/562 718/360/2
f 719/391/562 715/255/408 379/361/529
f 715/255/408 725/248/457 379/361/529
f 725/248/457 596/123/266 379/361/529
f 379/361/529 587/125/268 718/360/2
f 717/359/528 716/356/525 382/306/473
f 716/356/525 595/358/527 589/165/312
f 379/361/529 718/360/2 719/391/562
f 716/356/525 589/165/312 382/306/473
f 595/358/527 727/357/526 337/254/417
f 589/165/312 595/358/527 381/366/535
f 727/357/526 533/309/476 337/254/417
f 718/360/2 717/359/528 723/95/238
f 381/366/535 720/146/291 589/165/312
f 595/358/527 337/254/417 381/366/535
f 533/309/476 696/248/401 521/250/403
f 697/390/561 534/249/402 336/254/469
f 534/249/402 508/205/354 336/254/469
f 533/309/476 521/250/403 697/390/561
f 336/254/469 337/254/417 533/309/476
f 508/205/354 682/380/551 538/303/468
f 336/254/469 508/205/354 538/303/468
f 336/254/469 533/309/476 697/390/561
f 682/380/551 495/193/342 680/214/363
f 495/193/342 681/192/341 680/214/363
f 680/214/363 507/200/349 514/224/373
f 507/200/349 679/379/550 514/224/373
f 679/379/550 493/199/348 492/198/347
f 493/199/348 676/251/404 675/207/356
f 679/379/550 492/198/347 678/378/549
f 675/207/356 492/198/347 493/199/348
f 678/378/549 506/197/346 496/209/358
f 506/197/346 677/298/459 496/209/358
f 682/380/551 680/214/363 690/415/588
f 690/415/588 680/214/363 514/224/373
f 684/381/552 510/208/357 686/409/581
f 510/208/357 683/377/548 686/409/581
f 678/378/549 496/209/358 684/381/552
f 679/379/550 678/378/549 684/381/552
f 538/303/468 682/380/551 692/236/387
f 679/379/550 684/381/552 514/224/373
f 682/380/551 690/415/588 692/236/387
f 341/445/619 524/340/508 701/276/434
f 684/381/552 686/409/581 512/413/586
f 512/413/586 327/217/366 497/219/368
f 497/219/368 687/218/367 688/222/371
f 514/224/373 328/223/372 500/228/377
f 497/219/368 688/222/371 512/413/586
f 688/222/371 514/224/373 512/413/586
f 684/381/552 512/413/586 514/224/373
f 500/228/377 689/227/376 690/415/588
f 514/224/373 500/228/377 690/415/588
f 690/415/588 501/232/383 516/234/385
f 516/234/385 517/237/388 690/415/588
f 517/237/388 692/236/387 690/415/588
f 692/236/387 503/387/558 518/35/177
f 503/387/558 693/416/589 518/35/177
f 518/35/177 519/321/489 692/236/387
f 519/321/489 674/322/490 502/186/335
f 519/321/489 502/186/335 673/188/337
f 538/303/468 692/236/387 673/188/337
f 692/236/387 519/321/489 673/188/337
f 489/187/336 705/320/488 530/274/431
f 673/188/337 489/187/336 703/275/432
f 489/187/336 530/274/431 703/275/432
f 703/275/432 544/44/186 538/303/468
f 544/44/186 704/43/185 700/398/569
f 673/188/337 703/275/432 538/303/468
f 544/44/186 700/398/569 698/262/415
f 701/276/434 540/316/484 341/445/619
f 700/398/569 701/276/434 698/262/415
f 341/445/619 526/369/539 524/340/508
f 526/369/539 527/156/303 524/340/508
f 527/156/303 702/155/302 528/317/485
f 702/155/302 542/365/534 528/317/485
f 542/365/534 735/363/532 528/317/485
f 342/319/487 543/318/486 557/421/595
f 527/156/303 528/317/485 342/319/487
f 359/287/446 357/257/410 556/392/563
f 359/287/446 363/39/181 581/268/423
f 363/39/181 582/261/414 563/397/568
f 363/39/181 563/397/568 581/268/423
f 582/261/414 714/260/413 563/397/568
f 563/397/568 364/78/424 581/268/423
f 581/268/423 706/43/379 559/386/557
f 374/257/464 487/181/330 583/373/544
f 559/386/557 314/231/381 487/181/330
f 581/268/423 559/386/557 487/181/330
f 740/180/329 583/373/544 487/181/330
f 583/373/544 375/161/543 374/257/464
f 375/161/543 309/449/295 585/148/294
f 375/161/543 585/148/294 371/143/462
f 585/148/294 308/438/296 371/143/462
f 663/439/613 308/150/296 310/373/630
f 308/150/296 309/149/295 310/373/630
f 373/103/246 663/439/613 486/452/635
f 306/349/636 373/103/246 486/452/635
f 304/312/2 303/143/634 306/349/636
f 306/349/636 303/143/634 373/103/246
f 485/462/2 306/349/636 486/452/635
f 310/373/630 486/452/635 663/439/613
f 701/276/434 529/162/425 540/316/484
f 526/369/539 341/445/619 540/316/484
f 528/317/485 735/363/532 543/318/486
f 750/173/322 749/172/321 705/320/488
f 1526/485/687 1309/486/688 1299/487/689
f 1551/497/699 1321/498/700 920/499/701
f 1546/512/714 1317/513/715 903/514/716
f 956/569/765 1495/570/766 919/571/767
f 1513/582/771 1281/583/772 935/584/773
f 1527/627/808 1230/628/809 928/629/810
f 1223/639/819 878/640/820 1222/641/821
f 1494/655/833 1333/656/834 1334/657/835
f 1224/658/836 899/659/837 1331/660/838
f 1338/666/844 877/667/845 1221/668/846
f 1367/675/853 1369/676/854 973/677/855
f 1407/686/864 1402/687/865 1406/688/866
f 1515/705/883 1520/706/884 1522/707/885
f 1248/711/889 912/712/890 911/713/891
f 1346/717/895 960/718/896 1345/719/897
f 898/775/953 1491/776/954 1347/777/955
f 1340/778/956 1339/779/957 958/780/958
f 892/784/716 1514/785/714 1282/786/962
f 1494/655/833 882/787/963 1256/788/964
f 901/789/965 1495/570/766 1332/790/966
f 1208/791/967 1258/792/968 1496/793/969
f 1325/794/970 903/514/716 954/795/971
f 1260/796/972 1211/797/973 887/798/974
f 1585/799/975 969/663/841 1582/800/976
f 1212/805/981 1261/806/982 1498/807/983
f 1292/811/987 1215/812/988 1501/813/989
f 947/814/990 1229/815/991 926/816/992
f 942/817/993 1502/818/771 1286/819/994
f 1285/820/995 1217/821/996 1503/822/997
f 1516/823/998 1284/824/999 941/825/1000
f 940/826/993 1505/827/771 1278/828/996
f 938/829/1001 1506/830/1002 1270/831/1003
f 1576/832/1004 1575/833/1005 875/834/1006
f 1506/830/1002 895/835/1007 1267/836/1008
f 1268/837/1009 1269/838/1010 1508/839/1011
f 939/845/1017 1510/846/1018 1276/847/1019
f 884/848/1020 1208/791/967 1209/849/1021
f 1511/853/1025 939/845/1017 1275/854/1026
f 1279/855/1027 1278/828/996 1512/856/1028
f 1290/857/1029 892/784/716 933/858/971
f 914/859/993 1513/582/771 1217/821/996
f 941/825/1000 1514/785/714 1283/860/1030
f 934/861/1031 1287/862/1032 1234/863/1033
f 1287/862/1032 1286/819/994 1517/864/1034
f 1318/865/1035 886/866/1036 923/867/971
f 933/858/971 1519/869/714 1233/870/1038
f 1290/857/1029 1233/870/1038 1520/706/884
f 929/884/1052 1525/885/1053 1297/886/1054
f 1526/485/687 929/884/1052 1231/890/1058
f 1300/891/1059 1230/628/809 1528/892/1060
f 1248/711/889 1301/893/1061 1529/894/1062
f 1305/901/1069 1229/815/991 1534/902/1070
f 1246/903/1071 1306/904/1072 1535/905/1073
f 1218/907/1075 1516/823/998 1504/908/1076
f 1558/909/1077 1331/660/838 899/659/837
f 1533/913/1081 1304/914/1082 947/814/990
f 1309/486/688 1211/797/973 904/915/1083
f 1539/916/1084 887/798/974 1211/797/973
f 1310/917/1085 1311/918/1086 1541/919/1087
f 974/925/1093 1368/926/1094 975/771/949
f 887/798/974 1545/934/1102 1260/796/972
f 923/867/971 1546/512/714 1227/935/1103
f 1318/865/1035 1227/935/1103 1547/936/1104
f 976/937/1105 1370/938/1106 967/939/1107
f 1551/497/699 953/945/1113 1321/498/700
f 954/795/971 1552/946/714 1326/947/1103
f 1325/794/970 1326/947/1103 1553/948/1114
f 935/584/773 1279/855/1027 1235/949/1115
f 918/950/1116 1342/951/1117 1567/952/1118
f 1271/768/946 938/829/1001 1272/953/1119
f 932/956/1122 1525/885/1053 1263/957/1123
f 893/963/773 1285/820/995 1264/964/1129
f 1555/965/1130 955/966/1131 1328/967/1132
f 1238/968/1133 1328/967/1132 900/969/1134
f 883/921/1089 1556/970/1135 1258/792/968
f 1224/658/836 1237/971/1136 880/972/1137
f 1257/973/1138 1330/974/1139 919/571/767
f 957/977/1142 1560/978/1143 1335/979/1144
f 1335/979/1144 1337/980/1145 957/977/1142
f 1205/982/1147 1222/641/821 878/640/820
f 1338/666/844 1204/983/1148 898/775/953
f 1343/985/1150 1203/986/1151 897/987/1152
f 1255/988/1153 1342/951/1117 918/950/1116
f 1348/993/1158 1220/994/1159 876/744/922
f 1349/998/1163 1350/494/696 1572/999/1164
f 913/1005/1170 1521/1006/1171 932/956/1122
f 970/1012/1177 1580/1013/1178 974/925/1093
f 897/987/1152 1571/1017/1182 1348/993/1158
f 1603/1018/1183 1005/1019/1184 962/745/923
f 1554/1020/1185 881/1021/1186 1259/1022/1187
f 1373/1026/1191 1583/1027/1192 965/1028/1193
f 1422/1037/1202 1423/1038/1203 1602/1039/1204
f 1322/1040/1205 1321/498/700 953/945/1113
f 1241/1041/1206 1322/1040/1205 902/1042/1207
f 1240/1044/1209 1256/788/964 882/787/963
f 1332/790/966 1240/1044/1209 901/789/965
f 971/887/1055 1588/1052/1217 966/932/1100
f 1569/1053/1218 1344/1054/1219 959/1055/1220
f 1255/988/1153 959/1055/1220 1344/1054/1219
f 1241/1041/1206 1554/1020/1185 1259/1022/1187
f 1376/1076/1241 1375/1077/1242 1578/1000/1165
f 1251/1081/1246 1265/1082/1247 894/1083/1248
f 970/1012/1177 1366/1084/1249 967/939/1107
f 1421/1086/1251 1424/929/1097 1004/1087/1252
f 1422/1037/1202 1421/1086/1251 1005/1019/1184
f 978/762/940 1603/1018/1183 1419/1088/1253
f 1526/485/687 1539/916/1084 1309/486/688
f 920/499/701 1260/796/972 1551/497/699
f 1260/796/972 1545/934/1102 1316/1092/1257
f 1551/497/699 1260/796/972 1316/1092/1257
f 889/1094/1259 1212/805/981 1533/913/1081
f 1542/1095/808 1261/806/982 889/1094/1259
f 1310/917/1085 1542/1095/808 949/1096/1260
f 1542/1095/808 889/1094/1259 949/1096/1260
f 1540/1097/1261 1311/918/1086 949/1096/1260
f 1210/1098/1262 1540/1097/1261 886/866/1036
f 1540/1097/1261 949/1096/1260 886/866/1036
f 884/848/1020 1209/849/1021 1552/946/714
f 884/848/1020 1552/946/714 1324/1099/1263
f 1242/1100/1264 1546/512/714 903/514/716
f 1332/790/966 1495/570/766 956/569/765
f 1495/570/766 1257/973/1138 919/571/767
f 894/1083/1248 1265/1082/1247 1505/827/771
f 894/1083/1248 1505/827/771 1280/1121/1281
f 934/861/1031 1234/863/1033 1518/1124/1282
f 1235/949/1115 1513/582/771 935/584/773
f 926/816/992 1305/901/1069 1499/1141/1293
f 1499/1141/1293 1306/904/1072 909/1142/1294
f 926/816/992 1499/1141/1293 909/1142/1294
f 1301/893/1061 911/713/891 1500/1143/1295
f 1500/1143/1295 911/713/891 928/629/810
f 909/1142/1294 1246/903/1071 1527/627/808
f 928/629/810 1300/891/1059 1500/1143/1295
f 909/1142/1294 1527/627/808 928/629/810
f 879/738/916 1223/639/819 1560/978/1143
f 1336/635/815 957/977/1142 1334/657/835
f 879/738/916 1560/978/1143 1336/635/815
f 1223/639/819 879/738/916 878/640/820
f 957/977/1142 1337/980/1145 1334/657/835
f 1337/980/1145 1494/655/833 1334/657/835
f 1224/658/836 880/972/1137 899/659/837
f 1338/666/844 898/775/953 877/667/845
f 1367/675/853 1581/1158/1307 1369/676/854
f 993/703/881 1402/687/865 1404/1162/1311
f 1402/687/865 994/1078/1243 1406/688/866
f 1404/1162/1311 1402/687/865 1407/686/864
f 1406/688/866 1405/1163/1312 1407/686/864
f 1405/1163/1312 996/1164/1313 1407/686/864
f 1407/686/864 995/874/1042 1404/1162/1311
f 902/1042/1207 1322/1040/1205 1544/1168/1318
f 1322/1040/1205 953/945/1113 1544/1168/1318
f 1323/1169/1319 1551/497/699 1316/1092/1257
f 953/945/1113 1323/1169/1319 1544/1168/1318
f 1554/1020/1185 1241/1041/1206 902/1042/1207
f 1565/1170/1320 1239/1171/1321 1340/778/956
f 1239/1171/1321 1554/1020/1185 902/1042/1207
f 1340/778/956 1239/1171/1321 902/1042/1207
f 950/1172/1322 1340/778/956 902/1042/1207
f 1544/1168/1318 950/1172/1322 902/1042/1207
f 1532/933/1101 1544/1168/1318 1244/1173/1323
f 1323/1169/1319 1316/1092/1257 1545/934/1102
f 1323/1169/1319 1545/934/1102 1544/1168/1318
f 1545/934/1102 1244/1173/1323 1544/1168/1318
f 1244/1173/1323 887/798/974 1228/1174/1324
f 1532/933/1101 1244/1173/1323 1297/886/1054
f 1532/933/1101 1297/886/1054 1517/864/1034
f 1228/1174/1324 1539/916/1084 1526/485/687
f 1532/933/1101 1517/864/1034 1296/895/1063
f 1244/1173/1323 1228/1174/1324 1297/886/1054
f 1524/1175/1325 1296/895/1063 1512/856/1028
f 1228/1174/1324 1526/485/687 1231/890/1058
f 1231/890/1058 929/884/1052 1297/886/1054
f 1297/886/1054 1525/885/1053 1501/813/989
f 1525/885/1053 1291/1176/1326 1501/813/989
f 1291/1176/1326 1521/1006/1171 1292/811/987
f 1501/813/989 1215/812/988 1234/863/1033
f 1215/812/988 1518/1124/1282 1234/863/1033
f 1291/1176/1326 1292/811/987 1501/813/989
f 1228/1174/1324 1231/890/1058 1297/886/1054
f 1234/863/1033 1287/862/1032 1501/813/989
f 1287/862/1032 1517/864/1034 1501/813/989
f 1517/864/1034 1286/819/994 1264/964/1129
f 1286/819/994 1502/818/771 1264/964/1129
f 1264/964/1129 1285/820/995 1517/864/1034
f 1503/822/997 1217/821/996 1235/949/1115
f 1217/821/996 1513/582/771 1235/949/1115
f 1285/820/995 1503/822/997 1517/864/1034
f 1235/949/1115 1279/855/1027 1503/822/997
f 1279/855/1027 1512/856/1028 1503/822/997
f 1512/856/1028 1278/828/996 1265/1082/1247
f 1278/828/996 1505/827/771 1265/1082/1247
f 1265/1082/1247 1511/853/1025 1275/854/1026
f 1275/854/1026 939/845/1017 1276/847/1019
f 1265/1082/1247 1275/854/1026 1512/856/1028
f 1276/847/1019 1510/846/1018 1523/883/1051
f 1510/846/1018 1272/953/1119 1523/883/1051
f 1512/856/1028 1275/854/1026 1524/1175/1325
f 1275/854/1026 1276/847/1019 1524/1175/1325
f 1517/864/1034 1503/822/997 1296/895/1063
f 1503/822/997 1512/856/1028 1296/895/1063
f 1297/886/1054 1501/813/989 1517/864/1034
f 1272/953/1119 938/829/1001 1270/831/1003
f 1524/1175/1325 1276/847/1019 1523/883/1051
f 943/1131/1288 1523/883/1051 1515/705/883
f 1523/883/1051 1272/953/1119 1504/908/1076
f 1270/831/1003 1506/830/1002 1267/836/1008
f 1523/883/1051 1504/908/1076 1515/705/883
f 1272/953/1119 1270/831/1003 1508/839/1011
f 1522/707/885 943/1131/1288 1515/705/883
f 1272/953/1119 1508/839/1011 1504/908/1076
f 1270/831/1003 1267/836/1008 1268/837/1009
f 1267/836/1008 1509/1177/1327 1268/837/1009
f 1268/837/1009 1508/839/1011 1270/831/1003
f 1508/839/1011 1269/838/1010 1504/908/1076
f 1269/838/1010 1507/1178/1328 1218/907/1075
f 1504/908/1076 1269/838/1010 1218/907/1075
f 1504/908/1076 1516/823/998 1515/705/883
f 1515/705/883 1283/860/1030 1216/1179/1329
f 1283/860/1030 1514/785/714 1216/1179/1329
f 1216/1179/1329 1290/857/1029 1515/705/883
f 1520/706/884 1233/870/1038 1249/1180/1330
f 1233/870/1038 1519/869/714 1249/1180/1330
f 1290/857/1029 1520/706/884 1515/705/883
f 1249/1180/1330 1248/711/889 1520/706/884
f 1248/711/889 1529/894/1062 1213/1029/1194
f 1520/706/884 1248/711/889 1247/649/827
f 1529/894/1062 1301/893/1061 1300/891/1059
f 1301/893/1061 1500/1143/1295 1300/891/1059
f 1300/891/1059 1528/892/1060 1529/894/1062
f 1528/892/1060 1230/628/809 1246/903/1071
f 1230/628/809 1527/627/808 1246/903/1071
f 1246/903/1071 1535/905/1073 1528/892/1060
f 1535/905/1073 1306/904/1072 1534/902/1070
f 1306/904/1072 1499/1141/1293 1305/901/1069
f 1534/902/1070 1306/904/1072 1305/901/1069
f 1534/902/1070 1229/815/991 1498/807/983
f 1229/815/991 1304/914/1082 1498/807/983
f 1304/914/1082 1533/913/1081 1212/805/981
f 1498/807/983 1261/806/982 1310/917/1085
f 1261/806/982 1542/1095/808 1310/917/1085
f 1304/914/1082 1212/805/981 1498/807/983
f 1541/919/1087 1311/918/1086 1210/1098/1262
f 1311/918/1086 1540/1097/1261 1210/1098/1262
f 1498/807/983 1310/917/1085 1541/919/1087
f 1534/902/1070 1498/807/983 951/888/1056
f 1498/807/983 1541/919/1087 951/888/1056
f 1210/1098/1262 1318/865/1035 1541/919/1087
f 1318/865/1035 1547/936/1104 1541/919/1087
f 1547/936/1104 1227/935/1103 1242/1100/1264
f 1227/935/1103 1546/512/714 1242/1100/1264
f 1242/1100/1264 1325/794/970 1547/936/1104
f 1553/948/1114 1326/947/1103 1209/849/1021
f 1326/947/1103 1552/946/714 1209/849/1021
f 1325/794/970 1553/948/1114 1547/936/1104
f 1209/849/1021 1208/791/967 1553/948/1114
f 1208/791/967 951/888/1056 1553/948/1114
f 951/888/1056 906/1181/1331 1534/902/1070
f 1553/948/1114 951/888/1056 1547/936/1104
f 1541/919/1087 1547/936/1104 951/888/1056
f 906/1181/1331 925/1182/1332 1528/892/1060
f 1535/905/1073 906/1181/1331 1528/892/1060
f 1535/905/1073 1534/902/1070 906/1181/1331
f 925/1182/1332 1213/1029/1194 1529/894/1062
f 1528/892/1060 925/1182/1332 1529/894/1062
f 1247/649/827 1522/707/885 1520/706/884
f 1213/1029/1194 1247/649/827 1248/711/889
f 1248/711/889 1249/1180/1330 912/712/890
f 917/1185/1335 1254/1186/1336 1345/719/897
f 1254/1186/1336 1346/717/895 1345/719/897
f 1273/767/945 938/829/1001 1271/768/946
f 1219/1192/1342 1506/830/1002 1273/767/945
f 1581/1158/1307 1367/675/853 975/771/949
f 1581/1158/1307 975/771/949 1368/926/1094
f 898/775/953 1204/983/1148 1491/776/954
f 1340/778/956 1493/1196/1346 1339/779/957
f 912/712/890 1249/1180/1330 1519/869/714
f 912/712/890 1519/869/714 1289/1197/1347
f 892/784/716 1216/1179/1329 1514/785/714
f 1282/786/962 941/825/1000 1284/824/999
f 1494/655/833 1206/1198/1348 882/787/963
f 901/789/965 1207/1199/1349 1495/570/766
f 1208/791/967 883/921/1089 1258/792/968
f 1325/794/970 1242/1100/1264 903/514/716
f 1585/799/975 1357/1200/1350 1355/1150/1300
f 1357/1200/1350 963/612/798 1355/1150/1300
f 1355/1150/1300 968/1149/1299 1585/799/975
f 968/1149/1299 969/663/841 1585/799/975
f 973/677/855 1359/1201/1351 1582/800/976
f 969/663/841 973/677/855 1582/800/976
f 1212/805/981 889/1094/1259 1261/806/982
f 1284/824/999 1516/823/998 1250/1206/1356
f 1250/1206/1356 1218/907/1075 1507/1178/1328
f 1507/1178/1328 1269/838/1010 937/1207/1357
f 937/1207/1357 1268/837/1009 1509/1177/1327
f 1509/1177/1327 1267/836/1008 895/835/1007
f 1509/1177/1327 895/835/1007 937/1207/1357
f 1250/1206/1356 1507/1178/1328 937/1207/1357
f 1292/811/987 913/1005/1170 1215/812/988
f 947/814/990 1304/914/1082 1229/815/991
f 942/817/993 1288/1122/772 1502/818/771
f 1285/820/995 914/859/993 1217/821/996
f 1283/860/1030 1515/705/883 941/825/1000
f 1515/705/883 1516/823/998 941/825/1000
f 940/826/993 1280/1121/1281 1505/827/771
f 938/829/1001 1273/767/945 1506/830/1002
f 876/744/922 1220/994/1159 1570/1208/1358
f 1574/1209/1359 1573/1210/1360 1576/832/1004
f 876/744/922 1570/1208/1358 1574/1209/1359
f 1577/1211/1361 1253/595/782 875/834/1006
f 875/834/1006 876/744/922 1574/1209/1359
f 875/834/1006 1574/1209/1359 1576/832/1004
f 1575/833/1005 1577/1211/1361 875/834/1006
f 1506/830/1002 1219/1192/1342 895/835/1007
f 1268/837/1009 937/1207/1357 1269/838/1010
f 939/845/1017 1274/1213/1363 1510/846/1018
f 884/848/1020 883/921/1089 1208/791/967
f 1274/1213/1363 939/845/1017 1277/852/1024
f 1277/852/1024 1511/853/1025 1251/1081/1246
f 1511/853/1025 1277/852/1024 939/845/1017
f 1279/855/1027 940/826/993 1278/828/996
f 1290/857/1029 1216/1179/1329 892/784/716
f 914/859/993 1281/583/772 1513/582/771
f 941/825/1000 1282/786/962 1514/785/714
f 934/861/1031 942/817/993 1287/862/1032
f 1287/862/1032 942/817/993 1286/819/994
f 1318/865/1035 1210/1098/1262 886/866/1036
f 1494/655/833 1256/788/964 1333/656/834
f 933/858/971 1289/1197/1347 1519/869/714
f 1290/857/1029 933/858/971 1233/870/1038
f 929/884/1052 1263/957/1123 1525/885/1053
f 1526/485/687 1298/1215/1365 929/884/1052
f 1300/891/1059 928/629/810 1230/628/809
f 1248/711/889 911/713/891 1301/893/1061
f 1305/901/1069 926/816/992 1229/815/991
f 1246/903/1071 909/1142/1294 1306/904/1072
f 1218/907/1075 1250/1206/1356 1516/823/998
f 1309/486/688 1539/916/1084 1211/797/973
f 1539/916/1084 1228/1174/1324 887/798/974
f 1310/917/1085 949/1096/1260 1311/918/1086
f 974/925/1093 1360/1217/1367 1368/926/1094
f 887/798/974 1244/1173/1323 1545/934/1102
f 923/867/971 1317/513/715 1546/512/714
f 1318/865/1035 923/867/971 1227/935/1103
f 896/942/1110 1236/1218/1368 1352/496/698
f 1236/1218/1368 1572/999/1164 1352/496/698
f 1572/999/1164 1350/494/696 1352/496/698
f 1551/497/699 1323/1169/1319 953/945/1113
f 954/795/971 1324/1099/1263 1552/946/714
f 1325/794/970 954/795/971 1326/947/1103
f 935/584/773 940/826/993 1279/855/1027
f 1343/985/1150 897/987/1152 1567/952/1118
f 897/987/1152 918/950/1116 1567/952/1118
f 1272/953/1119 1510/846/1018 1271/768/946
f 1510/846/1018 1274/1213/1363 936/1035/1200
f 1271/768/946 1510/846/1018 936/1035/1200
f 932/956/1122 1291/1176/1326 1525/885/1053
f 893/963/773 914/859/993 1285/820/995
f 1555/965/1130 1327/1221/1371 955/966/1131
f 1238/968/1133 1555/965/1130 1328/967/1132
f 883/921/1089 1329/984/1149 1556/970/1135
f 1224/658/836 1557/1222/1372 1237/971/1136
f 919/571/767 1330/974/1139 1558/909/1077
f 1257/973/1138 1559/1223/1373 1330/974/1139
f 957/977/1142 1336/635/815 1560/978/1143
f 1335/979/1144 1561/1224/1374 1337/980/1145
f 1205/982/1147 1562/1225/1375 1222/641/821
f 1338/666/844 1563/1226/1376 1204/983/1148
f 955/966/1131 1327/1221/1371 1329/984/1149
f 1327/1221/1371 1556/970/1135 1329/984/1149
f 1343/985/1150 1566/1227/1377 1203/986/1151
f 1255/988/1153 1568/1228/1378 1342/951/1117
f 1237/971/1136 1569/1053/1218 880/972/1137
f 1348/993/1158 1571/1017/1182 1220/994/1159
f 1349/998/1163 961/602/788 1350/494/696
f 1526/485/687 1299/487/689 1298/1215/1365
f 1263/957/1123 929/884/1052 1298/1215/1365
f 1518/1124/1282 1215/812/988 913/1005/1170
f 913/1005/1170 1292/811/987 1521/1006/1171
f 1521/1006/1171 1291/1176/1326 932/956/1122
f 1347/777/955 1491/776/954 917/1185/1335
f 1491/776/954 1254/1186/1336 917/1185/1335
f 1564/1230/1380 1221/668/846 877/667/845
f 970/1012/1177 1363/1232/1382 1580/1013/1178
f 1580/1013/1178 1360/1217/1367 974/925/1093
f 960/718/896 1346/717/895 1492/1233/1383
f 1492/1233/1383 1205/982/1147 878/640/820
f 960/718/896 1492/1233/1383 878/640/820
f 897/987/1152 1203/986/1151 1571/1017/1182
f 962/745/923 1419/1088/1253 1603/1018/1183
f 1603/1018/1183 1422/1037/1202 1005/1019/1184
f 1554/1020/1185 1239/1171/1321 881/1021/1186
f 1369/676/854 1581/1158/1307 1368/926/1094
f 1368/926/1094 1360/1217/1367 1369/676/854
f 1360/1217/1367 1580/1013/1178 1363/1232/1382
f 1363/1232/1382 970/1012/1177 967/939/1107
f 1360/1217/1367 1363/1232/1382 1583/1027/1192
f 1369/676/854 1360/1217/1367 1583/1027/1192
f 1359/1201/1351 973/677/855 1369/676/854
f 1363/1232/1382 967/939/1107 1583/1027/1192
f 967/939/1107 1370/938/1106 965/1028/1193
f 1370/938/1106 1362/1234/1384 965/1028/1193
f 965/1028/1193 1364/1235/1385 1371/1002/1167
f 1364/1235/1385 1376/1076/1241 1371/1002/1167
f 1376/1076/1241 1578/1000/1165 1371/1002/1167
f 1583/1027/1192 1358/1229/1379 1369/676/854
f 1358/1229/1379 1584/1060/1225 1369/676/854
f 1584/1060/1225 1357/1200/1350 1359/1201/1351
f 1357/1200/1350 1585/799/975 1582/800/976
f 1359/1201/1351 1357/1200/1350 1582/800/976
f 1359/1201/1351 1369/676/854 1584/1060/1225
f 967/939/1107 965/1028/1193 1583/1027/1192
f 1371/1002/1167 1373/1026/1191 965/1028/1193
f 1603/1018/1183 1423/1038/1203 1422/1037/1202
f 1423/1038/1203 1424/929/1097 1602/1039/1204
f 1362/1234/1384 1370/938/1106 976/937/1105
f 966/932/1100 906/1181/1331 971/887/1055
f 906/1181/1331 951/888/1056 971/887/1055
f 1362/1234/1384 976/937/1105 966/932/1100
f 1364/1235/1385 965/1028/1193 1588/1052/1217
f 965/1028/1193 1362/1234/1384 1588/1052/1217
f 971/887/1055 1374/898/1066 1588/1052/1217
f 1362/1234/1384 966/932/1100 1588/1052/1217
f 881/1021/1186 1239/1171/1321 1565/1170/1320
f 1565/1170/1320 1340/778/956 958/780/958
f 958/780/958 1339/779/957 1564/1230/1380
f 1564/1230/1380 1605/1231/1381 958/780/958
f 881/1021/1186 1565/1170/1320 958/780/958
f 1575/833/1005 1576/832/1004 1573/1210/1360
f 1573/1210/1360 1574/1209/1359 1570/1208/1358
f 1570/1208/1358 1220/994/1159 1203/986/1151
f 1220/994/1159 1571/1017/1182 1203/986/1151
f 1203/986/1151 1566/1227/1377 1570/1208/1358
f 1566/1227/1377 1343/985/1150 1342/951/1117
f 1343/985/1150 1567/952/1118 1342/951/1117
f 1342/951/1117 1568/1228/1378 1566/1227/1377
f 1568/1228/1378 1255/988/1153 1557/1222/1372
f 1255/988/1153 1344/1054/1219 1557/1222/1372
f 1344/1054/1219 1569/1053/1218 1237/971/1136
f 1557/1222/1372 1224/658/836 1559/1223/1373
f 1224/658/836 1331/660/838 1559/1223/1373
f 1344/1054/1219 1237/971/1136 1557/1222/1372
f 1331/660/838 1558/909/1077 1330/974/1139
f 1559/1223/1373 1331/660/838 1330/974/1139
f 1559/1223/1373 1257/973/1138 1207/1199/1349
f 1257/973/1138 1495/570/766 1207/1199/1349
f 901/789/965 1240/1044/1209 1226/679/857
f 1240/1044/1209 882/787/963 1549/680/858
f 1206/1198/1348 1494/655/833 1337/980/1145
f 1240/1044/1209 1549/680/858 1226/679/857
f 882/787/963 1206/1198/1348 1549/680/858
f 1207/1199/1349 901/789/965 1226/679/857
f 1206/1198/1348 1337/980/1145 1549/680/858
f 1337/980/1145 1561/1224/1374 1225/1159/1308
f 1561/1224/1374 1335/979/1144 1223/639/819
f 1335/979/1144 1560/978/1143 1223/639/819
f 1223/639/819 1222/641/821 1561/1224/1374
f 1562/1225/1375 1205/982/1147 1346/717/895
f 1205/982/1147 1492/1233/1383 1346/717/895
f 1222/641/821 1562/1225/1375 950/1172/1322
f 1561/1224/1374 1222/641/821 1550/943/1111
f 1550/943/1111 1222/641/821 885/1204/1354
f 1346/717/895 1254/1186/1336 1562/1225/1375
f 1254/1186/1336 1491/776/954 1204/983/1148
f 1563/1226/1376 1254/1186/1336 1204/983/1148
f 1563/1226/1376 1338/666/844 1493/1196/1346
f 1338/666/844 1221/668/846 1493/1196/1346
f 1221/668/846 1564/1230/1380 1339/779/957
f 1493/1196/1346 1340/778/956 950/1172/1322
f 1221/668/846 1339/779/957 1493/1196/1346
f 1254/1186/1336 1563/1226/1376 1562/1225/1375
f 1493/1196/1346 950/1172/1322 1562/1225/1375
f 950/1172/1322 885/1204/1354 1222/641/821
f 1563/1226/1376 1493/1196/1346 1562/1225/1375
f 1561/1224/1374 1550/943/1111 952/1203/1353
f 1337/980/1145 1225/1159/1308 1549/680/858
f 1561/1224/1374 952/1203/1353 1225/1159/1308
f 1559/1223/1373 1207/1199/1349 1226/679/857
f 1557/1222/1372 1559/1223/1373 951/888/1056
f 1559/1223/1373 1226/679/857 951/888/1056
f 951/888/1056 1208/791/967 1568/1228/1378
f 1496/793/969 1258/792/968 1327/1221/1371
f 1258/792/968 1556/970/1135 1327/1221/1371
f 951/888/1056 1568/1228/1378 1557/1222/1372
f 1208/791/967 1496/793/969 1568/1228/1378
f 1566/1227/1377 1568/1228/1378 1496/793/969
f 1575/833/1005 1573/1210/1360 1572/999/1164
f 1573/1210/1360 1570/1208/1358 1349/998/1163
f 1572/999/1164 1573/1210/1360 1349/998/1163
f 1570/1208/1358 1566/1227/1377 1496/793/969
f 1496/793/969 1327/1221/1371 1555/965/1130
f 1238/968/1133 900/969/1134 1341/1068/1233
f 1496/793/969 1555/965/1130 1238/968/1133
f 1570/1208/1358 1496/793/969 1238/968/1133
f 1252/1128/1286 1253/595/782 1577/1211/1361
f 1577/1211/1361 1575/833/1005 1236/1218/1368
f 1570/1208/1358 1238/968/1133 1349/998/1163
f 1238/968/1133 1341/1068/1233 1351/699/877
f 1252/1128/1286 1577/1211/1361 1353/941/1109
f 1575/833/1005 1572/999/1164 1236/1218/1368
f 1351/699/877 961/602/788 1349/998/1163
f 1078/479/681 1077/597/784 1198/1237/1387
f 1077/597/784 1076/596/783 1198/1237/1387
f 784/685/863 1008/684/862 1427/477/679
f 1427/477/679 1078/479/681 1198/1237/1387
f 784/685/863 1427/477/679 874/1238/1388
f 1427/477/679 1198/1237/1387 874/1238/1388
f 1238/968/1133 1351/699/877 1349/998/1163
f 1236/1218/1368 896/942/1110 1353/941/1109
f 1577/1211/1361 1236/1218/1368 1353/941/1109
f 1082/1256/1406 1030/1260/1410 1490/1219/1369
f 1030/1260/1410 751/1261/2 1007/1262/1411
f 1490/1219/1369 1030/1260/1410 1200/940/1108
f 1007/1262/1411 1006/1263/1412 1252/1128/1286
f 1353/941/1109 1007/1262/1411 1252/1128/1286
f 1006/1263/1412 783/1264/2 1202/1265/1413
f 1006/1263/1412 1202/1265/1413 1252/1128/1286
f 1202/1265/1413 1198/1237/1387 1076/596/783
f 874/1238/1388 817/1245/1395 784/685/863
f 1353/941/1109 1030/1260/1410 1007/1262/1411
f 1255/988/1153 918/950/1116 959/1055/1220
f 1376/1076/1241 1364/1235/1385 1374/898/1066
f 1364/1235/1385 1588/1052/1217 1374/898/1066
f 1374/898/1066 1375/1077/1242 1376/1076/1241
f 1375/1077/1242 979/927/1095 1578/1000/1165
f 1251/1081/1246 1511/853/1025 1265/1082/1247
f 1421/1086/1251 1602/1039/1204 1424/929/1097
f 1422/1037/1202 1602/1039/1204 1421/1086/1251
f 978/762/940 1423/1038/1203 1603/1018/1183
f 877/667/845 1605/1231/1381 1564/1230/1380
f 557/421/595 695/176/325 340/419/593
f 1607/1/2 1617/1/2 45/1/2
f 1607/1/2 1621/1/2 1617/1/2
f 1621/1/2 41/1/2 1617/1/2
f 1608/1/2 1619/1/2 62/1/2
f 1608/1/2 1618/1/2 1619/1/2
f 1618/1/2 54/1/2 1619/1/2
f 1606/1/2 1616/1/2 66/1/2
f 1606/1/2 1620/1/2 1616/1/2
f 1620/1/2 12/1/2 1616/1/2
f 1620/1/2 1615/1/2 12/1/2
f 1620/1/2 1614/1/2 1615/1/2
f 1614/1/2 4/1/2 1615/1/2
f 1616/1/2 1611/1/2 66/1/2
f 1616/1/2 1613/1/2 1611/1/2
f 1613/1/2 16/1/2 1611/1/2
f 1611/1/2 1612/1/2 66/1/2
f 1611/1/2 1610/1/2 1612/1/2
f 1610/1/2 65/1/2 1612/1/2
f 1606/1/2 1608/1/2 62/1/2
f 1606/1/2 1607/1/2 1608/1/2
f 1607/1/2 45/1/2 1608/1/2
f 1628/1/2 39/1/2 1626/1/2
f 1624/1/2 36/1/2 37/1/2
f 1629/1/2 34/1/2 35/1/2
f 1626/1/2 41/1/2 1621/1/2
f 1624/1/2 38/1/2 1628/1/2
f 1627/1/2 35/1/2 36/1/2
f 1625/1/2 34/1/2 1623/1/2
f 24/1/2 25/1/2 1609/1/2
f 18/1/2 65/1/2 1610/1/2
f 14/1/2 16/1/2 1613/1/2
f 64/1/2 4/1/2 1614/1/2
f 8/1/2 12/1/2 1615/1/2
f 42/1/2 45/1/2 1617/1/2
f 50/1/2 54/1/2 1618/1/2
f 58/1/2 62/1/2 1619/1/2
f 315/375/546 712/376/547 362/292/452
f 360/269/426 580/184/333 543/318/486
f 580/184/333 557/421/595 543/318/486
f 315/375/546 362/292/452 360/269/426
f 746/366/591 357/257/410 487/181/330
f 359/287/446 581/268/423 357/257/410
f 740/180/329 376/476/542 583/373/544
f 527/156/303 342/319/487 524/340/508
f 342/319/487 557/421/595 340/419/593
f 524/340/508 342/319/487 525/74/217
f 557/421/595 579/285/444 695/176/325
f 340/419/593 525/74/217 342/319/487
f 1628/1/2 38/1/2 39/1/2
f 1624/1/2 1627/1/2 36/1/2
f 1629/1/2 1623/1/2 34/1/2
f 1626/1/2 39/1/2 41/1/2
f 1624/1/2 37/1/2 38/1/2
f 1627/1/2 1629/1/2 35/1/2
f 1625/1/2 33/1/2 34/1/2
usemtl Concrete
f 30/1/2 1630/1/2 25/1/2
f 25/1/2 26/1/2 27/1/2
f 30/1/2 31/1/2 32/1/2
f 30/1/2 32/1/2 33/1/2
f 66/1/2 1612/1/2 1622/1/2
f 1625/1/2 66/1/2 1631/1/2
f 1609/1/2 1630/1/2 1622/1/2
f 1622/1/2 1612/1/2 1609/1/2
f 1612/1/2 65/1/2 1609/1/2
f 1631/1/2 1622/1/2 1630/1/2
f 30/1/2 1631/1/2 1630/1/2
f 1631/1/2 30/1/2 33/1/2
f 33/1/2 1625/1/2 1631/1/2
f 1609/1/2 25/1/2 1630/1/2
f 1631/1/2 66/1/2 1622/1/2
usemtl stone
f 419/2/144 401/3/145 618/4/146
f 447/5/147 346/6/148 436/7/149
f 734/8/150 396/9/151 435/10/152
f 389/11/153 558/12/154 608/13/155
f 622/17/159 621/18/160 318/19/161
f 594/20/162 593/21/163 536/22/164
f 367/23/165 468/24/166 285/25/167
f 421/26/168 685/27/169 630/28/170
f 629/29/171 406/30/172 236/31/173
f 511/32/174 240/33/175 242/34/176
f 610/38/180 363/39/181 612/40/182
f 410/41/183 422/42/184 242/34/176
f 604/45/187 606/46/188 605/47/189
f 641/48/190 639/49/191 640/50/192
f 641/48/190 252/51/193 424/52/194
f 353/53/195 731/54/196 455/55/197
f 252/51/193 642/56/198 416/57/199
f 478/58/200 467/59/201 466/60/202
f 427/61/203 444/62/204 645/63/205
f 614/64/206 350/65/207 571/66/208
f 647/67/209 255/68/210 445/69/211
f 647/67/209 254/65/212 427/61/203
f 650/70/213 430/71/214 429/72/215
f 699/73/216 525/74/217 669/75/218
f 261/76/219 650/70/213 447/5/147
f 651/77/220 257/78/221 430/71/214
f 355/79/222 461/80/223 280/81/224
f 657/82/225 275/83/226 270/84/227
f 215/85/228 652/86/229 396/9/151
f 386/87/230 554/88/231 356/89/232
f 653/90/233 261/76/219 436/7/149
f 482/91/234 212/92/235 211/93/236
f 272/96/239 475/97/240 658/98/241
f 356/89/232 709/99/242 573/100/243
f 450/101/244 546/15/157 271/102/245
f 373/103/246 301/104/247 372/105/248
f 368/106/249 295/107/250 294/108/251
f 348/109/252 450/101/244 270/84/227
f 318/19/161 230/110/253 226/111/254
f 275/83/226 662/112/255 614/64/206
f 317/113/256 229/114/257 320/115/258
f 235/116/259 236/31/173 406/30/172
f 599/117/260 537/118/261 335/119/262
f 637/120/263 636/121/264 411/122/265
f 607/126/269 479/127/270 284/128/271
f 523/129/272 669/75/218 536/22/164
f 668/130/273 464/131/274 465/132/275
f 347/133/276 430/71/214 257/78/221
f 733/136/280 613/137/281 446/138/282
f 721/139/283 592/140/284 722/141/285
f 305/142/286 370/103/287 299/143/288
f 588/144/289 335/119/262 522/145/290
f 608/13/155 558/12/154 388/11/293
f 330/151/297 504/37/179 617/152/298
f 732/153/299 604/45/187 387/47/300
f 385/157/304 602/158/305 573/100/243
f 390/159/306 361/160/307 391/161/308
f 584/162/309 212/92/235 481/163/310
f 657/82/225 646/166/313 214/167/314
f 256/168/315 347/133/276 257/78/221
f 428/163/316 648/169/317 649/170/318
f 332/157/319 254/65/212 255/68/210
f 283/171/320 367/23/165 285/25/167
f 435/10/152 749/172/321 750/173/322
f 694/174/323 338/175/324 695/176/325
f 234/177/326 322/178/327 323/179/328
f 584/162/309 740/180/329 487/181/330
f 319/182/331 229/114/257 228/183/332
f 580/184/333 388/11/293 358/185/334
f 668/130/273 465/132/275 283/171/320
f 466/60/202 565/189/338 488/190/339
f 333/191/340 535/124/267 214/167/314
f 325/194/343 324/195/344 509/196/345
f 320/115/258 319/182/331 505/204/353
f 490/206/355 320/115/258 675/207/356
f 456/210/359 659/211/360 658/98/241
f 494/212/361 403/213/362 680/214/363
f 474/215/364 656/216/365 271/102/245
f 564/221/370 283/171/320 465/132/275
f 626/225/374 623/226/375 226/111/254
f 466/60/202 566/229/378 565/189/338
f 468/24/166 569/134/382 284/128/271
f 282/238/389 476/239/390 667/240/391
f 481/163/310 742/241/392 743/242/393
f 537/118/261 522/145/290 335/119/262
f 369/106/394 301/104/247 295/107/250
f 632/243/395 409/244/396 239/245/397
f 532/246/398 520/247/399 332/157/319
f 429/72/215 531/252/405 346/6/148
f 670/253/406 284/128/271 479/127/270
f 652/86/229 436/7/149 435/10/152
f 698/262/415 339/263/416 337/254/417
f 313/230/380 212/92/235 314/231/381
f 529/162/425 256/168/315 428/163/316
f 390/159/306 580/184/333 360/269/426
f 619/270/427 401/3/145 231/271/428
f 610/38/180 560/272/429 561/273/430
f 239/245/397 240/33/175 326/277/435
f 571/66/208 545/16/158 348/109/252
f 350/65/207 707/14/156 571/66/208
f 475/97/240 572/280/438 276/281/439
f 573/100/243 547/65/440 350/65/207
f 632/243/395 410/41/183 242/34/176
f 579/285/444 356/89/232 554/88/231
f 404/286/445 234/177/326 255/68/210
f 359/287/446 612/40/182 363/39/181
f 461/80/223 476/239/390 462/288/447
f 465/132/275 562/252/448 564/221/370
f 672/290/450 482/91/234 211/93/236
f 392/291/451 361/160/307 362/292/452
f 229/114/257 225/293/453 625/294/454
f 601/295/455 522/145/290 554/88/231
f 377/296/456 350/65/207 662/112/255
f 253/297/458 416/57/199 642/56/198
f 685/27/169 239/245/397 326/277/435
f 325/194/343 677/298/459 505/204/353
f 387/47/300 604/45/187 665/299/460
f 368/106/249 300/104/461 371/143/462
f 424/52/194 416/57/199 671/300/463
f 374/257/464 305/142/286 480/295/465
f 370/103/287 300/104/461 299/143/288
f 256/168/315 648/169/317 428/163/316
f 338/175/324 599/117/260 669/75/218
f 600/307/474 602/158/305 385/157/304
f 666/135/278 604/45/187 605/47/189
f 408/311/478 239/245/397 421/26/168
f 463/312/479 747/313/480 298/143/481
f 628/314/482 235/116/259 629/29/171
f 344/315/483 733/136/280 540/316/484
f 313/230/380 464/131/274 211/93/236
f 609/203/352 362/292/452 560/272/429
f 419/2/144 231/271/428 401/3/145
f 436/7/149 261/76/219 447/5/147
f 447/5/147 650/70/213 429/72/215
f 429/72/215 346/6/148 447/5/147
f 330/151/297 615/323/491 734/8/150
f 734/8/150 414/324/492 396/9/151
f 414/324/492 215/85/228 396/9/151
f 330/151/297 734/8/150 316/325/493
f 396/9/151 652/86/229 435/10/152
f 435/10/152 316/325/493 734/8/150
f 389/11/153 359/287/446 558/12/154
f 490/206/355 675/207/356 491/326/494
f 675/207/356 676/251/404 491/326/494
f 491/326/494 318/19/161 317/113/256
f 318/19/161 226/111/254 622/17/159
f 225/293/453 317/113/256 621/18/160
f 317/113/256 490/206/355 491/326/494
f 621/18/160 317/113/256 318/19/161
f 621/18/160 417/327/495 225/293/453
f 226/111/254 418/328/496 622/17/159
f 722/141/285 592/140/284 339/263/416
f 592/140/284 384/329/497 339/263/416
f 593/21/163 598/304/471 722/141/285
f 536/22/164 669/75/218 594/20/162
f 339/263/416 523/129/272 722/141/285
f 523/129/272 536/22/164 593/21/163
f 722/141/285 523/129/272 593/21/163
f 367/23/165 570/259/412 468/24/166
f 420/330/498 238/331/499 630/28/170
f 238/331/499 421/26/168 630/28/170
f 511/32/174 326/277/435 240/33/175
f 610/38/180 561/273/430 363/39/181
f 410/41/183 633/332/500 422/42/184
f 346/6/148 531/252/405 704/43/185
f 732/153/299 606/46/188 604/45/187
f 606/46/188 664/333/501 605/47/189
f 641/48/190 413/334/502 639/49/191
f 641/48/190 415/335/503 252/51/193
f 616/336/504 354/53/421 549/266/420
f 549/266/420 550/265/419 456/210/359
f 456/210/359 455/55/197 616/336/504
f 455/55/197 276/281/439 353/53/195
f 616/336/504 455/55/197 731/54/196
f 276/281/439 352/283/442 353/53/195
f 616/336/504 549/266/420 456/210/359
f 252/51/193 425/337/505 642/56/198
f 466/60/202 260/338/506 644/339/507
f 644/339/507 478/58/200 466/60/202
f 427/61/203 254/65/212 444/62/204
f 571/66/208 348/109/252 614/64/206
f 348/109/252 270/84/227 275/83/226
f 614/64/206 348/109/252 275/83/226
f 647/67/209 445/69/211 254/65/212
f 650/70/213 651/77/220 430/71/214
f 261/76/219 437/341/509 650/70/213
f 651/77/220 448/342/510 257/78/221
f 578/258/411 667/240/391 355/79/222
f 667/240/391 461/80/223 355/79/222
f 456/210/359 550/265/419 457/343/511
f 550/265/419 355/79/222 280/81/224
f 457/343/511 550/265/419 280/81/224
f 280/81/224 277/344/512 457/343/511
f 656/216/365 655/345/513 270/84/227
f 655/345/513 657/82/225 270/84/227
f 657/82/225 454/346/514 275/83/226
f 270/84/227 450/101/244 656/216/365
f 215/85/228 441/347/515 652/86/229
f 386/87/230 601/295/455 554/88/231
f 653/90/233 449/348/516 261/76/219
f 482/91/234 481/163/310 212/92/235
f 356/89/232 555/349/517 709/99/242
f 545/16/158 546/15/157 450/101/244
f 546/15/157 349/350/518 271/102/245
f 373/103/246 302/143/519 301/104/247
f 368/106/249 369/106/394 295/107/250
f 348/109/252 545/16/158 450/101/244
f 318/19/161 321/201/350 230/110/253
f 275/83/226 454/346/514 662/112/255
f 317/113/256 225/293/453 229/114/257
f 235/116/259 324/195/344 236/31/173
f 324/195/344 325/194/343 236/31/173
f 335/119/262 380/254/407 599/117/260
f 599/117/260 338/175/324 537/118/261
f 423/351/520 246/352/521 636/121/264
f 246/352/521 411/122/265 636/121/264
f 411/122/265 247/353/522 637/120/263
f 247/353/522 412/354/523 637/120/263
f 607/126/269 664/333/501 479/127/270
f 523/129/272 699/73/216 669/75/218
f 668/130/273 654/77/530 464/131/274
f 347/133/276 531/252/405 430/71/214
f 529/162/425 428/163/316 344/315/483
f 428/163/316 446/138/282 613/137/281
f 446/138/282 735/363/532 345/364/533
f 345/364/533 541/154/301 733/136/280
f 613/137/281 344/315/483 428/163/316
f 345/364/533 733/136/280 446/138/282
f 305/142/286 374/257/464 370/103/287
f 588/144/289 380/254/407 335/119/262
f 381/366/535 339/263/416 597/147/292
f 339/263/416 384/329/497 597/147/292
f 384/329/497 592/140/284 597/147/292
f 558/12/154 358/185/334 388/11/293
f 388/11/293 611/367/536 608/13/155
f 504/37/179 671/300/463 617/152/298
f 617/152/298 253/297/458 615/323/491
f 253/297/458 414/324/492 615/323/491
f 414/324/492 734/8/150 615/323/491
f 615/323/491 330/151/297 617/152/298
f 365/229/538 566/229/378 387/47/300
f 566/229/378 467/59/201 387/47/300
f 467/59/201 478/58/200 387/47/300
f 478/58/200 732/153/299 387/47/300
f 526/369/539 733/136/280 541/154/301
f 602/158/305 603/308/475 573/100/243
f 603/308/475 386/87/230 356/89/232
f 573/100/243 603/308/475 356/89/232
f 573/100/243 350/65/207 385/157/304
f 390/159/306 360/269/426 361/160/307
f 584/162/309 314/231/381 212/92/235
f 721/139/283 722/141/285 590/164/311
f 444/62/204 254/65/212 646/166/313
f 254/65/212 214/167/314 646/166/313
f 214/167/314 454/346/514 657/82/225
f 256/168/315 343/231/433 347/133/276
f 434/370/540 260/338/506 649/170/318
f 260/338/506 446/138/282 649/170/318
f 446/138/282 428/163/316 649/170/318
f 254/65/212 445/69/211 255/68/210
f 255/68/210 334/108/400 332/157/319
f 334/108/400 532/246/398 332/157/319
f 283/171/320 364/78/424 367/23/165
f 537/118/261 338/175/324 694/174/323
f 338/175/324 539/371/541 695/176/325
f 234/177/326 231/271/428 322/178/327
f 487/181/330 314/231/381 584/162/309
f 319/182/331 320/115/258 229/114/257
f 580/184/333 611/367/536 388/11/293
f 283/171/320 285/25/167 668/130/273
f 285/25/167 469/374/545 668/130/273
f 488/190/339 315/375/546 260/338/506
f 735/363/532 446/138/282 260/338/506
f 315/375/546 735/363/532 260/338/506
f 260/338/506 466/60/202 488/190/339
f 333/191/340 586/310/477 535/124/267
f 214/167/314 254/65/212 333/191/340
f 254/65/212 332/157/319 333/191/340
f 332/157/319 520/247/399 333/191/340
f 535/124/267 377/296/456 214/167/314
f 322/178/327 494/212/361 323/179/328
f 509/196/345 683/377/548 325/194/343
f 505/204/353 677/298/459 320/115/258
f 317/113/256 320/115/258 490/206/355
f 658/98/241 455/55/197 456/210/359
f 456/210/359 457/343/511 659/211/360
f 494/212/361 322/178/327 627/382/553
f 322/178/327 231/271/428 627/382/553
f 231/271/428 419/2/144 627/382/553
f 627/382/553 626/225/374 403/213/362
f 403/213/362 230/110/253 680/214/363
f 230/110/253 321/201/350 680/214/363
f 627/382/553 403/213/362 494/212/361
f 656/216/365 450/101/244 271/102/245
f 271/102/245 451/383/554 474/215/364
f 451/383/554 272/96/239 474/215/364
f 564/221/370 364/78/424 283/171/320
f 418/328/496 226/111/254 623/226/375
f 226/111/254 230/110/253 403/213/362
f 626/225/374 226/111/254 403/213/362
f 466/60/202 467/59/201 566/229/378
f 570/259/412 569/134/382 468/24/166
f 569/134/382 607/126/269 284/128/271
f 667/240/391 578/258/411 282/238/389
f 578/258/411 357/257/410 282/238/389
f 376/372/542 741/388/559 743/242/393
f 537/118/261 694/174/323 522/145/290
f 369/106/394 372/105/248 301/104/247
f 408/311/478 631/389/560 239/245/397
f 631/389/560 632/243/395 239/245/397
f 318/19/161 491/326/494 321/201/350
f 491/326/494 676/251/404 321/201/350
f 429/72/215 430/71/214 531/252/405
f 670/253/406 468/24/166 284/128/271
f 652/86/229 653/90/233 436/7/149
f 698/262/415 699/73/216 339/263/416
f 699/73/216 523/129/272 339/263/416
f 339/263/416 381/366/535 337/254/417
f 313/230/380 211/93/236 212/92/235
f 529/162/425 343/231/433 256/168/315
f 390/159/306 611/367/536 580/184/333
f 231/271/428 234/177/326 404/286/445
f 404/286/445 619/270/427 231/271/428
f 666/135/278 605/47/189 477/135/279
f 605/47/189 664/333/501 607/126/269
f 477/135/279 605/47/189 607/126/269
f 607/126/269 569/134/382 477/135/279
f 610/38/180 609/203/352 560/272/429
f 704/43/185 531/252/405 343/231/433
f 531/252/405 347/133/276 343/231/433
f 239/245/397 409/244/396 240/33/175
f 571/66/208 707/14/156 545/16/158
f 350/65/207 547/65/440 707/14/156
f 475/97/240 272/96/239 451/383/554
f 451/383/554 271/102/245 349/350/518
f 475/97/240 451/383/554 349/350/518
f 455/55/197 658/98/241 276/281/439
f 658/98/241 475/97/240 276/281/439
f 548/399/570 352/283/442 276/281/439
f 475/97/240 349/350/518 572/280/438
f 572/280/438 548/399/570 276/281/439
f 573/100/243 709/99/242 547/65/440
f 240/33/175 409/244/396 242/34/176
f 409/244/396 632/243/395 242/34/176
f 522/145/290 694/174/323 554/88/231
f 694/174/323 579/285/444 554/88/231
f 234/177/326 323/179/328 334/108/400
f 334/108/400 255/68/210 234/177/326
f 255/68/210 647/67/209 404/286/445
f 647/67/209 619/270/427 404/286/445
f 359/287/446 389/11/153 612/40/182
f 461/80/223 667/240/391 476/239/390
f 745/400/572 661/401/573 282/238/389
f 660/402/574 458/403/575 277/344/512
f 476/239/390 282/238/389 661/401/573
f 660/402/574 277/344/512 280/81/224
f 660/402/574 280/81/224 461/80/223
f 476/239/390 661/401/573 462/288/447
f 462/288/447 660/402/574 461/80/223
f 465/132/275 464/131/274 562/252/448
f 464/131/274 654/77/530 211/93/236
f 654/77/530 672/290/450 211/93/236
f 392/291/451 391/161/308 361/160/307
f 417/327/495 620/404/576 225/293/453
f 620/404/576 625/294/454 225/293/453
f 625/294/454 624/405/577 228/183/332
f 624/405/577 402/406/578 228/183/332
f 228/183/332 229/114/257 625/294/454
f 601/295/455 588/144/289 522/145/290
f 214/167/314 377/296/456 662/112/255
f 377/296/456 600/307/474 385/157/304
f 350/65/207 377/296/456 385/157/304
f 350/65/207 614/64/206 662/112/255
f 662/112/255 454/346/514 214/167/314
f 642/56/198 643/407/579 253/297/458
f 643/407/579 395/408/580 414/324/492
f 253/297/458 643/407/579 414/324/492
f 395/408/580 215/85/228 414/324/492
f 683/377/548 509/196/345 685/27/169
f 326/277/435 683/377/548 685/27/169
f 509/196/345 324/195/344 685/27/169
f 324/195/344 235/116/259 685/27/169
f 235/116/259 405/410/582 630/28/170
f 685/27/169 421/26/168 239/245/397
f 235/116/259 630/28/170 685/27/169
f 505/204/353 319/182/331 325/194/343
f 319/182/331 228/183/332 236/31/173
f 228/183/332 402/406/578 629/29/171
f 629/29/171 236/31/173 228/183/332
f 236/31/173 325/194/343 319/182/331
f 365/229/538 387/47/300 665/299/460
f 368/106/249 294/108/251 300/104/461
f 511/32/174 242/34/176 513/384/555
f 513/384/555 242/34/176 634/411/584
f 242/34/176 422/42/184 634/411/584
f 634/411/584 635/412/585 423/351/520
f 634/411/584 423/351/520 636/121/264
f 513/384/555 634/411/584 498/302/467
f 634/411/584 636/121/264 498/302/467
f 637/120/263 412/354/523 639/49/191
f 412/354/523 638/414/587 639/49/191
f 636/121/264 637/120/263 498/302/467
f 515/385/556 499/301/466 637/120/263
f 499/301/466 498/302/467 637/120/263
f 413/334/502 641/48/190 424/52/194
f 637/120/263 639/49/191 515/385/556
f 639/49/191 413/334/502 515/385/556
f 691/233/384 515/385/556 413/334/502
f 329/235/386 691/233/384 413/334/502
f 671/300/463 504/37/179 331/36/178
f 253/297/458 617/152/298 671/300/463
f 424/52/194 252/51/193 416/57/199
f 416/57/199 253/297/458 671/300/463
f 671/300/463 331/36/178 424/52/194
f 331/36/178 329/235/386 424/52/194
f 329/235/386 413/334/502 424/52/194
f 480/295/465 745/400/572 748/417/590
f 357/257/410 746/366/591 748/417/590
f 370/103/287 371/143/462 300/104/461
f 538/303/468 698/262/415 337/254/417
f 256/168/315 257/78/221 648/169/317
f 257/78/221 431/418/592 648/169/317
f 591/164/470 722/141/285 598/304/471
f 590/164/311 722/141/285 591/164/470
f 594/20/162 669/75/218 599/117/260
f 669/75/218 525/74/217 539/371/541
f 539/371/541 338/175/324 669/75/218
f 666/135/278 665/299/460 604/45/187
f 601/295/455 386/87/230 603/308/475
f 238/331/499 407/420/594 421/26/168
f 407/420/594 408/311/478 421/26/168
f 362/292/452 361/160/307 360/269/426
f 580/184/333 358/185/334 557/421/595
f 354/53/421 616/336/504 731/54/196
f 401/3/145 619/270/427 427/61/203
f 619/270/427 647/67/209 427/61/203
f 427/61/203 645/63/205 401/3/145
f 645/63/205 444/62/204 426/422/596
f 444/62/204 646/166/313 426/422/596
f 474/215/364 272/96/239 273/423/597
f 272/96/239 658/98/241 273/423/597
f 659/211/360 457/343/511 277/344/512
f 627/382/553 419/2/144 227/424/598
f 419/2/144 618/4/146 227/424/598
f 618/4/146 401/3/145 645/63/205
f 618/4/146 645/63/205 426/422/596
f 659/211/360 277/344/512 274/425/599
f 277/344/512 458/403/575 274/425/599
f 458/403/575 660/402/574 278/426/600
f 660/402/574 462/288/447 459/279/601
f 278/426/600 660/402/574 459/279/601
f 661/401/573 744/427/602 747/313/480
f 480/295/465 305/142/286 299/143/288
f 298/143/481 480/295/465 299/143/288
f 299/143/288 300/104/461 293/428/603
f 300/104/461 294/108/251 293/428/603
f 295/107/250 301/104/247 291/429/604
f 301/104/247 302/143/519 296/428/605
f 622/17/159 418/328/496 398/430/606
f 418/328/496 623/226/375 398/430/606
f 398/430/606 623/226/375 219/431/607
f 620/404/576 417/327/495 220/432/608
f 417/327/495 621/18/160 220/432/608
f 624/405/577 625/294/454 224/433/609
f 625/294/454 620/404/576 224/433/609
f 629/29/171 402/406/578 233/434/610
f 402/406/578 624/405/577 223/435/611
f 233/434/610 402/406/578 223/435/611
f 630/28/170 405/410/582 237/436/612
f 405/410/582 628/314/482 232/437/611
f 237/436/612 405/410/582 232/437/611
f 555/349/517 356/89/232 579/285/444
f 420/330/498 630/28/170 237/436/612
f 407/420/594 238/331/499 420/330/498
f 631/389/560 408/311/478 218/440/614
f 408/311/478 407/420/594 218/440/614
f 410/41/183 632/243/395 241/441/615
f 632/243/395 631/389/560 241/441/615
f 634/411/584 422/42/184 244/442/616
f 422/42/184 633/332/500 243/443/617
f 244/442/616 422/42/184 243/443/617
f 633/332/500 410/41/183 241/441/615
f 407/420/594 420/330/498 217/444/618
f 246/352/521 423/351/520 245/446/620
f 423/351/520 635/412/585 245/446/620
f 241/441/615 243/443/617 633/332/500
f 398/430/606 220/432/608 621/18/160
f 245/446/620 635/412/585 244/442/616
f 635/412/585 634/411/584 244/442/616
f 394/447/621 210/447/622 655/345/513
f 210/447/622 269/448/623 655/345/513
f 209/447/624 393/447/625 474/215/364
f 393/447/625 394/447/621 656/216/365
f 218/440/614 241/441/615 631/389/560
f 274/425/599 453/425/626 659/211/360
f 453/425/626 452/422/627 659/211/360
f 217/444/618 218/440/614 407/420/594
f 237/436/612 217/444/618 420/330/498
f 279/279/628 460/279/629 462/288/447
f 460/279/629 459/279/601 462/288/447
f 557/421/595 358/185/334 558/12/154
f 233/434/610 232/437/611 628/314/482
f 309/149/295 738/450/631 736/451/632
f 481/163/310 482/91/234 483/91/633
f 302/143/519 373/103/246 303/143/634
f 654/77/530 668/130/273 470/453/637
f 668/130/273 469/374/545 470/453/637
f 469/374/545 285/25/167 670/253/406
f 285/25/167 468/24/166 670/253/406
f 664/333/501 606/46/188 400/454/638
f 732/153/299 478/58/200 287/455/639
f 478/58/200 644/339/507 471/456/640
f 606/46/188 732/153/299 399/454/641
f 478/58/200 471/456/640 287/455/639
f 471/456/640 644/339/507 440/456/642
f 644/339/507 260/338/506 265/457/643
f 260/338/506 434/370/540 264/453/644
f 265/457/643 260/338/506 264/453/644
f 434/370/540 649/170/318 259/458/645
f 649/170/318 648/169/317 432/397/646
f 433/91/647 649/170/318 432/397/646
f 431/418/592 257/78/221 448/342/510
f 233/434/610 628/314/482 629/29/171
f 293/428/603 292/459/648 299/143/288
f 292/459/648 298/143/481 299/143/288
f 291/429/604 290/460/649 294/108/251
f 290/460/649 293/428/603 294/108/251
f 303/143/634 297/461/650 302/143/519
f 297/461/650 296/428/605 302/143/519
f 296/428/605 291/429/604 301/104/247
f 295/107/250 291/429/604 294/108/251
f 485/462/2 307/392/2 306/349/636
f 224/433/609 223/435/611 624/405/577
f 220/432/608 224/433/609 620/404/576
f 484/453/651 312/453/652 672/290/450
f 312/453/652 311/463/653 672/290/450
f 398/430/606 621/18/160 622/17/159
f 651/77/220 650/70/213 438/453/654
f 650/70/213 437/341/509 262/457/655
f 438/453/654 650/70/213 262/457/655
f 437/341/509 261/76/219 449/348/516
f 449/348/516 653/90/233 442/456/656
f 653/90/233 652/86/229 441/347/515
f 441/347/515 215/85/228 395/408/580
f 653/90/233 441/347/515 266/464/657
f 448/342/510 651/77/220 439/453/658
f 653/90/233 266/464/657 442/456/656
f 441/347/515 395/408/580 266/464/657
f 643/407/579 642/56/198 397/465/659
f 642/56/198 425/337/505 216/466/660
f 397/465/659 642/56/198 216/466/660
f 425/337/505 252/51/193 415/335/503
f 415/335/503 641/48/190 251/467/661
f 641/48/190 640/50/192 251/467/661
f 640/50/192 639/49/191 249/468/662
f 639/49/191 638/414/587 249/468/662
f 638/414/587 412/354/523 248/469/663
f 412/354/523 247/353/522 248/469/663
f 248/469/663 249/468/662 638/414/587
f 249/468/662 250/470/664 640/50/192
f 250/470/664 251/467/661 640/50/192
f 397/465/659 213/454/665 395/408/580
f 213/454/665 266/464/657 395/408/580
f 442/456/656 443/456/666 449/348/516
f 443/456/666 267/456/2 262/457/655
f 449/348/516 443/456/666 262/457/655
f 438/453/654 439/453/658 651/77/220
f 439/453/658 263/374/667 448/342/510
f 259/458/645 264/453/644 434/370/540
f 265/457/643 268/471/668 644/339/507
f 268/471/668 440/456/642 644/339/507
f 425/337/505 415/335/503 216/466/660
f 415/335/503 251/467/661 216/466/660
f 287/455/639 221/454/669 732/153/299
f 221/454/669 399/454/641 732/153/299
f 399/454/641 400/454/638 606/46/188
f 400/454/638 222/454/2 288/455/670
f 400/454/638 288/455/670 664/333/501
f 472/456/671 473/456/672 670/253/406
f 473/456/672 289/471/673 670/253/406
f 469/374/545 289/471/673 286/457/674
f 289/471/673 469/374/545 670/253/406
f 286/457/674 470/453/637 469/374/545
f 227/424/598 219/431/607 623/226/375
f 227/424/598 623/226/375 626/225/374
f 227/424/598 626/225/374 627/382/553
f 643/407/579 397/465/659 395/408/580
f 449/348/516 262/457/655 437/341/509
f 426/422/596 227/424/598 618/4/146
f 269/448/623 426/422/596 657/82/225
f 426/422/596 646/166/313 657/82/225
f 448/342/510 263/374/667 258/472/675
f 431/418/592 448/342/510 258/472/675
f 431/418/592 258/472/675 648/169/317
f 258/472/675 432/397/646 648/169/317
f 269/448/623 657/82/225 655/345/513
f 649/170/318 433/91/647 259/458/645
f 393/447/625 656/216/365 474/215/364
f 394/447/621 655/345/513 656/216/365
f 273/423/597 209/447/624 474/215/364
f 452/422/627 273/423/597 658/98/241
f 452/422/627 658/98/241 659/211/360
f 278/426/600 274/425/599 458/403/575
f 279/279/628 462/288/447 281/143/676
f 462/288/447 661/401/573 281/143/676
f 482/91/234 672/290/450 311/463/653
f 482/91/234 311/463/653 483/91/633
f 463/312/479 281/143/676 661/401/573
f 309/149/295 737/473/677 310/373/630
f 405/410/582 235/116/259 628/314/482
f 235/116/259 406/30/172 629/29/171
f 529/162/425 344/315/483 540/316/484
f 344/315/483 613/137/281 733/136/280
f 733/136/280 526/369/539 540/316/484
f 313/230/380 562/252/448 464/131/274
f 609/203/352 392/291/451 362/292/452
f 738/450/631 739/474/678 736/451/632
f 737/473/677 739/474/678 483/91/633
f 376/372/542 738/450/631 309/149/295
f 741/388/559 481/163/310 743/242/393
f 742/241/392 376/372/542 743/242/393
f 740/180/329 741/475/559 376/476/542
f 742/241/392 483/91/633 739/474/678
f 748/417/590 745/400/572 282/238/389
f 744/427/602 745/400/572 480/295/465
f 744/427/602 298/143/481 747/313/480
f 746/366/591 480/295/465 748/417/590
f 282/238/389 357/257/410 748/417/590
f 472/456/671 479/127/270 288/455/670
f 654/77/530 484/453/651 672/290/450
f 346/6/148 749/172/321 436/7/149
f 750/173/322 316/325/493 435/10/152
f 1427/477/679 752/478/680 1078/479/681
f 786/480/682 1428/481/683 1191/482/684
f 1010/483/685 1080/484/686 1428/481/683
f 997/488/690 999/489/691 1415/490/692
f 793/491/693 1430/492/694 1184/493/695
f 1350/494/696 1195/495/697 1352/496/698
f 1431/500/702 826/501/703 1172/502/704
f 1432/503/705 828/504/706 1166/505/707
f 797/506/708 1433/507/709 1159/508/710
f 776/509/711 1446/510/712 812/511/713
f 1447/515/717 1111/516/718 1441/517/719
f 1434/518/720 831/519/721 1154/520/722
f 799/521/723 1435/522/724 1151/523/725
f 1142/524/726 1141/525/727 860/526/728
f 801/527/729 1436/528/730 1142/524/726
f 1436/528/730 833/529/731 1141/525/727
f 1148/530/732 1434/518/720 1155/531/733
f 1437/532/734 834/533/735 1138/534/736
f 1438/535/737 772/536/738 1096/537/739
f 851/538/740 1439/539/719 1120/540/741
f 1042/541/742 1465/542/720 1090/543/733
f 1440/544/743 840/545/744 1117/546/745
f 849/547/746 1441/517/719 1111/516/718
f 1049/548/747 1454/549/720 1097/550/733
f 1108/551/748 1107/552/749 848/553/750
f 815/554/751 1442/555/730 1108/551/748
f 1442/555/730 843/556/752 1107/552/749
f 1051/557/753 1052/558/754 781/559/755
f 1443/560/756 815/554/751 1075/561/757
f 814/562/758 1444/563/759 1028/564/760
f 1106/565/761 1027/566/762 812/511/713
f 1440/544/743 1117/546/745 850/567/763
f 843/556/752 1446/510/712 1050/568/764
f 1447/515/717 814/562/758 1110/572/768
f 1448/573/717 849/547/746 1113/574/768
f 811/575/746 1449/576/719 1026/577/718
f 1026/577/718 1448/573/717 1073/578/769
f 840/545/744 1450/579/770 1049/548/747
f 1451/580/717 811/575/746 1119/581/768
f 772/536/738 1452/585/774 1071/586/775
f 1452/585/774 851/538/740 1122/587/776
f 1071/586/775 1122/587/776 809/588/777
f 764/589/778 1466/590/779 1467/591/780
f 853/592/721 1453/593/779 1126/594/781
f 1253/595/782 1076/596/783 1077/597/784
f 1454/549/720 853/592/721 1125/598/722
f 807/599/785 1455/600/786 1024/601/787
f 1350/494/696 961/602/788 1163/603/789
f 1313/604/790 931/605/791 1293/606/792
f 1456/607/793 770/608/794 1023/609/795
f 1001/610/796 1365/611/797 963/612/798
f 1457/613/799 807/599/785 1131/614/800
f 858/615/729 1458/616/730 1134/617/801
f 1458/616/730 769/618/802 1022/619/803
f 770/608/794 1459/620/730 1094/621/804
f 1459/620/730 858/615/729 1133/622/805
f 1043/623/748 1067/624/806 767/625/807
f 834/533/735 1460/626/730 1043/623/748
f 1460/626/730 801/527/729 1067/624/806
f 769/618/802 1461/630/811 1092/631/812
f 1461/630/811 1138/534/736 1139/632/813
f 833/529/731 1462/633/770 1042/541/742
f 1162/634/814 1336/635/815 1161/636/816
f 1463/637/817 799/521/723 1066/638/818
f 861/642/822 1464/643/770 1148/530/732
f 1579/644/823 1365/611/797 1538/645/824
f 1465/542/720 861/642/822 1147/646/722
f 831/519/721 1466/590/779 1041/647/825
f 1262/648/826 1247/649/827 1245/650/828
f 1467/591/780 797/506/708 1065/651/829
f 1178/652/830 1484/653/831 823/654/832
f 1416/661/839 999/489/691 1414/662/840
f 969/663/841 905/664/842 907/665/843
f 1488/669/847 1193/670/848 1192/671/849
f 796/672/850 1468/673/851 1017/674/852
f 1319/678/856 1226/679/857 1549/680/858
f 1486/681/859 1187/682/860 1186/683/861
f 1192/671/849 1008/684/862 784/685/863
f 1470/689/867 761/690/868 1015/691/869
f 1163/603/789 985/692/870 871/693/871
f 762/694/872 1379/695/873 1017/674/852
f 794/696/874 1471/697/875 1014/698/876
f 1351/699/877 1400/700/878 961/602/788
f 1472/701/879 990/702/880 1400/700/878
f 1402/687/865 993/703/881 1403/704/882
f 1031/708/886 1053/709/887 753/710/888
f 828/504/706 1474/714/892 1036/715/893
f 1474/714/892 793/491/693 1058/716/894
f 1186/683/861 1010/483/685 786/480/682
f 1158/720/898 1433/507/709 1468/673/851
f 980/721/899 1386/722/900 1593/723/901
f 1478/724/902 756/725/903 1011/726/904
f 826/501/703 1479/727/905 1034/728/906
f 761/690/868 1480/729/907 1084/730/908
f 805/731/909 912/712/890 1129/732/910
f 1481/733/911 794/696/874 1174/734/912
f 824/735/913 1482/736/914 1176/737/915
f 879/738/916 1060/739/917 878/640/820
f 1483/740/918 824/735/913 1033/741/919
f 754/742/920 1476/743/921 876/744/922
f 962/745/923 1420/746/924 1410/747/925
f 869/748/926 1484/653/831 1182/749/927
f 1412/750/928 1426/751/929 1000/752/930
f 1485/753/931 869/748/926 1181/754/932
f 1400/700/878 990/702/880 1398/755/933
f 1486/681/859 786/480/682 1054/756/934
f 756/725/903 1487/757/935 1081/758/936
f 1057/759/937 1187/682/860 1487/757/935
f 1031/708/886 753/710/888 1009/760/938
f 1178/652/830 960/718/896 868/761/939
f 1415/490/692 978/762/940 997/488/690
f 856/763/941 945/764/942 1299/487/689
f 1489/765/943 785/766/944 1193/670/848
f 1273/767/945 1271/768/946 916/769/947
f 944/770/948 975/771/949 1531/772/950
f 1196/773/951 920/499/701 1590/774/952
f 1411/781/959 1425/782/960 998/783/961
f 924/801/977 1530/802/978 1243/803/979
f 1064/804/980 1431/500/702 1480/729/907
f 1414/662/840 1413/808/984 1416/661/839
f 848/553/750 1107/552/749 776/509/711
f 1591/809/985 956/569/765 829/810/986
f 796/672/850 982/840/1012 1600/841/1013
f 1409/842/1014 1389/843/1015 1597/844/1016
f 915/850/1022 1589/851/1023 1277/852/1024
f 1253/595/782 1077/597/784 1078/479/681
f 1591/809/985 1169/868/1037 1333/656/834
f 1543/871/1039 927/872/1040 973/677/855
f 1393/873/1041 995/874/1042 989/875/1043
f 1386/722/900 1388/876/1044 1475/877/1045
f 997/488/690 1410/747/925 1002/878/1046
f 944/770/948 931/605/791 1313/604/790
f 910/879/1047 1522/707/885 1214/880/1048
f 827/881/1049 1057/759/937 1035/882/1050
f 1523/883/1051 931/605/791 944/770/948
f 997/488/690 1002/878/1046 1530/802/978
f 971/887/1055 951/888/1056 922/889/1057
f 1296/895/1063 930/896/1064 1232/897/1065
f 1374/898/1066 971/887/1055 922/889/1057
f 1295/899/1067 1232/897/1065 930/896/1064
f 1171/900/1068 827/881/1049 1478/724/902
f 1262/648/826 1214/880/1048 891/906/1074
f 995/874/1042 1397/910/1078 989/875/1043
f 1308/911/1079 1245/650/828 908/912/1080
f 884/848/1020 1039/920/1088 883/921/1089
f 1302/922/1090 1303/923/1091 946/924/1092
f 979/927/1095 1319/678/856 1548/928/1096
f 1416/661/839 1425/782/960 1424/929/1097
f 1312/930/1098 888/931/1099 966/932/1100
f 1532/933/1101 907/665/843 905/664/842
f 1200/940/1108 1353/941/1109 896/942/1110
f 1550/943/1111 1243/803/979 1320/944/1112
f 871/693/871 1189/954/1120 1429/955/1121
f 1385/958/1124 1383/959/1125 1395/960/1126
f 1130/961/1127 856/763/941 1145/962/1128
f 829/810/986 919/571/767 1064/804/980
f 1086/975/1140 1432/503/705 1018/976/1141
f 808/981/1146 1453/593/779 1456/607/793
f 1039/920/1088 1065/651/829 1329/984/1149
f 1085/989/1154 880/972/1137 1170/990/1155
f 1537/991/1156 948/992/1157 976/937/1105
f 1587/995/1160 977/996/1161 972/997/1162
f 1578/1000/1165 1372/1001/1166 1371/1002/1167
f 1451/580/717 1120/540/741 1439/539/719
f 1003/1003/1168 1377/1004/1169 979/927/1095
f 759/1007/1172 1481/733/911 1482/736/914
f 1183/1008/1173 1059/1009/1174 1347/777/955
f 1389/843/1015 1596/1010/1175 1399/1011/1176
f 1383/959/1125 1592/1014/1179 1594/1015/1180
f 1083/1016/1181 960/718/896 878/640/820
f 1411/781/959 1356/1023/1188 964/1024/1189
f 1013/1025/1190 1485/753/931 1430/492/694
f 1213/1029/1194 1307/1030/1195 1308/911/1079
f 1412/750/928 1000/752/930 1418/1031/1196
f 1361/1032/1197 1001/610/796 963/612/798
f 1426/751/929 1420/746/924 1005/1019/1184
f 1020/1033/1198 799/521/723 1144/1034/1199
f 936/1035/1200 1589/851/1023 1266/1036/1201
f 985/692/870 1386/722/900 1475/877/1045
f 1470/689/867 1161/636/816 1160/1043/1208
f 1384/1045/1210 1379/695/873 1592/1014/1179
f 985/692/870 1593/723/901 1386/722/900
f 1593/723/901 984/1046/1211 1387/1047/1212
f 1477/1048/1213 1168/1049/1214 991/1050/1215
f 1383/959/1125 1378/1051/1216 980/721/899
f 1415/490/692 1424/929/1097 1423/1038/1203
f 1354/1056/1221 1586/1057/1222 1372/1001/1166
f 1012/1058/1223 1388/876/1044 1595/1059/1224
f 1595/1059/1224 980/721/899 1378/1051/1216
f 1584/1060/1225 1356/1023/1188 1361/1032/1197
f 1164/1061/1226 881/1021/1186 958/780/958
f 864/1062/1227 1596/1010/1175 1389/843/1015
f 988/1063/1228 1596/1010/1175 1392/1064/1229
f 989/875/1043 1397/910/1078 1394/1065/1230
f 1482/736/914 1175/1066/1231 867/1067/1232
f 1341/1068/1233 1401/1069/1234 1598/1070/1235
f 1598/1070/1235 988/1063/1228 1392/1064/1229
f 780/1071/1236 781/559/755 1199/1072/1237
f 1391/1073/1238 1409/842/1014 1599/1074/1239
f 1599/1074/1239 992/1075/1240 1403/704/882
f 1393/873/1041 1472/701/879 1341/1068/1233
f 994/1078/1243 1601/1079/1244 1390/1080/1245
f 1388/876/1044 1185/1085/1250 1475/877/1045
f 1412/750/928 1002/878/1046 1410/747/925
f 1455/600/786 1096/537/739 1047/1089/1254
f 1004/1087/1252 1604/1090/1255 1421/1086/1251
f 1427/477/679 1008/684/862 752/478/680
f 786/480/682 1010/483/685 1428/481/683
f 1010/483/685 754/742/920 1080/484/686
f 793/491/693 1013/1025/1190 1430/492/694
f 1350/494/696 1188/1091/1256 1195/495/697
f 1431/500/702 1085/989/1154 826/501/703
f 1432/503/705 1086/975/1140 828/504/706
f 797/506/708 1019/1093/1258 1433/507/709
f 1050/568/764 1446/510/712 776/509/711
f 1446/510/712 1106/565/761 812/511/713
f 1533/913/1081 1138/534/736 889/1094/1259
f 1138/534/736 834/533/735 1043/623/748
f 1138/534/736 1043/623/748 767/625/807
f 889/1094/1259 1138/534/736 767/625/807
f 889/1094/1259 767/625/807 949/1096/1260
f 767/625/807 1067/624/806 1142/524/726
f 949/1096/1260 767/625/807 860/526/728
f 1067/624/806 801/527/729 1142/524/726
f 1142/524/726 860/526/728 767/625/807
f 1317/513/715 923/867/971 1090/543/733
f 923/867/971 886/866/1036 1090/543/733
f 1141/525/727 833/529/731 1042/541/742
f 949/1096/1260 860/526/728 886/866/1036
f 860/526/728 1141/525/727 1042/541/742
f 886/866/1036 860/526/728 1042/541/742
f 1042/541/742 1090/543/733 886/866/1036
f 1090/543/733 1465/542/720 1147/646/722
f 1147/646/722 861/642/822 1148/530/732
f 1155/531/733 1434/518/720 1154/520/722
f 1147/646/722 1148/530/732 1317/513/715
f 1148/530/732 1155/531/733 903/514/716
f 1317/513/715 1148/530/732 903/514/716
f 1090/543/733 1147/646/722 1317/513/715
f 1154/520/722 831/519/721 1041/647/825
f 1155/531/733 1154/520/722 1324/1099/1263
f 1154/520/722 1041/647/825 1324/1099/1263
f 1324/1099/1263 1041/647/825 764/589/778
f 764/589/778 884/848/1020 1324/1099/1263
f 1324/1099/1263 954/795/971 1155/531/733
f 954/795/971 903/514/716 1155/531/733
f 1447/515/717 1109/1101/769 1111/516/718
f 1434/518/720 1087/1102/1265 831/519/721
f 799/521/723 1020/1033/1198 1435/522/724
f 1142/524/726 1436/528/730 1141/525/727
f 801/527/729 1021/1103/1266 1436/528/730
f 1436/528/730 1091/1104/1267 833/529/731
f 1148/530/732 1464/643/770 1434/518/720
f 1437/532/734 1093/1105/1268 834/533/735
f 1438/535/737 1025/1106/1269 772/536/738
f 851/538/740 1123/1107/1270 1439/539/719
f 1042/541/742 1462/633/770 1465/542/720
f 1440/544/743 1099/1108/1271 840/545/744
f 849/547/746 1114/1109/1270 1441/517/719
f 1049/548/747 1450/579/770 1454/549/720
f 1108/551/748 1442/555/730 1107/552/749
f 815/554/751 1029/1110/1272 1442/555/730
f 1442/555/730 1100/1111/1273 843/556/752
f 1052/558/754 1443/560/756 1075/561/757
f 1075/561/757 781/559/755 1052/558/754
f 781/559/755 780/1071/1236 1051/557/753
f 780/1071/1236 1028/564/760 1051/557/753
f 1028/564/760 1444/563/759 1051/557/753
f 1443/560/756 1102/1112/1274 815/554/751
f 814/562/758 1104/1113/1275 1444/563/759
f 1106/565/761 1445/1114/1276 1027/566/762
f 850/567/763 812/511/713 1440/544/743
f 812/511/713 1027/566/762 1440/544/743
f 843/556/752 1105/1115/1277 1446/510/712
f 1447/515/717 1074/1116/1278 814/562/758
f 1448/573/717 1112/1117/1279 849/547/746
f 811/575/746 1115/1118/1270 1449/576/719
f 1026/577/718 1449/576/719 1448/573/717
f 840/545/744 1116/1119/1280 1450/579/770
f 1451/580/717 1072/1120/1279 811/575/746
f 1110/572/768 814/562/758 1028/564/760
f 1028/564/760 780/1071/1236 1280/1121/1281
f 780/1071/1236 894/1083/1248 1280/1121/1281
f 1280/1121/1281 940/826/993 1109/1101/769
f 940/826/993 935/584/773 1109/1101/769
f 1110/572/768 1028/564/760 1280/1121/1281
f 1109/1101/769 1447/515/717 1110/572/768
f 1113/574/768 849/547/746 1111/516/718
f 1109/1101/769 1110/572/768 1280/1121/1281
f 1113/574/768 1111/516/718 1281/583/772
f 1111/516/718 1109/1101/769 935/584/773
f 1073/578/769 1448/573/717 1113/574/768
f 1119/581/768 811/575/746 1026/577/718
f 1073/578/769 1113/574/768 1281/583/772
f 1111/516/718 935/584/773 1281/583/772
f 1119/581/768 1026/577/718 1288/1122/772
f 1026/577/718 1073/578/769 893/963/773
f 1288/1122/772 1026/577/718 893/963/773
f 1118/1123/769 1451/580/717 1119/581/768
f 1518/1124/1282 1120/540/741 934/861/1031
f 1120/540/741 1118/1123/769 934/861/1031
f 1288/1122/772 942/817/993 1118/1123/769
f 942/817/993 934/861/1031 1118/1123/769
f 1264/964/1129 1502/818/771 893/963/773
f 1502/818/771 1288/1122/772 893/963/773
f 1281/583/772 914/859/993 1073/578/769
f 914/859/993 893/963/773 1073/578/769
f 1118/1123/769 1119/581/768 1288/1122/772
f 772/536/738 1048/1125/1283 1452/585/774
f 1452/585/774 1121/1126/1284 851/538/740
f 1071/586/775 1452/585/774 1122/587/776
f 1467/591/780 1039/920/1088 764/589/778
f 764/589/778 1041/647/825 1466/590/779
f 853/592/721 1124/1127/1285 1453/593/779
f 1253/595/782 1252/1128/1286 1076/596/783
f 1454/549/720 1127/1129/1265 853/592/721
f 807/599/785 1128/1130/1287 1455/600/786
f 871/693/871 1188/1091/1256 1163/603/789
f 1188/1091/1256 1350/494/696 1163/603/789
f 1293/606/792 943/1131/1288 1294/1132/1289
f 1294/1132/1289 1313/604/790 1293/606/792
f 1456/607/793 1045/1133/1290 770/608/794
f 1001/610/796 1414/662/840 1365/611/797
f 1457/613/799 1070/1134/1291 807/599/785
f 858/615/729 1132/1135/1266 1458/616/730
f 1458/616/730 1044/1136/1273 769/618/802
f 770/608/794 1069/1137/1266 1459/620/730
f 1459/620/730 1135/1138/1273 858/615/729
f 1043/623/748 1460/626/730 1067/624/806
f 834/533/735 1136/1139/1292 1460/626/730
f 1460/626/730 1137/1140/1273 801/527/729
f 1022/619/803 769/618/802 1092/631/812
f 1092/631/812 1461/630/811 1139/632/813
f 1139/632/813 926/816/992 1092/631/812
f 1022/619/803 926/816/992 909/1142/1294
f 1022/619/803 1092/631/812 926/816/992
f 1134/617/801 1458/616/730 1022/619/803
f 1133/622/805 858/615/729 1134/617/801
f 1094/621/804 1459/620/730 1133/622/805
f 1023/609/795 770/608/794 1094/621/804
f 1129/732/910 1456/607/793 1023/609/795
f 911/713/891 805/731/909 928/629/810
f 805/731/909 1129/732/910 1023/609/795
f 1023/609/795 1094/621/804 805/731/909
f 1094/621/804 1133/622/805 928/629/810
f 1133/622/805 1134/617/801 928/629/810
f 1134/617/801 1022/619/803 909/1142/1294
f 1094/621/804 928/629/810 805/731/909
f 1134/617/801 909/1142/1294 928/629/810
f 769/618/802 1068/1144/1296 1461/630/811
f 1461/630/811 1437/532/734 1138/534/736
f 833/529/731 1140/1145/1280 1462/633/770
f 1162/634/814 794/696/874 1061/1146/1297
f 1061/1146/1297 759/1007/1172 1336/635/815
f 759/1007/1172 879/738/916 1336/635/815
f 1162/634/814 1061/1146/1297 1336/635/815
f 1161/636/816 1471/697/875 1162/634/814
f 1336/635/815 1334/657/835 1161/636/816
f 1463/637/817 1144/1034/1199 799/521/723
f 861/642/822 1146/1147/1280 1464/643/770
f 1414/662/840 999/489/691 1365/611/797
f 999/489/691 1538/645/824 1365/611/797
f 1538/645/824 1315/1148/1298 905/664/842
f 905/664/842 968/1149/1299 1538/645/824
f 968/1149/1299 1355/1150/1300 1579/644/823
f 968/1149/1299 1579/644/823 1538/645/824
f 1465/542/720 1149/1151/1301 861/642/822
f 831/519/721 1152/1152/1285 1466/590/779
f 1245/650/828 890/1153/1302 1262/648/826
f 1262/648/826 891/906/1074 1247/649/827
f 1467/591/780 1156/1154/1303 797/506/708
f 1178/652/830 868/761/939 1179/1155/1304
f 868/761/939 1177/1156/1305 1179/1155/1304
f 1177/1156/1305 1483/740/918 1179/1155/1304
f 1179/1155/1304 1484/653/831 1178/652/830
f 1484/653/831 1180/1157/1306 823/654/832
f 1416/661/839 1415/490/692 999/489/691
f 969/663/841 968/1149/1299 905/664/842
f 1488/669/847 1489/765/943 1193/670/848
f 796/672/850 1158/720/898 1468/673/851
f 1319/678/856 922/889/1057 1226/679/857
f 1549/680/858 1225/1159/1308 1319/678/856
f 1225/1159/1308 921/1160/1309 1319/678/856
f 1486/681/859 1487/757/935 1187/682/860
f 1192/671/849 1469/1161/1310 1008/684/862
f 1470/689/867 1037/1165/1314 761/690/868
f 1163/603/789 1382/1166/1315 985/692/870
f 762/694/872 983/694/1316 1379/695/873
f 794/696/874 1162/634/814 1471/697/875
f 1351/699/877 1472/701/879 1400/700/878
f 1472/701/879 1394/1065/1230 990/702/880
f 1403/704/882 992/1075/1240 1601/1079/1244
f 992/1075/1240 1408/1167/1317 1601/1079/1244
f 1601/1079/1244 1402/687/865 1403/704/882
f 1544/1168/1318 1315/1148/1298 950/1172/1322
f 946/924/1092 1303/923/1091 1532/933/1101
f 1296/895/1063 1302/922/1090 946/924/1092
f 946/924/1092 1532/933/1101 1296/895/1063
f 1295/899/1067 930/896/1064 1524/1175/1325
f 930/896/1064 1296/895/1063 1524/1175/1325
f 943/1131/1288 1293/606/792 1523/883/1051
f 1522/707/885 1294/1132/1289 943/1131/1288
f 891/906/1074 1214/880/1048 1522/707/885
f 906/1181/1331 888/931/1099 925/1182/1332
f 925/1182/1332 1307/1030/1195 1213/1029/1194
f 1213/1029/1194 908/912/1080 1247/649/827
f 908/912/1080 1245/650/828 1247/649/827
f 1247/649/827 891/906/1074 1522/707/885
f 1031/708/886 1473/1183/1333 1053/709/887
f 828/504/706 1164/1061/1226 1474/714/892
f 1474/714/892 1165/1184/1334 793/491/693
f 1186/683/861 1476/743/921 1010/483/685
f 1158/720/898 1159/508/710 1433/507/709
f 1593/723/901 1387/1047/1212 986/1187/1337
f 986/1187/1337 1168/1049/1214 1477/1048/1213
f 1477/1048/1213 1405/1163/1312 1396/1188/1338
f 1405/1163/1312 1406/688/866 1396/1188/1338
f 1396/1188/1338 1395/960/1126 1477/1048/1213
f 1395/960/1126 1383/959/1125 1477/1048/1213
f 1593/723/901 986/1187/1337 980/721/899
f 986/1187/1337 1477/1048/1213 1383/959/1125
f 980/721/899 986/1187/1337 1383/959/1125
f 1478/724/902 1035/882/1050 756/725/903
f 826/501/703 1170/990/1155 1479/727/905
f 761/690/868 1064/804/980 1480/729/907
f 911/713/891 912/712/890 805/731/909
f 912/712/890 808/981/1146 1129/732/910
f 1481/733/911 1061/1146/1297 794/696/874
f 824/735/913 1083/1016/1181 1482/736/914
f 879/738/916 759/1007/1172 1060/739/917
f 1483/740/918 1177/1156/1305 824/735/913
f 1348/993/1158 876/744/922 1476/743/921
f 876/744/922 875/834/1006 1473/1183/1333
f 875/834/1006 752/478/680 1469/1161/1310
f 752/478/680 1008/684/862 1469/1161/1310
f 1469/1161/1310 1192/671/849 1193/670/848
f 790/1189/1339 897/987/1152 1348/993/1158
f 876/744/922 1473/1183/1333 1080/484/686
f 875/834/1006 1469/1161/1310 785/766/944
f 1473/1183/1333 875/834/1006 785/766/944
f 1469/1161/1310 1193/670/848 785/766/944
f 785/766/944 1053/709/887 1473/1183/1333
f 1473/1183/1333 1031/708/886 1080/484/686
f 754/742/920 1010/483/685 1476/743/921
f 1080/484/686 754/742/920 876/744/922
f 1187/682/860 790/1189/1339 1476/743/921
f 790/1189/1339 1348/993/1158 1476/743/921
f 1476/743/921 1186/683/861 1187/682/860
f 1420/746/924 1412/750/928 1410/747/925
f 1410/747/925 997/488/690 978/762/940
f 978/762/940 1419/1088/1253 1410/747/925
f 1419/1088/1253 962/745/923 1410/747/925
f 869/748/926 1180/1157/1306 1484/653/831
f 1412/750/928 1420/746/924 1426/751/929
f 1485/753/931 1183/1008/1173 869/748/926
f 1397/910/1078 1407/686/864 996/1164/1313
f 996/1164/1313 991/1050/1215 1397/910/1078
f 991/1050/1215 1398/755/933 1397/910/1078
f 1398/755/933 1387/1047/1212 1400/700/878
f 1387/1047/1212 984/1046/1211 961/602/788
f 1400/700/878 1387/1047/1212 961/602/788
f 984/1046/1211 1382/1166/1315 1163/603/789
f 1163/603/789 961/602/788 984/1046/1211
f 990/702/880 1394/1065/1230 1398/755/933
f 1394/1065/1230 1397/910/1078 1398/755/933
f 1486/681/859 1186/683/861 786/480/682
f 756/725/903 1057/759/937 1487/757/935
f 1057/759/937 790/1189/1339 1187/682/860
f 1009/760/938 1428/481/683 1031/708/886
f 1428/481/683 1080/484/686 1031/708/886
f 1178/652/830 1345/719/897 960/718/896
f 1415/490/692 1423/1038/1203 978/762/940
f 1299/487/689 1309/486/688 856/763/941
f 1309/486/688 904/915/1083 1145/962/1128
f 856/763/941 1309/486/688 1145/962/1128
f 904/915/1083 1211/797/973 1497/1190/1340
f 1497/1190/1340 1145/962/1128 904/915/1083
f 1489/765/943 1053/709/887 785/766/944
f 1271/768/946 1197/1191/1341 916/769/947
f 916/769/947 1219/1192/1342 1273/767/945
f 1367/675/853 1531/772/950 975/771/949
f 1531/772/950 1295/899/1067 944/770/948
f 1201/1193/1343 1259/1022/1187 763/1194/1344
f 1259/1022/1187 881/1021/1186 763/1194/1344
f 763/1194/1344 1089/1195/1345 1201/1193/1343
f 1196/773/951 1497/1190/1340 1260/796/972
f 920/499/701 1321/498/700 1590/774/952
f 1590/774/952 1201/1193/1343 1089/1195/1345
f 1196/773/951 1260/796/972 920/499/701
f 1590/774/952 1089/1195/1345 1196/773/951
f 1361/1032/1197 1356/1023/1188 1413/808/984
f 1356/1023/1188 1411/781/959 1413/808/984
f 1413/808/984 1411/781/959 998/783/961
f 1411/781/959 1604/1090/1255 1425/782/960
f 1125/598/722 853/592/721 1126/594/781
f 1126/594/781 808/981/1146 1289/1197/1347
f 808/981/1146 912/712/890 1289/1197/1347
f 1289/1197/1347 933/858/971 1097/550/733
f 933/858/971 892/784/716 1097/550/733
f 1125/598/722 1126/594/781 1289/1197/1347
f 1097/550/733 1454/549/720 1125/598/722
f 1117/546/745 840/545/744 1049/548/747
f 1097/550/733 1125/598/722 1289/1197/1347
f 1117/546/745 1049/548/747 850/567/763
f 1049/548/747 1097/550/733 892/784/716
f 850/567/763 1049/548/747 1282/786/962
f 1284/824/999 812/511/713 850/567/763
f 1282/786/962 1049/548/747 892/784/716
f 1284/824/999 850/567/763 1282/786/962
f 1260/796/972 1497/1190/1340 1211/797/973
f 963/612/798 1365/611/797 1579/644/823
f 963/612/798 1579/644/823 1355/1150/1300
f 924/801/977 950/1172/1322 1538/645/824
f 950/1172/1322 1315/1148/1298 1538/645/824
f 1530/802/978 1314/1202/1352 921/1160/1309
f 921/1160/1309 952/1203/1353 1530/802/978
f 952/1203/1353 1320/944/1112 1530/802/978
f 1243/803/979 885/1204/1354 924/801/977
f 1320/944/1112 1243/803/979 1530/802/978
f 1538/645/824 1530/802/978 924/801/977
f 1064/804/980 1016/1205/1355 1431/500/702
f 1001/610/796 1413/808/984 1414/662/840
f 1413/808/984 998/783/961 1416/661/839
f 843/556/752 1050/568/764 1107/552/749
f 1050/568/764 776/509/711 1107/552/749
f 776/509/711 812/511/713 1284/824/999
f 895/835/1007 781/559/755 848/553/750
f 781/559/755 1075/561/757 848/553/750
f 1075/561/757 815/554/751 1108/551/748
f 1075/561/757 1108/551/748 848/553/750
f 937/1207/1357 895/835/1007 848/553/750
f 776/509/711 1284/824/999 1250/1206/1356
f 1250/1206/1356 937/1207/1357 776/509/711
f 937/1207/1357 848/553/750 776/509/711
f 829/810/986 1160/1043/1208 1591/809/985
f 1160/1043/1208 1161/636/816 1169/868/1037
f 1161/636/816 1334/657/835 1333/656/834
f 1161/636/816 1333/656/834 1169/868/1037
f 956/569/765 919/571/767 829/810/986
f 1591/809/985 1332/790/966 956/569/765
f 1160/1043/1208 1169/868/1037 1591/809/985
f 1399/1011/1176 988/1063/1228 1401/1069/1234
f 1401/1069/1234 900/969/1134 1385/958/1124
f 900/969/1134 796/672/850 1600/841/1013
f 796/672/850 1017/674/852 982/840/1012
f 1017/674/852 1379/695/873 982/840/1012
f 982/840/1012 1384/1045/1210 1600/841/1013
f 1399/1011/1176 1401/1069/1234 987/1212/1362
f 900/969/1134 1600/841/1013 1385/958/1124
f 1385/958/1124 987/1212/1362 1401/1069/1234
f 1408/1167/1317 992/1075/1240 1597/844/1016
f 992/1075/1240 1409/842/1014 1597/844/1016
f 1409/842/1014 864/1062/1227 1389/843/1015
f 915/850/1022 1199/1072/1237 1589/851/1023
f 1589/851/1023 1274/1213/1363 1277/852/1024
f 1277/852/1024 1251/1081/1246 915/850/1022
f 752/478/680 875/834/1006 1078/479/681
f 875/834/1006 1253/595/782 1078/479/681
f 1256/788/964 1591/809/985 1333/656/834
f 1531/772/950 1367/675/853 927/872/1040
f 1367/675/853 973/677/855 927/872/1040
f 973/677/855 969/663/841 1543/871/1039
f 969/663/841 907/665/843 1543/871/1039
f 907/665/843 1303/923/1091 1543/871/1039
f 1543/871/1039 1302/922/1090 927/872/1040
f 927/872/1040 1232/897/1065 1531/772/950
f 1393/873/1041 1404/1162/1311 995/874/1042
f 1386/722/900 980/721/899 1388/876/1044
f 974/925/1093 975/771/949 1313/604/790
f 975/771/949 944/770/948 1313/604/790
f 910/879/1047 1294/1132/1289 1522/707/885
f 918/950/1116 897/987/1152 827/881/1049
f 897/987/1152 790/1189/1339 827/881/1049
f 790/1189/1339 1057/759/937 827/881/1049
f 1057/759/937 756/725/903 1035/882/1050
f 1295/899/1067 1524/1175/1325 944/770/948
f 1524/1175/1325 1523/883/1051 944/770/948
f 1523/883/1051 1293/606/792 931/605/791
f 1002/878/1046 1417/1214/1364 1314/1202/1352
f 1417/1214/1364 1548/928/1096 1314/1202/1352
f 1314/1202/1352 1530/802/978 1002/878/1046
f 1530/802/978 1538/645/824 999/489/691
f 999/489/691 997/488/690 1530/802/978
f 927/872/1040 1302/922/1090 1232/897/1065
f 1302/922/1090 1296/895/1063 1232/897/1065
f 922/889/1057 1319/678/856 1374/898/1066
f 1319/678/856 1375/1077/1242 1374/898/1066
f 1295/899/1067 1531/772/950 1232/897/1065
f 1171/900/1068 1479/727/905 1170/990/1155
f 1170/990/1155 827/881/1049 1171/900/1068
f 827/881/1049 1035/882/1050 1478/724/902
f 1262/648/826 1536/1216/1366 1214/880/1048
f 899/659/837 880/972/1137 1016/1205/1355
f 1016/1205/1355 1064/804/980 899/659/837
f 1064/804/980 1558/909/1077 899/659/837
f 995/874/1042 1407/686/864 1397/910/1078
f 1308/911/1079 1537/991/1156 1245/650/828
f 947/814/990 926/816/992 1139/632/813
f 1139/632/813 1138/534/736 947/814/990
f 1138/534/736 1533/913/1081 947/814/990
f 884/848/1020 764/589/778 1039/920/1088
f 1302/922/1090 1543/871/1039 1303/923/1091
f 979/927/1095 1375/1077/1242 1319/678/856
f 1319/678/856 921/1160/1309 1548/928/1096
f 921/1160/1309 1314/1202/1352 1548/928/1096
f 1548/928/1096 1417/1214/1364 979/927/1095
f 1417/1214/1364 1003/1003/1168 979/927/1095
f 998/783/961 1425/782/960 1416/661/839
f 1425/782/960 1004/1087/1252 1424/929/1097
f 1312/930/1098 1307/1030/1195 925/1182/1332
f 888/931/1099 906/1181/1331 966/932/1100
f 1312/930/1098 925/1182/1332 888/931/1099
f 1315/1148/1298 1544/1168/1318 905/664/842
f 1544/1168/1318 1532/933/1101 905/664/842
f 1532/933/1101 1303/923/1091 907/665/843
f 1352/496/698 1195/495/697 896/942/1110
f 1195/495/697 1200/940/1108 896/942/1110
f 1195/495/697 1188/1091/1256 1490/1219/1369
f 1188/1091/1256 871/693/871 1429/955/1121
f 1490/1219/1369 1188/1091/1256 1429/955/1121
f 1395/960/1126 1396/1188/1338 1390/1080/1245
f 1396/1188/1338 1406/688/866 1390/1080/1245
f 1406/688/866 994/1078/1243 1390/1080/1245
f 1390/1080/1245 1601/1079/1244 1395/960/1126
f 1601/1079/1244 1408/1167/1317 1395/960/1126
f 1408/1167/1317 987/1212/1362 1395/960/1126
f 987/1212/1362 1385/958/1124 1395/960/1126
f 1385/958/1124 1600/841/1013 1384/1045/1210
f 1385/958/1124 1384/1045/1210 1383/959/1125
f 1463/637/817 1143/1220/1370 1144/1034/1199
f 1143/1220/1370 1130/961/1127 1145/962/1128
f 1130/961/1127 1457/613/799 856/763/941
f 1457/613/799 1131/614/800 856/763/941
f 1143/1220/1370 1145/962/1128 1144/1034/1199
f 1145/962/1128 1497/1190/1340 1144/1034/1199
f 1558/909/1077 1064/804/980 919/571/767
f 1064/804/980 761/690/868 1037/1165/1314
f 1037/1165/1314 1470/689/867 1160/1043/1208
f 1064/804/980 1037/1165/1314 829/810/986
f 1037/1165/1314 1160/1043/1208 829/810/986
f 1018/976/1141 1435/522/724 1089/1195/1345
f 1089/1195/1345 763/1194/1344 1018/976/1141
f 763/1194/1344 1086/975/1140 1018/976/1141
f 1456/607/793 1129/732/910 808/981/1146
f 808/981/1146 1126/594/781 1453/593/779
f 1158/720/898 796/672/850 1328/967/1132
f 796/672/850 900/969/1134 1328/967/1132
f 1065/651/829 797/506/708 1159/508/710
f 1159/508/710 1158/720/898 955/966/1131
f 1158/720/898 1328/967/1132 955/966/1131
f 1039/920/1088 1467/591/780 1065/651/829
f 1065/651/829 1159/508/710 1329/984/1149
f 1159/508/710 955/966/1131 1329/984/1149
f 1329/984/1149 883/921/1089 1039/920/1088
f 1569/1053/1218 1170/990/1155 880/972/1137
f 1170/990/1155 826/501/703 1085/989/1154
f 1085/989/1154 1431/500/702 1016/1205/1355
f 1016/1205/1355 880/972/1137 1085/989/1154
f 976/937/1105 967/939/1107 1537/991/1156
f 967/939/1107 1366/1084/1249 890/1153/1302
f 1537/991/1156 967/939/1107 890/1153/1302
f 1366/1084/1249 970/1012/1177 1536/1216/1366
f 970/1012/1177 974/925/1093 1313/604/790
f 910/879/1047 970/1012/1177 1294/1132/1289
f 1313/604/790 1294/1132/1289 970/1012/1177
f 910/879/1047 1214/880/1048 1536/1216/1366
f 966/932/1100 976/937/1105 1307/1030/1195
f 970/1012/1177 910/879/1047 1536/1216/1366
f 1536/1216/1366 1262/648/826 890/1153/1302
f 1307/1030/1195 1312/930/1098 966/932/1100
f 1537/991/1156 1308/911/1079 948/992/1157
f 948/992/1157 1307/1030/1195 976/937/1105
f 1366/1084/1249 1536/1216/1366 890/1153/1302
f 890/1153/1302 1245/650/828 1537/991/1156
f 972/997/1162 964/1024/1189 1587/995/1160
f 964/1024/1189 1358/1229/1379 1583/1027/1192
f 1587/995/1160 964/1024/1189 1583/1027/1192
f 1587/995/1160 1373/1026/1191 977/996/1161
f 1377/1004/1169 1372/1001/1166 1578/1000/1165
f 1372/1001/1166 977/996/1161 1371/1002/1167
f 1451/580/717 1118/1123/769 1120/540/741
f 1003/1003/1168 1418/1031/1196 1377/1004/1169
f 945/764/942 856/763/941 1131/614/800
f 1131/614/800 807/599/785 1024/601/787
f 1024/601/787 1455/600/786 1047/1089/1254
f 1096/537/739 772/536/738 1071/586/775
f 1131/614/800 1024/601/787 945/764/942
f 1024/601/787 1047/1089/1254 1263/957/1123
f 945/764/942 1024/601/787 1263/957/1123
f 1047/1089/1254 1096/537/739 932/956/1122
f 1096/537/739 1071/586/775 809/588/777
f 1096/537/739 809/588/777 932/956/1122
f 1299/487/689 945/764/942 1298/1215/1365
f 945/764/942 1263/957/1123 1298/1215/1365
f 1122/587/776 851/538/740 1120/540/741
f 809/588/777 1122/587/776 1120/540/741
f 1120/540/741 1518/1124/1282 913/1005/1170
f 1047/1089/1254 932/956/1122 1263/957/1123
f 809/588/777 1120/540/741 913/1005/1170
f 932/956/1122 809/588/777 913/1005/1170
f 1482/736/914 1060/739/917 759/1007/1172
f 759/1007/1172 1061/1146/1297 1481/733/911
f 877/667/845 898/775/953 1059/1009/1174
f 898/775/953 1347/777/955 1059/1009/1174
f 917/1185/1335 1345/719/897 1178/652/830
f 1347/777/955 917/1185/1335 823/654/832
f 917/1185/1335 1178/652/830 823/654/832
f 1013/1025/1190 1605/1231/1381 877/667/845
f 1347/777/955 823/654/832 1180/1157/1306
f 1059/1009/1174 1013/1025/1190 877/667/845
f 1183/1008/1173 1485/753/931 1059/1009/1174
f 1180/1157/1306 869/748/926 1183/1008/1173
f 1347/777/955 1180/1157/1306 1183/1008/1173
f 1399/1011/1176 987/1212/1362 1389/843/1015
f 987/1212/1362 1408/1167/1317 1389/843/1015
f 1408/1167/1317 1597/844/1016 1389/843/1015
f 1383/959/1125 1384/1045/1210 1592/1014/1179
f 1083/1016/1181 824/735/913 1177/1156/1305
f 1177/1156/1305 868/761/939 1083/1016/1181
f 868/761/939 960/718/896 1083/1016/1181
f 878/640/820 1060/739/917 1083/1016/1181
f 1060/739/917 1482/736/914 1083/1016/1181
f 1013/1025/1190 1059/1009/1174 1485/753/931
f 1371/1002/1167 977/996/1161 1373/1026/1191
f 1373/1026/1191 1587/995/1160 1583/1027/1192
f 948/992/1157 1308/911/1079 1307/1030/1195
f 1308/911/1079 908/912/1080 1213/1029/1194
f 1003/1003/1168 1417/1214/1364 1418/1031/1196
f 1417/1214/1364 1412/750/928 1418/1031/1196
f 1361/1032/1197 1413/808/984 1001/610/796
f 972/997/1162 977/996/1161 1372/1001/1166
f 1586/1057/1222 1354/1056/1221 1000/752/930
f 972/997/1162 1372/1001/1166 1586/1057/1222
f 1411/781/959 964/1024/1189 972/997/1162
f 1005/1019/1184 1421/1086/1251 1604/1090/1255
f 1604/1090/1255 1411/781/959 1586/1057/1222
f 1411/781/959 972/997/1162 1586/1057/1222
f 1586/1057/1222 1000/752/930 1426/751/929
f 962/745/923 1005/1019/1184 1420/746/924
f 1005/1019/1184 1604/1090/1255 1586/1057/1222
f 1426/751/929 1005/1019/1184 1586/1057/1222
f 1144/1034/1199 1497/1190/1340 1020/1033/1198
f 1497/1190/1340 1196/773/951 1020/1033/1198
f 1196/773/951 1089/1195/1345 1020/1033/1198
f 1089/1195/1345 1435/522/724 1020/1033/1198
f 936/1035/1200 1274/1213/1363 1589/851/1023
f 1189/954/1120 871/693/871 1475/877/1045
f 871/693/871 985/692/870 1475/877/1045
f 1322/1040/1205 1590/774/952 1321/498/700
f 1241/1041/1206 1590/774/952 1322/1040/1205
f 1470/689/867 1471/697/875 1161/636/816
f 1240/1044/1209 1591/809/985 1256/788/964
f 1332/790/966 1591/809/985 1240/1044/1209
f 1384/1045/1210 982/840/1012 1379/695/873
f 985/692/870 1382/1166/1315 1593/723/901
f 1593/723/901 1382/1166/1315 984/1046/1211
f 1168/1049/1214 986/1187/1337 1387/1047/1212
f 1387/1047/1212 1398/755/933 1168/1049/1214
f 1398/755/933 991/1050/1215 1168/1049/1214
f 991/1050/1215 996/1164/1313 1405/1163/1312
f 1405/1163/1312 1477/1048/1213 991/1050/1215
f 1383/959/1125 1594/1015/1180 1378/1051/1216
f 1415/490/692 1416/661/839 1424/929/1097
f 959/1055/1220 918/950/1116 827/881/1049
f 827/881/1049 1170/990/1155 959/1055/1220
f 1170/990/1155 1569/1053/1218 959/1055/1220
f 1372/1001/1166 1377/1004/1169 1354/1056/1221
f 1377/1004/1169 1418/1031/1196 1354/1056/1221
f 1418/1031/1196 1000/752/930 1354/1056/1221
f 1012/1058/1223 791/1236/1386 1388/876/1044
f 1595/1059/1224 1388/876/1044 980/721/899
f 963/612/798 1357/1200/1350 1361/1032/1197
f 1357/1200/1350 1584/1060/1225 1361/1032/1197
f 1584/1060/1225 1358/1229/1379 1356/1023/1188
f 1358/1229/1379 964/1024/1189 1356/1023/1188
f 1164/1061/1226 828/504/706 1086/975/1140
f 1086/975/1140 763/1194/1344 1164/1061/1226
f 763/1194/1344 881/1021/1186 1164/1061/1226
f 1013/1025/1190 793/491/693 1165/1184/1334
f 1165/1184/1334 1474/714/892 1164/1061/1226
f 1013/1025/1190 1165/1184/1334 958/780/958
f 958/780/958 1165/1184/1334 1164/1061/1226
f 864/1062/1227 1392/1064/1229 1596/1010/1175
f 988/1063/1228 1399/1011/1176 1596/1010/1175
f 950/1172/1322 924/801/977 885/1204/1354
f 885/1204/1354 1243/803/979 1550/943/1111
f 1550/943/1111 1320/944/1112 952/1203/1353
f 952/1203/1353 921/1160/1309 1225/1159/1308
f 1226/679/857 922/889/1057 951/888/1056
f 1488/669/847 1192/671/849 784/685/863
f 1053/709/887 1489/765/943 753/710/888
f 1489/765/943 1488/669/847 818/1239/1389
f 753/710/888 818/1239/1389 1009/760/938
f 1191/482/684 1428/481/683 872/1240/1390
f 1428/481/683 1009/760/938 1190/1241/1391
f 872/1240/1390 1428/481/683 1190/1241/1391
f 1054/756/934 786/480/682 1191/482/684
f 1487/757/935 1486/681/859 820/1242/1392
f 1486/681/859 1054/756/934 1032/1243/1393
f 1487/757/935 820/1242/1392 1081/758/936
f 1011/726/904 756/725/903 1081/758/936
f 820/1242/1392 1486/681/859 1032/1243/1393
f 1054/756/934 1191/482/684 1079/1244/1394
f 753/710/888 1489/765/943 818/1239/1389
f 1488/669/847 784/685/863 817/1245/1395
f 1011/726/904 1081/758/936 870/1246/1396
f 1171/900/1068 1478/724/902 1011/726/904
f 1034/728/906 1479/727/905 789/1247/1397
f 1479/727/905 1171/900/1068 789/1247/1397
f 1172/502/704 826/501/703 1034/728/906
f 1480/729/907 1431/500/702 865/1248/1398
f 1431/500/702 1172/502/704 865/1248/1398
f 1015/691/869 761/690/868 1084/730/908
f 1084/730/908 1480/729/907 865/1248/1398
f 1171/900/1068 1011/726/904 789/1247/1397
f 1172/502/704 1034/728/906 788/1249/1399
f 865/1248/1398 1172/502/704 788/1249/1399
f 1471/697/875 1470/689/867 1062/1250/1400
f 1470/689/867 1015/691/869 795/1251/1401
f 1062/1250/1400 1470/689/867 1063/1252/1402
f 1014/698/876 1471/697/875 760/1253/1403
f 1174/734/912 794/696/874 1014/698/876
f 1482/736/914 1481/733/911 1175/1066/1231
f 1481/733/911 1174/734/912 1173/1254/1404
f 1175/1066/1231 1481/733/911 1173/1254/1404
f 1033/741/919 824/735/913 1176/737/915
f 1176/737/915 1482/736/914 867/1067/1232
f 1081/758/936 820/1242/1392 870/1246/1396
f 1191/482/684 872/1240/1390 819/1255/1405
f 1200/940/1108 1195/495/697 1490/1219/1369
f 1429/955/1121 1189/954/1120 1185/1085/1250
f 1185/1085/1250 791/1236/1386 1082/1256/1406
f 791/1236/1386 1012/1058/1223 1082/1256/1406
f 1012/1058/1223 1595/1059/1224 757/1257/1407
f 1592/1014/1179 1379/695/873 983/694/1316
f 983/694/1316 1381/1258/1408 1592/1014/1179
f 1381/1258/1408 1380/1259/1409 1594/1015/1180
f 1381/1258/1408 1594/1015/1180 1592/1014/1179
f 1380/1259/1409 981/1257/1414 1594/1015/1180
f 1378/1051/1216 1594/1015/1180 981/1257/1414
f 1179/1155/1304 1483/740/918 1056/1266/1415
f 1483/740/918 1033/741/919 1056/1266/1415
f 1182/749/927 1484/653/831 1055/1267/1416
f 1484/653/831 1179/1155/1304 1055/1267/1416
f 1181/754/932 869/748/926 1182/749/927
f 1430/492/694 1485/753/931 822/1268/1417
f 1485/753/931 1181/754/932 822/1268/1417
f 1058/716/894 793/491/693 1184/493/695
f 1184/493/695 1430/492/694 822/1268/1417
f 1181/754/932 1182/749/927 1055/1267/1416
f 822/1268/1417 1181/754/932 755/1269/1418
f 1036/715/893 1474/714/892 1058/716/894
f 1166/505/707 828/504/706 1036/715/893
f 1018/976/1141 1432/503/705 1167/1270/1419
f 1432/503/705 1166/505/707 1167/1270/1419
f 1151/523/725 1435/522/724 862/1271/1420
f 1435/522/724 1018/976/1141 1150/1272/1421
f 1066/638/818 799/521/723 1151/523/725
f 1143/1220/1370 1463/637/817 1088/1273/1422
f 1463/637/817 1066/638/818 1088/1273/1422
f 1070/1134/1291 1457/613/799 1046/1274/1423
f 1457/613/799 1130/961/1127 1046/1274/1423
f 1128/1130/1287 807/599/785 1070/1134/1291
f 1438/535/737 1455/600/786 854/1275/1424
f 1455/600/786 1128/1130/1287 854/1275/1424
f 1048/1125/1283 772/536/738 1025/1106/1269
f 1025/1106/1269 1438/535/737 854/1275/1424
f 1128/1130/1287 1070/1134/1291 1046/1274/1423
f 854/1275/1424 1128/1130/1287 838/1276/1425
f 1121/1126/1284 1452/585/774 1048/1125/1283
f 1123/1107/1270 851/538/740 1121/1126/1284
f 1451/580/717 1439/539/719 775/1277/1426
f 1439/539/719 1123/1107/1270 775/1277/1426
f 1115/1118/1270 811/575/746 1072/1120/1279
f 1072/1120/1279 1451/580/717 775/1277/1426
f 1115/1118/1270 1072/1120/1279 841/1278/1427
f 1448/573/717 1449/576/719 842/1279/1426
f 1449/576/719 1115/1118/1270 842/1279/1426
f 1114/1109/1270 849/547/746 1112/1117/1279
f 1112/1117/1279 1448/573/717 842/1279/1426
f 1114/1109/1270 1112/1117/1279 778/1280/1427
f 1447/515/717 1441/517/719 779/1281/1426
f 1441/517/719 1114/1109/1270 779/1281/1426
f 1104/1113/1275 814/562/758 1074/1116/1278
f 1074/1116/1278 1447/515/717 779/1281/1426
f 1104/1113/1275 1074/1116/1278 1103/1282/1428
f 1051/557/753 1444/563/759 1103/1282/1428
f 1444/563/759 1104/1113/1275 1103/1282/1428
f 1102/1112/1274 1443/560/756 1101/1283/1429
f 1443/560/756 1052/558/754 1101/1283/1429
f 1029/1110/1272 815/554/751 1102/1112/1274
f 1100/1111/1273 1442/555/730 1029/1110/1272
f 1105/1115/1277 843/556/752 1100/1111/1273
f 1106/565/761 1446/510/712 1105/1115/1277
f 1445/1114/1276 1106/565/761 847/1284/1430
f 1106/565/761 1105/1115/1277 847/1284/1430
f 1105/1115/1277 1100/1111/1273 816/1285/1431
f 847/1284/1430 1105/1115/1277 816/1285/1431
f 1099/1108/1271 1440/544/743 1027/566/762
f 1100/1111/1273 1029/1110/1272 782/1286/1432
f 1099/1108/1271 1027/566/762 777/1287/1433
f 1027/566/762 1445/1114/1276 777/1287/1433
f 1116/1119/1280 840/545/744 1099/1108/1271
f 1454/549/720 1450/579/770 810/1288/1434
f 1450/579/770 1116/1119/1280 810/1288/1434
f 1124/1127/1285 853/592/721 1127/1129/1265
f 1127/1129/1265 1454/549/720 810/1288/1434
f 1116/1119/1280 1099/1108/1271 813/1289/1435
f 1100/1111/1273 782/1286/1432 816/1285/1431
f 1029/1110/1272 1102/1112/1274 1101/1283/1429
f 782/1286/1432 1029/1110/1272 846/1290/1436
f 1124/1127/1285 1127/1129/1265 1098/1291/1437
f 1456/607/793 1453/593/779 1095/1292/1438
f 1453/593/779 1124/1127/1285 1098/1291/1437
f 1095/1292/1438 1453/593/779 1098/1291/1437
f 1069/1137/1266 770/608/794 1045/1133/1290
f 1045/1133/1290 1456/607/793 837/1293/1439
f 1069/1137/1266 1045/1133/1290 855/1294/1431
f 1456/607/793 1095/1292/1438 837/1293/1439
f 1135/1138/1273 1459/620/730 1069/1137/1266
f 1132/1135/1266 858/615/729 1135/1138/1273
f 1044/1136/1273 1458/616/730 1132/1135/1266
f 1068/1144/1296 769/618/802 1044/1136/1273
f 1437/532/734 1461/630/811 803/1295/1440
f 1461/630/811 1068/1144/1296 803/1295/1440
f 1136/1139/1292 834/533/735 1093/1105/1268
f 1093/1105/1268 1437/532/734 803/1295/1440
f 1068/1144/1296 1044/1136/1273 857/1296/1431
f 1044/1136/1273 1132/1135/1266 836/1297/1432
f 1132/1135/1266 1135/1138/1273 771/1298/1431
f 1135/1138/1273 1069/1137/1266 806/1299/1432
f 1044/1136/1273 836/1297/1432 857/1296/1431
f 803/1295/1440 1068/1144/1296 857/1296/1431
f 1137/1140/1273 1460/626/730 1136/1139/1292
f 1135/1138/1273 806/1299/1432 771/1298/1431
f 1074/1116/1278 779/1281/1426 845/1300/1441
f 1112/1117/1279 842/1279/1426 778/1280/1427
f 779/1281/1426 1114/1109/1270 778/1280/1427
f 1021/1103/1266 801/527/729 1137/1140/1273
f 1091/1104/1267 1436/528/730 1021/1103/1266
f 1140/1145/1280 833/529/731 1091/1104/1267
f 1465/542/720 1462/633/770 800/1301/1434
f 1462/633/770 1140/1145/1280 800/1301/1434
f 1146/1147/1280 861/642/822 1149/1151/1301
f 1149/1151/1301 1465/542/720 800/1301/1434
f 1146/1147/1280 1149/1151/1301 766/1302/1435
f 1434/518/720 1464/643/770 765/1303/1434
f 1464/643/770 1146/1147/1280 765/1303/1434
f 1152/1152/1285 831/519/721 1087/1102/1265
f 1087/1102/1265 1434/518/720 765/1303/1434
f 1152/1152/1285 1087/1102/1265 1153/1304/1437
f 1467/591/780 1466/590/779 1157/1305/1442
f 1466/590/779 1152/1152/1285 1153/1304/1437
f 1467/591/780 1157/1305/1442 863/1306/1443
f 1019/1093/1258 797/506/708 1156/1154/1303
f 1156/1154/1303 1467/591/780 863/1306/1443
f 1087/1102/1265 765/1303/1434 798/1307/1444
f 1149/1151/1301 800/1301/1434 766/1302/1435
f 765/1303/1434 1146/1147/1280 766/1302/1435
f 1019/1093/1258 1156/1154/1303 1040/1308/1445
f 1157/1305/1442 1466/590/779 1153/1304/1437
f 1468/673/851 1433/507/709 1038/1309/1446
f 1433/507/709 1019/1093/1258 1040/1308/1445
f 1038/1309/1446 1433/507/709 1040/1308/1445
f 762/694/872 1017/674/852 1038/1309/1446
f 1017/674/852 1468/673/851 1038/1309/1446
f 830/1310/1447 1040/1308/1445 1156/1154/1303
f 830/1310/1447 1156/1154/1303 863/1306/1443
f 798/1307/1444 1153/1304/1437 1087/1102/1265
f 768/1311/1432 802/1312/1435 1091/1104/1267
f 802/1312/1435 800/1301/1434 1140/1145/1280
f 859/1313/1432 835/1314/1431 1137/1140/1273
f 835/1314/1431 768/1311/1432 1021/1103/1266
f 803/1295/1440 804/1315/1448 1093/1105/1268
f 804/1315/1448 859/1313/1432 1136/1139/1292
f 1093/1105/1268 804/1315/1448 1136/1139/1292
f 771/1298/1431 836/1297/1432 1132/1135/1266
f 837/1293/1439 855/1294/1431 1045/1133/1290
f 855/1294/1431 806/1299/1432 1069/1137/1266
f 773/1316/1444 1098/1291/1437 1127/1129/1265
f 810/1288/1434 773/1316/1444 1127/1129/1265
f 777/1287/1433 813/1289/1435 1099/1108/1271
f 813/1289/1435 810/1288/1434 1116/1119/1280
f 847/1284/1430 844/1317/1449 1445/1114/1276
f 844/1317/1449 777/1287/1433 1445/1114/1276
f 1101/1283/1429 846/1290/1436 1029/1110/1272
f 845/1300/1441 1103/1282/1428 1074/1116/1278
f 1103/1282/1428 1101/1283/1429 1052/558/754
f 775/1277/1426 841/1278/1427 1072/1120/1279
f 841/1278/1427 842/1279/1426 1115/1118/1270
f 839/1318/1450 774/1319/1427 1121/1126/1284
f 774/1319/1427 775/1277/1426 1123/1107/1270
f 854/1275/1424 852/1320/1451 1025/1106/1269
f 852/1320/1451 839/1318/1450 1048/1125/1283
f 1025/1106/1269 852/1320/1451 1048/1125/1283
f 1046/1274/1423 838/1276/1425 1128/1130/1287
f 832/1321/1452 1088/1273/1422 1151/523/725
f 1088/1273/1422 1046/1274/1423 1143/1220/1370
f 835/1314/1431 1021/1103/1266 1137/1140/1273
f 802/1312/1435 1140/1145/1280 1091/1104/1267
f 792/1322/1453 1167/1270/1419 1036/715/893
f 1167/1270/1419 1150/1272/1421 1018/976/1141
f 822/1268/1417 821/1323/1454 1184/493/695
f 821/1323/1454 758/1324/1455 1058/716/894
f 1184/493/695 821/1323/1454 1058/716/894
f 768/1311/1432 1091/1104/1267 1021/1103/1266
f 1137/1140/1273 1136/1139/1292 859/1313/1432
f 1435/522/724 1150/1272/1421 862/1271/1420
f 1055/1267/1416 755/1269/1418 1181/754/932
f 787/1325/1456 1056/1266/1415 1176/737/915
f 1056/1266/1415 1055/1267/1416 1179/1155/1304
f 825/1326/1457 1173/1254/1404 1014/698/876
f 865/1248/1398 866/1327/1458 1084/730/908
f 866/1327/1458 795/1251/1401 1015/691/869
f 1084/730/908 866/1327/1458 1015/691/869
f 789/1247/1397 788/1249/1399 1034/728/906
f 870/1246/1396 789/1247/1397 1011/726/904
f 819/1255/1405 1079/1244/1394 1191/482/684
f 1079/1244/1394 1032/1243/1393 1054/756/934
f 873/1328/1459 1194/1329/1460 1009/760/938
f 1194/1329/1460 1190/1241/1391 1009/760/938
f 818/1239/1389 873/1328/1459 1009/760/938
f 817/1245/1395 818/1239/1389 1488/669/847
f 1378/1051/1216 981/1257/1414 757/1257/1407
f 1595/1059/1224 1378/1051/1216 757/1257/1407
f 1012/1058/1223 757/1257/1407 1082/1256/1406
f 1103/1282/1428 1052/558/754 1051/557/753
f 1185/1085/1250 1082/1256/1406 1429/955/1121
f 1429/955/1121 1082/1256/1406 1490/1219/1369
f 774/1319/1427 1123/1107/1270 1121/1126/1284
f 839/1318/1450 1121/1126/1284 1048/1125/1283
f 1200/940/1108 1030/1260/1410 1353/941/1109
f 1076/596/783 1252/1128/1286 1202/1265/1413
f 1046/1274/1423 1130/961/1127 1143/1220/1370
f 1088/1273/1422 1066/638/818 1151/523/725
f 862/1271/1420 832/1321/1452 1151/523/725
f 795/1251/1401 1063/1252/1402 1470/689/867
f 1167/1270/1419 1166/505/707 1036/715/893
f 758/1324/1455 792/1322/1453 1036/715/893
f 758/1324/1455 1036/715/893 1058/716/894
f 1471/697/875 1062/1250/1400 760/1253/1403
f 1174/734/912 1014/698/876 1173/1254/1404
f 1014/698/876 760/1253/1403 825/1326/1457
f 1056/1266/1415 1033/741/919 1176/737/915
f 867/1067/1232 787/1325/1456 1176/737/915
f 1341/1068/1233 900/969/1134 1401/1069/1234
f 1598/1070/1235 1401/1069/1234 988/1063/1228
f 1251/1081/1246 894/1083/1248 780/1071/1236
f 781/559/755 895/835/1007 1197/1191/1341
f 895/835/1007 1219/1192/1342 1197/1191/1341
f 1219/1192/1342 916/769/947 1197/1191/1341
f 1197/1191/1341 1271/768/946 1266/1036/1201
f 1271/768/946 936/1035/1200 1266/1036/1201
f 1266/1036/1201 1589/851/1023 1199/1072/1237
f 915/850/1022 1251/1081/1246 1199/1072/1237
f 1251/1081/1246 780/1071/1236 1199/1072/1237
f 1197/1191/1341 1266/1036/1201 781/559/755
f 1266/1036/1201 1199/1072/1237 781/559/755
f 1391/1073/1238 864/1062/1227 1409/842/1014
f 1599/1074/1239 1409/842/1014 992/1075/1240
f 1259/1022/1187 1201/1193/1343 1590/774/952
f 1590/774/952 1241/1041/1206 1259/1022/1187
f 1403/704/882 993/703/881 1599/1074/1239
f 993/703/881 1404/1162/1311 1599/1074/1239
f 1393/873/1041 989/875/1043 1394/1065/1230
f 1404/1162/1311 1393/873/1041 1599/1074/1239
f 1391/1073/1238 1599/1074/1239 1393/873/1041
f 1392/1064/1229 864/1062/1227 1391/1073/1238
f 1341/1068/1233 1598/1070/1235 1393/873/1041
f 1598/1070/1235 1392/1064/1229 1391/1073/1238
f 1472/701/879 1351/699/877 1341/1068/1233
f 1393/873/1041 1394/1065/1230 1472/701/879
f 1598/1070/1235 1391/1073/1238 1393/873/1041
f 979/927/1095 1377/1004/1169 1578/1000/1165
f 994/1078/1243 1402/687/865 1601/1079/1244
f 791/1236/1386 1185/1085/1250 1388/876/1044
f 1185/1085/1250 1189/954/1120 1475/877/1045
f 1412/750/928 1417/1214/1364 1002/878/1046
f 1455/600/786 1438/535/737 1096/537/739
f 1004/1087/1252 1425/782/960 1604/1090/1255
f 958/780/958 1605/1231/1381 1013/1025/1190
f 435/10/152 436/7/149 749/172/321
f 584/162/309 741/475/559 740/180/329
f 463/312/479 661/401/573 747/313/480
f 745/400/572 744/427/602 661/401/573
f 309/149/295 736/451/632 737/473/677
f 738/450/631 742/241/392 739/474/678
f 737/473/677 736/451/632 739/474/678
f 741/388/559 584/162/309 481/163/310
f 742/241/392 738/450/631 376/372/542
f 742/241/392 481/163/310 483/91/633
f 744/427/602 480/295/465 298/143/481
f 746/366/591 374/257/464 480/295/465
f 670/253/406 479/127/270 472/456/671
f 479/127/270 664/333/501 288/455/670
f 654/77/530 470/453/637 484/453/651
