# Blender 4.5.2 LTS
# www.blender.org
mtllib roads.mtl
o road
v -33.277664 2.880190 -348.835205
v -50.567696 2.591362 -340.081177
v -49.400352 2.591362 -351.891663
v -34.694927 2.591362 -338.195190
v -33.127934 2.591362 -349.959290
v -49.511894 2.880191 -350.763153
v -50.456154 2.880190 -341.209686
v -49.479351 2.880191 -351.092407
v -34.588882 2.880190 -338.991302
v -50.488701 2.880190 -340.880432
v -34.545197 2.880190 -339.319244
v -17.066891 2.880191 -346.814087
v -33.233978 2.880189 -349.163177
v -2.852950 2.880190 -334.298645
v -18.838501 2.591363 -335.891968
v -16.938293 2.591363 -347.606934
v -17.119862 2.880191 -346.487549
v -18.656929 2.880190 -337.011353
v -2.915914 2.880189 -333.973846
v -18.709904 2.880190 -336.684814
v -3.068763 2.591361 -333.185364
v -0.810185 2.591364 -344.836487
v 15.215942 2.591364 -341.375854
v -1.025997 2.880191 -343.723206
v 15.036016 2.880191 -340.593079
v -0.963035 2.880191 -344.048004
v 12.737185 2.880190 -330.592194
v 12.557259 2.591362 -329.809448
v 31.154766 2.591366 -337.543915
v 14.961900 2.880191 -340.270630
v 12.811302 2.880190 -330.914642
v 30.947071 2.880193 -336.768066
v 28.293427 2.880190 -326.855408
v 46.569038 2.880193 -331.822510
v 28.085732 2.591362 -326.079559
v 30.861511 2.880193 -336.448456
v 28.378984 2.880189 -327.175018
v 46.666737 2.880193 -332.138611
v 43.636536 2.880190 -322.334503
v 62.153374 2.880193 -326.813324
v 58.959206 2.880191 -317.760284
v 43.399368 2.591362 -321.567139
v 46.903904 2.591365 -332.905975
v 58.581890 2.591363 -316.690887
v 43.734234 2.880190 -322.650604
v 69.731094 2.880190 -313.615021
v 62.530693 2.591365 -327.882721
v 68.813667 2.591362 -312.916595
v 72.868927 2.591365 -323.921997
v 62.263454 2.880192 -327.125336
v 58.849125 2.880191 -317.448273
v 93.046936 2.591367 -315.655884
v 72.461441 2.880194 -322.863922
v 72.580322 2.880194 -323.172607
v 69.433075 2.880190 -313.463440
v 107.349014 2.880195 -307.462372
v 102.988220 2.880191 -298.909973
v 88.152206 2.591363 -304.844208
v 107.864136 2.591368 -308.472656
v 92.579239 2.880194 -314.622803
v 88.619919 2.880191 -305.877289
v 92.715683 2.880194 -314.924194
v 102.837936 2.880191 -298.615234
v 88.483459 2.880191 -305.575897
v 121.806473 2.880193 -299.707611
v 102.473099 2.591364 -297.899689
v 122.369705 2.591366 -300.691864
v 121.970795 2.880193 -299.994751
v 107.499298 2.880195 -307.757111
v 135.875565 2.880195 -291.215363
v 116.475128 2.591364 -290.391174
v 130.080643 2.591365 -282.179993
v 136.487778 2.591367 -292.169922
v 117.038361 2.880193 -291.375427
v 116.874039 2.880192 -291.088257
v 143.840012 2.880192 -274.157410
v 143.178421 2.591365 -273.236359
v 150.102203 2.591368 -282.875427
v 130.692856 2.880193 -283.134552
v 149.633636 2.880197 -282.223114
v 136.054184 2.880195 -291.493866
v 130.514236 2.880193 -282.856079
v 163.341064 2.591371 -273.006042
v 149.440613 2.880197 -281.954376
v 162.837860 2.880198 -272.380066
v 143.646988 2.880192 -273.888672
v 155.905319 2.591366 -263.756165
v 162.630569 2.880198 -272.122192
v 156.615829 2.880194 -264.639984
v 168.397766 2.880194 -253.960327
v 156.408539 2.880193 -264.382141
v 187.168503 2.880199 -250.196991
v 180.345963 2.880196 -243.443237
v 167.860138 2.591367 -253.363663
v 175.804565 2.591371 -262.180481
v 179.540039 2.591368 -242.645447
v 175.045456 2.880198 -261.338013
v 168.619247 2.880195 -254.206116
v 175.266937 2.880198 -261.583801
v 187.974426 2.591372 -250.994766
v 199.027374 2.591373 -238.703094
v 187.403641 2.880199 -250.429733
v 180.110825 2.880195 -243.210495
v 208.954025 2.880200 -225.504044
v 190.118668 2.591370 -230.861832
v 198.176117 2.880200 -237.953857
v 190.969910 2.880198 -231.611084
v 209.214783 2.880201 -225.707687
v 198.424484 2.880199 -238.172424
v 190.721542 2.880198 -231.392502
v 218.433121 2.880201 -212.030518
v 200.494034 2.591371 -218.897430
v 209.847794 2.591373 -226.202026
v 219.366425 2.591373 -212.674652
v 201.387802 2.880198 -219.595398
v 201.127045 2.880198 -219.391769
v 227.567764 2.880202 -198.342987
v 209.598785 2.591371 -205.933487
v 228.537216 2.591375 -198.931351
v 210.532104 2.880198 -206.577637
v 218.705414 2.880201 -212.218445
v 210.259811 2.880199 -206.389709
v 235.516663 2.880204 -183.921539
v 227.037277 2.880201 -179.420471
v 218.391525 2.591372 -192.773834
v 219.360977 2.880200 -193.362198
v 227.850601 2.880202 -198.514648
v 219.078140 2.880200 -193.190552
v 242.914978 2.880203 -169.268204
v 226.035614 2.591372 -178.888763
v 236.518326 2.591377 -184.453247
v 233.189667 2.591375 -164.725388
v 243.942444 2.591376 -169.748138
v 243.214767 2.880204 -169.408218
v 235.808899 2.880205 -184.076660
v 233.917343 2.880203 -165.065308
v 226.745041 2.880200 -179.265335
v 240.386154 2.880202 -150.433411
v 239.341171 2.591375 -149.992935
v 234.217133 2.880203 -165.205322
v 250.277359 2.591379 -154.602722
v 245.290634 2.591376 -135.100113
v 249.232391 2.880206 -154.162262
v 255.592697 2.880208 -139.137329
v 249.537247 2.880205 -154.290771
v 240.081284 2.880202 -150.304901
v 251.973495 2.880206 -120.361282
v 256.340485 2.591379 -139.430389
v 261.989716 2.591381 -124.220581
v 255.284653 2.880208 -139.016617
v 246.346481 2.880205 -135.513870
v 251.664780 2.880205 -120.242325
v 246.038437 2.880205 -135.393158
v 266.894806 2.880208 -108.855118
v 250.915329 2.591377 -119.953568
v 260.931549 2.880209 -123.812866
v 261.240265 2.880208 -123.931808
v 257.695343 2.880206 -105.114456
v 273.109680 2.880211 -93.989471
v 264.276886 2.880209 -90.228943
v 256.951355 2.591378 -104.811935
v 267.945282 2.591381 -109.282257
v 263.233459 2.591380 -89.784714
v 274.153076 2.591383 -94.433701
v 258.001831 2.880206 -105.239090
v 267.201294 2.880208 -108.979736
v 279.531952 2.880211 -79.130508
v 273.414093 2.880210 -94.119080
v 263.972473 2.880209 -90.099335
v 285.719147 2.880212 -63.748165
v 269.658722 2.591381 -74.918793
v 280.575043 2.591383 -79.575455
v 286.795074 2.591385 -64.106369
v 270.701813 2.880209 -75.363739
v 279.836273 2.880211 -79.260315
v 276.296753 2.880211 -60.611221
v 270.397491 2.880209 -75.233932
v 275.534698 2.591383 -60.357521
v 276.610626 2.880211 -60.715729
v 288.918030 2.880213 -46.030838
v 286.033020 2.880212 -63.852669
v 274.669708 2.880213 -33.102692
v 277.882416 2.591383 -46.834778
v 289.719086 2.591385 -45.972488
v 273.643341 2.591384 -33.584961
v 284.384705 2.591388 -28.537788
v 288.588043 2.880213 -46.054886
v 279.013458 2.880211 -46.752380
v 278.683472 2.880211 -46.776413
v 267.013092 2.880213 -19.686508
v 283.358337 2.880216 -29.020058
v 283.657776 2.880216 -28.879356
v 274.370270 2.880212 -33.243393
v 264.806763 2.880217 -0.922211
v 257.699677 2.880213 -7.375893
v 266.070221 2.591386 -20.316589
v 275.937714 2.591389 -13.722427
v 256.860168 2.591385 -8.138245
v 265.646271 2.591390 -0.159859
v 274.994873 2.880216 -14.352516
v 265.051697 2.880217 -0.699799
v 275.269928 2.880216 -14.168686
v 266.738007 2.880213 -19.870331
v 252.260910 2.880218 10.526962
v 257.454742 2.880213 -7.598312
v 238.120087 2.880219 19.703644
v 245.688812 2.591386 2.040115
v 252.955215 2.591390 11.423584
v 238.676987 2.591393 20.691498
v 246.383118 2.880214 2.936722
v 238.282562 2.880219 19.991852
v 252.463470 2.880218 10.788559
v 246.180557 2.880214 2.675140
v 219.280457 2.880216 18.218109
v 232.848679 2.591388 10.353165
v 233.405579 2.880216 11.341019
v 223.296188 2.880220 27.300827
v 233.243103 2.880216 11.052811
v 204.458115 2.880217 24.206177
v 218.821884 2.591388 17.180939
v 223.620956 2.591393 28.035400
v 204.043472 2.591389 23.150696
v 223.162399 2.880220 26.998230
v 208.089371 2.880220 33.449341
v 204.337143 2.880217 23.898239
v 219.146667 2.880216 17.915512
v 192.930588 2.880220 38.956100
v 189.293594 2.880217 30.071716
v 208.383041 2.591393 34.196884
v 193.360199 2.591393 40.005585
v 207.968384 2.880219 33.141388
v 178.445969 2.880221 45.332596
v 188.863983 2.591388 29.022232
v 193.055923 2.880220 39.262299
v 174.005707 2.880218 36.449707
v 189.168259 2.880217 29.765533
v 173.646591 2.591389 35.731293
v 178.953018 2.591393 46.346939
v 158.970398 2.591389 44.228043
v 174.153641 2.880218 36.745636
v 165.187729 2.880221 53.380951
v 178.593918 2.880221 45.628540
v 159.421692 2.880217 44.892426
v 153.096390 2.880222 62.738007
v 165.639023 2.591394 54.045349
v 145.624741 2.591391 55.031311
v 165.001831 2.880221 53.107269
v 159.607590 2.880217 45.166107
v 153.326691 2.880222 62.975555
v 146.183792 2.880219 55.607956
v 135.387573 2.880221 68.752808
v 153.885742 2.591394 63.552200
v 146.414093 2.880219 55.845490
v 135.119049 2.880221 68.559509
v 126.716385 2.880222 83.163025
v 134.467209 2.591393 68.090271
v 144.099182 2.591395 75.023941
v 136.213974 2.591396 88.164581
v 143.178818 2.880222 74.361420
v 135.503296 2.880223 87.790344
v 143.447342 2.880222 74.554718
v 126.423660 2.880222 83.008865
v 125.712997 2.591394 82.634628
v 129.623001 2.591398 102.191376
v 135.210556 2.880223 87.636185
v 128.874527 2.880225 101.900085
v 119.311462 2.880222 98.178482
v 123.859955 2.880226 116.518173
v 118.562973 2.591394 97.887207
v 113.397644 2.591396 114.118347
v 128.566193 2.880225 101.780090
v 119.619781 2.880222 98.298477
v 112.342102 2.880225 131.314911
v 124.965271 2.591398 116.771713
v 111.208633 2.591397 131.279938
v 123.070999 2.591399 131.646088
v 114.502945 2.880224 114.371887
v 122.268219 2.880227 131.621307
v 124.182434 2.880225 116.592148
v 114.180481 2.880224 114.297913
v 113.655914 2.880227 148.377533
v 124.231995 2.591400 146.542999
v 121.937531 2.880226 131.611115
v 112.011414 2.880225 131.304718
v 126.981522 2.880228 161.823334
v 117.798843 2.880228 164.623138
v 112.538589 2.591399 148.571381
v 116.714127 2.591400 164.953857
v 123.114655 2.880228 146.736786
v 127.297989 2.880228 161.726837
v 123.440643 2.880228 146.680267
v 117.482376 2.880227 164.719635
v 113.329926 2.880227 148.434113
v 131.924789 2.880230 177.380157
v 122.667953 2.880229 179.923981
v 128.066238 2.591401 161.492645
v 121.574478 2.591402 180.224457
v 122.348938 2.880229 180.011627
v 135.386246 2.880230 193.955109
v 125.840591 2.880230 194.975250
v 133.018265 2.591402 177.079651
v 136.513840 2.591403 193.834625
v 135.715240 2.880230 193.919952
v 132.243805 2.880230 177.292480
v 135.237961 2.880232 211.131561
v 124.712997 2.591403 195.095734
v 136.364929 2.591405 211.257843
v 135.566742 2.880233 211.168427
v 125.511612 2.880230 195.010406
v 131.615005 2.880233 227.801422
v 122.456894 2.880232 224.922394
v 124.570679 2.591403 209.936432
v 121.375076 2.591404 224.582245
v 132.696823 2.591406 228.141541
v 125.697632 2.880231 210.062683
v 131.930618 2.880233 227.900665
v 122.141266 2.880232 224.823151
v 125.368851 2.880231 210.025848
v 125.005692 2.880235 243.681488
v 116.706894 2.880233 238.855499
v 115.726578 2.591406 238.285431
v 125.291702 2.880235 243.847809
v 116.420883 2.880233 238.689178
v 114.442596 2.880236 257.350677
v 125.986008 2.591407 244.251556
v 106.709976 2.591405 249.905853
v 115.259521 2.591409 258.137207
v 101.305099 2.880237 268.346985
v 95.890533 2.880235 260.419647
v 95.250931 2.591408 259.483215
v 107.526901 2.880234 250.692413
v 101.491714 2.880237 268.620178
v 114.680923 2.880237 257.580139
v 95.703934 2.880235 260.146454
v 107.288559 2.880234 250.462921
v 82.517883 2.880235 267.917175
v 101.944717 2.591410 269.283417
v 82.048233 2.591407 266.884949
v 86.963287 2.591410 277.687408
v 82.380859 2.880235 267.616028
v 67.677071 2.591408 272.045959
v 86.493744 2.880237 276.655151
v 86.630753 2.880237 276.956299
v 67.895325 2.880236 272.818909
v 52.865337 2.880236 276.328583
v 70.902237 2.591409 283.467377
v 52.723114 2.591408 275.203552
v 54.211582 2.591411 286.977844
v 70.594070 2.880237 282.376038
v 67.985321 2.880236 273.137299
v 54.110847 2.880239 286.181030
v 70.683983 2.880237 282.694427
v 52.823845 2.880236 276.000366
v 27.301041 2.880233 284.899170
v 27.245274 2.591411 286.031830
v 54.069664 2.880238 285.852753
v 27.284771 2.880238 285.229614
v -0.909843 2.880233 278.667542
v 1.807281 2.880233 269.460083
v 27.829021 2.591408 274.178162
v -1.230807 2.591410 279.755188
v 27.773254 2.880233 275.310791
v -1.003486 2.880237 278.984863
v 27.789524 2.880236 274.980347
v -16.281246 2.880233 272.584503
v -16.398113 2.880237 272.894043
v 1.901006 2.880237 269.142822
v -12.489636 2.591407 262.542511
v -16.681717 2.591410 273.645477
v -12.890198 2.880233 263.603424
v -12.773332 2.880235 263.293884
v -183.933563 2.880233 195.382507
v -180.001236 2.880233 186.624207
v -179.536850 2.591402 185.590271
v -184.398041 2.591402 196.417023
v -184.069061 2.880230 195.684357
v -179.865829 2.880229 186.322968
v -198.885117 2.880230 188.265472
v -193.729294 2.591402 178.850769
v -199.429825 2.591402 189.260101
v -217.577408 2.880227 168.066040
v -216.926407 2.591399 167.137482
v -194.273987 2.880229 179.845398
v -199.044037 2.880230 188.555634
v -217.387466 2.880227 167.795135
v -194.115082 2.880229 179.555206
v -242.859299 2.880228 162.767181
v -236.677261 2.880228 155.422577
v -223.739166 2.591401 176.855347
v -235.947021 2.591400 154.555023
v -223.088165 2.880229 175.926788
v -223.278107 2.880229 176.197693
v -236.464233 2.880228 155.169464
v -258.455902 2.880227 150.955536
v -243.589493 2.591400 163.634827
v -250.934341 2.591398 143.297516
v -259.250519 2.591400 151.764557
v -258.687744 2.880227 151.191559
v -243.072281 2.880228 163.020355
v -251.497116 2.880226 143.870514
v -262.647980 2.880225 132.599762
v -261.800568 2.591397 131.846161
v -270.668976 2.591400 139.732941
v -251.728836 2.880227 144.106659
v -280.362183 2.880227 126.312668
v -272.814667 2.880224 120.380127
v -281.253723 2.591398 127.013458
v -269.821594 2.880228 138.979340
v -270.068848 2.880228 139.199188
v -272.554565 2.880224 120.175674
v -262.400726 2.880225 132.379913
v -282.287506 2.880224 107.583832
v -271.923035 2.591396 119.679413
v -291.080872 2.591398 113.739807
v -290.422913 2.880224 113.279190
v -280.622223 2.880225 126.517212
v -299.229614 2.880223 99.393051
v -291.095581 2.880222 94.294250
v -281.358429 2.591395 106.933548
v -290.134735 2.591395 93.691956
v -290.151794 2.880224 113.089539
v -299.509918 2.880225 99.568771
v -290.815247 2.880222 94.118530
v -282.016388 2.880223 107.394165
v -307.647217 2.880222 85.288834
v -300.190338 2.591397 99.995483
v -298.283356 2.591394 80.041260
v -298.983978 2.880222 80.433899
v -315.430206 2.880221 70.719940
v -308.636383 2.591394 85.843307
v -305.731445 2.591392 66.120743
v -316.454865 2.591394 71.205826
v -299.272522 2.880222 80.595734
v -315.729156 2.880221 70.861694
v -307.935760 2.880222 85.450653
v -306.457153 2.880220 66.464874
v -311.720184 2.591390 51.627747
v -322.834595 2.591394 55.789505
v -306.756073 2.880220 66.606720
v -322.082428 2.880221 55.507858
v -312.472351 2.880218 51.909393
v -326.966705 2.880219 39.668304
v -328.058746 2.591392 39.973892
v -321.772552 2.880222 55.391983
v -312.782166 2.880219 52.025543
v -327.285309 2.880219 39.757446
v -321.428650 2.880217 21.736496
v -316.629791 2.591390 36.775772
v -317.721832 2.880218 37.081360
v -321.103668 2.880217 21.674500
v -317.403229 2.880218 36.992218
v -320.314728 2.591389 21.524124
v -331.972565 2.591391 23.747665
v -334.192871 2.591390 7.318130
v -330.858673 2.880218 23.535202
v -331.183624 2.880218 23.597183
v -323.209076 2.880216 5.981140
v -325.068573 2.880214 -9.786812
v -322.411804 2.591388 5.884094
v -333.067169 2.880218 7.181107
v -323.537506 2.880216 6.021118
v -333.395599 2.880218 7.221085
v -324.738312 2.880214 -9.806488
v -325.452850 2.880213 -25.727921
v -323.936554 2.591387 -9.854111
v -335.783600 2.591388 -9.148239
v -324.318878 2.591385 -25.737434
v -336.186493 2.591387 -25.637840
v -334.651581 2.880215 -9.215691
v -334.981842 2.880216 -9.196014
v -334.755585 2.880213 -42.043861
v -325.162384 2.880212 -41.683029
v -324.029175 2.591384 -41.640411
v -335.888794 2.591386 -42.086487
v -335.052521 2.880214 -25.647263
v -335.383331 2.880214 -25.644485
v -325.122009 2.880213 -25.730598
v -333.853821 2.880214 -58.409424
v -334.984283 2.591385 -58.499054
v -335.086212 2.880214 -42.056145
v -324.831787 2.880211 -41.670456
v -323.153381 2.591383 -57.561028
v -324.283844 2.880211 -57.650658
v -334.183624 2.880213 -58.435577
v -323.954041 2.880211 -57.624512
v -321.448425 2.591382 -73.437241
v -333.237091 2.591383 -74.807388
v -332.110657 2.880210 -74.676468
v -322.574860 2.880208 -73.568161
v -332.439301 2.880211 -74.714661
v -322.246246 2.880209 -73.529968
v -317.753082 2.880207 -105.253464
v -319.498108 2.591381 -89.300644
v -331.231476 2.591383 -91.083603
v -316.637787 2.591379 -105.048248
v -330.110321 2.880210 -90.913223
v -320.619263 2.880209 -89.471024
v -327.519928 2.880209 -107.050705
v -330.437408 2.880211 -90.962936
v -317.427704 2.880207 -105.193588
v -320.292145 2.880209 -89.421310
v -324.116302 2.880208 -123.033768
v -314.732605 2.880206 -121.007278
v -328.309845 2.591381 -107.195969
v -325.224762 2.591380 -123.273148
v -327.194580 2.880208 -106.990738
v -320.310699 2.880205 -138.913788
v -313.624176 2.591378 -120.767776
v -309.888336 2.591378 -136.345993
v -321.411774 2.591378 -139.185059
v -324.439728 2.880208 -123.103470
v -310.668152 2.880205 -136.538116
v -314.409241 2.880206 -120.937317
v -316.231323 2.880204 -154.720306
v -306.979858 2.880204 -152.156998
v -305.886993 2.591376 -151.854202
v -317.324158 2.591377 -155.023102
v -310.989410 2.880205 -136.617264
v -316.550140 2.880204 -154.808655
v -320.631927 2.880205 -138.992935
v -306.661041 2.880203 -152.068665
v -306.575409 2.880203 -185.911072
v -297.487427 2.880201 -182.817841
v -301.368378 2.591374 -167.225937
v -312.710724 2.591376 -170.718948
v -296.413879 2.591374 -182.452454
v -311.626953 2.880203 -170.385193
v -302.452148 2.880202 -167.559692
v -306.888611 2.880202 -186.017685
v -311.943146 2.880203 -170.482559
v -302.135956 2.880203 -167.462326
v -301.191223 2.880202 -201.333130
v -292.199982 2.880200 -197.969040
v -307.648956 2.591376 -186.276367
v -291.137848 2.591373 -197.571655
v -302.253326 2.591374 -201.730515
v -301.501129 2.880202 -201.449066
v -291.890076 2.880200 -197.853088
v -297.174225 2.880201 -182.711121
v -285.187500 2.591371 -212.412964
v -279.959717 2.880198 -227.561859
v -296.157166 2.591372 -216.942474
v -289.713745 2.591372 -232.042725
v -295.108978 2.880199 -216.509689
v -286.235626 2.880199 -212.845871
v -295.414795 2.880199 -216.635956
v -285.929840 2.880199 -212.719604
v -273.098541 2.880197 -241.948212
v -278.929169 2.591369 -227.088593
v -288.683197 2.880200 -231.569458
v -281.892242 2.880199 -246.562637
v -288.983856 2.880198 -231.707565
v -272.805573 2.880197 -241.794479
v -279.658997 2.880197 -227.423874
v -273.364410 2.880196 -260.704651
v -265.179718 2.880197 -255.687622
v -272.094360 2.591369 -241.421387
v -282.603394 2.591370 -246.935928
v -264.212891 2.591369 -255.094971
v -281.599243 2.880198 -246.408997
v -264.614441 2.880196 -274.722595
v -256.814117 2.880195 -269.126587
v -274.331207 2.591369 -261.297424
v -255.892715 2.591367 -268.465576
v -264.883270 2.880196 -274.915436
v -273.646423 2.880196 -260.877686
v -256.545288 2.880195 -268.933746
v -264.897614 2.880196 -255.514832
v -254.126266 2.880194 -287.619659
v -246.860947 2.880195 -281.344666
v -265.535736 2.591368 -275.383789
v -246.002731 2.591367 -280.603424
v -254.984512 2.591367 -288.360901
v -254.376663 2.880194 -287.835938
v -242.703323 2.880193 -299.659668
v -236.052429 2.880194 -292.736816
v -235.266785 2.591366 -291.919037
v -243.488968 2.591366 -300.477417
v -242.932541 2.880193 -299.898224
v -246.610428 2.880195 -281.128601
v -230.379684 2.880193 -310.844086
v -224.420395 2.880193 -303.317657
v -231.083633 2.591365 -311.733154
v -230.585052 2.880192 -311.103485
v -235.823059 2.880194 -292.498383
v -216.685074 2.880192 -320.315125
v -211.472717 2.880191 -312.253418
v -223.716248 2.591364 -302.428711
v -210.857025 2.591363 -311.301086
v -217.300766 2.591365 -321.267456
v -211.293076 2.880191 -311.975586
v -224.214813 2.880193 -303.058380
v -202.288834 2.880191 -328.586304
v -197.320358 2.591364 -319.071411
v -202.813766 2.591364 -329.591522
v -202.441986 2.880191 -328.879578
v -216.864517 2.880192 -320.593140
v -183.625549 2.880190 -326.832397
v -183.192017 2.591363 -325.784515
v -187.729156 2.591362 -336.751007
v -197.845062 2.880190 -320.076752
v -187.422104 2.880191 -336.008881
v -197.691910 2.880190 -319.783447
v -171.725449 2.880191 -341.425293
v -172.070892 2.591364 -342.505402
v -187.295410 2.880191 -335.703247
v -183.498871 2.880191 -326.526733
v -155.741821 2.880190 -345.670319
v -153.504715 2.880189 -336.334625
v -168.455627 2.591362 -331.201416
v -153.240463 2.591361 -335.231812
v -156.006088 2.591363 -346.773132
v -168.801056 2.880190 -332.281555
v -155.818924 2.880190 -345.992065
v -171.826019 2.880191 -341.740479
v -153.427612 2.880189 -336.012878
v -168.700272 2.880190 -331.966431
v -137.967972 2.880189 -339.456512
v -137.779343 2.591362 -338.338287
v -139.753418 2.591362 -350.040985
v -137.912949 2.880189 -339.130249
v -123.246040 2.880189 -351.230591
v -122.237465 2.880189 -341.683716
v -122.118324 2.591361 -340.556000
v -123.365181 2.591362 -352.358337
v -139.564560 2.880190 -348.922791
v -123.280800 2.880189 -351.559631
v -139.619598 2.880189 -349.249023
v -106.840149 2.880189 -352.462921
v -106.293884 2.591361 -341.742828
v -106.897858 2.591362 -353.595459
v -106.856995 2.880189 -352.793335
v -106.334747 2.880189 -342.544952
v -122.202492 2.880190 -341.354706
v -90.428345 2.880189 -352.788635
v -90.397339 2.880189 -343.188690
v -90.393661 2.591361 -342.054688
v -90.432022 2.591362 -353.922638
v -106.351471 2.880189 -342.875397
v -90.429428 2.880189 -353.119507
v -90.396255 2.880189 -342.857819
v -74.465134 2.591361 -341.734406
v -74.028732 2.880189 -352.790649
v -74.433456 2.880189 -342.536957
v -57.691978 2.880189 -351.519073
v -58.447197 2.880190 -341.948822
v -73.996933 2.591362 -353.593170
v -58.536407 2.591361 -340.818329
v -57.602768 2.591362 -352.649567
v -74.041656 2.880189 -352.460052
v -74.420288 2.880189 -342.867523
v -57.665947 2.880189 -351.848877
v -58.473228 2.880190 -341.619019
v -192.816330 2.880214 -18.444466
v -183.217026 2.880214 -18.330803
v -181.999802 2.591400 184.420197
v -182.083099 2.591386 -18.317398
v -193.950287 2.591386 -18.457870
v -192.733505 2.880229 180.579834
v -183.133774 2.880229 185.138062
v -193.147156 2.880213 -18.448357
v -193.064346 2.880228 180.036072
v -182.886200 2.880213 -18.326912
v -182.802948 2.880229 184.898407
v -9.733094 2.880216 -17.256767
v -10.063937 2.880216 -17.256767
v 1.000774 2.591387 -17.256767
v -10.867105 2.591389 -17.256767
v -0.133226 2.880215 -17.256767
v 0.197620 2.880215 -17.256767
v -0.272621 2.880233 268.631256
v -9.787544 2.880233 264.839752
v 0.867635 2.591409 267.869659
v -10.910569 2.591407 263.172272
v 0.035913 2.880237 268.399414
v -10.136563 2.880235 264.344879
v -183.370346 2.880213 -37.821693
v -177.216599 2.880213 -31.330971
v -176.424255 2.591385 -30.519676
v -184.162704 2.591384 -38.633003
v -183.601532 2.880212 -38.058380
v -176.985397 2.880213 -31.094276
v -15.983285 2.880215 -30.347176
v -16.217228 2.880215 -30.113235
v -8.737237 2.591385 -37.452698
v -16.785152 2.591388 -29.545311
v -9.539098 2.880213 -36.650841
v -9.305154 2.880213 -36.884781
v -28.933167 2.880214 -36.456848
v -28.933163 2.880214 -36.125999
v -28.933167 2.591384 -47.190712
v -28.933163 2.591387 -35.322830
v -28.933167 2.880212 -46.056717
v -28.933163 2.880212 -46.387558
v -163.959854 2.880212 -47.187286
v -164.073517 2.880213 -37.587997
v -164.086914 2.591384 -36.454063
v -163.946457 2.591383 -48.321251
v -163.955963 2.880211 -47.518120
v -164.077393 2.880212 -37.257149
v -174.465103 2.880213 -44.104492
v -174.578751 2.880212 -44.388260
v -174.854584 2.591384 -45.077133
v -170.778793 2.591384 -34.898186
v -171.054611 2.880212 -35.587029
v -171.168259 2.880213 -35.870804
v -180.576874 2.591385 -25.029861
v -181.259003 2.880213 -25.321915
v -181.540009 2.880214 -25.442200
v -189.974335 2.880213 -29.053375
v -190.656509 2.591385 -29.345436
v -189.693329 2.880214 -28.933083
v -21.147167 2.880214 -33.677383
v -21.431129 2.591388 -32.991837
v -17.235199 2.591385 -43.121704
v -17.519157 2.880213 -42.436165
v -17.636131 2.880213 -42.153770
v -21.030197 2.880214 -33.959778
v -2.953767 2.880214 -28.670776
v -3.236161 2.880214 -28.553802
v -11.430160 2.880215 -25.159744
v -11.712552 2.880215 -25.042770
v -12.398101 2.591388 -24.758804
v -2.268231 2.591386 -28.954735
v -10.097453 2.880221 62.512238
v -10.101823 2.880221 72.774246
v -9.761693 2.880221 62.851196
v -9.765140 2.880221 72.415512
v -0.181374 2.880221 62.855515
v -0.193848 2.880233 72.467377
v -10.892304 2.591394 61.709167
v -10.896174 2.591394 73.569183
v -183.178040 2.880221 72.405045
v -182.847153 2.880220 72.739639
v -182.048996 2.591392 61.771240
v -182.043961 2.591393 73.542969
v -183.182175 2.880221 62.802002
v -182.851547 2.880220 62.467743
v -9.793614 2.880227 151.753876
v -10.135390 2.880227 152.093231
v -10.917954 2.591400 141.013458
v -10.921796 2.591400 152.903046
v -9.790174 2.880227 142.171967
v -10.131040 2.880227 141.815643
v -183.149231 2.880227 141.086273
v -183.145233 2.880227 150.641449
v -182.010666 2.591398 151.793610
v -182.015686 2.591398 139.909576
v -182.818542 2.880227 140.726593
v -182.814224 2.880227 150.970612
v -53.732384 2.880213 -36.750961
v -53.355309 2.880213 -36.417686
v -64.462982 2.591386 -35.685852
v -52.589668 2.591386 -35.609612
v -63.312202 2.880213 -36.812485
v -63.671196 2.880213 -36.483932
v -64.201523 2.880227 141.779572
v -54.641640 2.880227 141.825470
v -53.490898 2.591399 140.677582
v -65.374100 2.591399 140.623138
v -64.562897 2.880227 141.432831
v -54.307396 2.880227 141.477509
v -64.169647 2.880221 62.496613
v -63.802010 2.880221 62.834061
v -63.847412 2.880221 72.411865
v -65.022873 2.591394 73.559906
v -64.216278 2.880221 72.762085
v -64.956818 2.591394 61.731140
v -54.237549 2.880221 62.836670
v -54.275986 2.880221 72.412415
v -53.884972 2.880221 62.498749
v -53.140602 2.591394 73.561371
v -53.081009 2.591394 61.727661
v -53.934151 2.880221 72.763763
v -139.873032 2.880233 205.230499
v -130.314255 2.880233 209.330109
v -129.163620 2.591404 208.590424
v -141.046066 2.591403 203.469513
v -140.234497 2.880231 204.698456
v -129.980026 2.880232 209.109070
v -139.532257 2.880213 -37.306351
v -140.703308 2.591386 -36.183250
v -139.899643 2.880213 -36.977211
v -129.962570 2.880213 -37.247009
v -128.822769 2.591386 -36.088028
v -129.619629 2.880213 -36.902649
v -140.068405 2.880221 62.465210
v -140.086197 2.880221 72.744156
v -129.799942 2.880221 62.474899
v -129.819077 2.880221 72.750610
v -130.138397 2.880221 62.804550
v -130.155746 2.880221 72.413177
v -140.876297 2.591393 61.753021
v -128.993393 2.591393 61.747665
v -129.014542 2.591393 73.562241
v -139.703979 2.880221 62.817642
v -140.897461 2.591393 73.547562
v -139.720779 2.880221 72.409622
v -141.038574 2.591399 152.115265
v -141.017212 2.591398 140.226471
v -129.946381 2.880227 141.092926
v -129.965485 2.880227 151.347748
v -130.280472 2.880227 141.452057
v -130.297745 2.880233 151.014435
v -129.133972 2.591398 140.292236
v -129.155258 2.591399 152.182343
v -139.858307 2.880227 150.967926
v -139.841537 2.880227 141.401581
v -140.222153 2.880227 151.300201
v -140.204407 2.880227 141.046112
v -128.777069 2.591383 -47.966858
v -126.167259 2.963114 -79.732613
v -111.150955 2.963112 -101.587151
v -84.417618 2.963110 -111.014046
v -50.541309 2.963110 -113.033531
v -14.775415 2.963110 -113.870216
v 22.340483 2.963110 -118.769127
v 58.973568 2.963109 -133.811188
v 74.087082 2.963105 -183.225372
v 71.660454 2.963103 -222.349106
v 82.465088 2.963100 -256.122070
v 89.357788 2.963097 -294.977173
v -129.940475 2.880212 -46.840286
v -135.946014 2.963114 -82.877655
v -117.913017 2.963111 -109.947998
v -86.475624 2.963110 -121.106689
v -50.585163 2.963110 -123.328522
v -15.498358 2.963109 -124.143143
v 20.139565 2.963109 -128.827530
v 52.838337 2.963107 -141.835571
v 63.808544 2.963105 -178.587540
v 61.540981 2.963102 -224.050766
v 72.764542 2.963100 -259.550476
v 79.202423 2.963098 -293.339111
v -139.900253 2.880211 -47.235123
v -135.593491 2.963114 -82.769524
v -117.675072 2.963111 -109.641449
v -86.402359 2.963110 -120.747719
v -50.586147 2.963110 -122.964104
v -15.472855 2.963109 -123.780739
v 20.216896 2.963109 -128.474152
v 53.052162 2.963108 -141.553665
v 64.160133 2.963106 -178.721725
v 61.891899 2.963103 -223.990967
v 73.099838 2.963100 -259.431976
v 79.552017 2.963098 -293.395508
v 90.135178 2.674270 -295.102539
v 83.207809 2.674274 -255.859558
v 72.437012 2.674276 -222.222534
v 74.889236 2.674279 -183.644440
v 59.445766 2.674282 -133.199173
v 22.509117 2.674283 -117.998482
v -14.720013 2.674284 -113.082977
v -50.532585 2.674284 -112.243057
v -84.259811 2.674283 -110.240456
v -110.614799 2.674285 -100.986801
v -125.416542 2.674287 -79.493340
v -140.701828 2.591383 -48.043457
v -139.541122 2.880212 -46.901962
v -136.688538 2.674287 -83.104134
v -118.415016 2.674284 -110.603600
v -86.632103 2.674283 -121.873291
v -50.582962 2.674283 -124.115196
v -15.553616 2.674283 -124.928391
v 19.970787 2.674282 -129.598877
v 52.368439 2.674281 -142.455582
v 63.045967 2.674279 -178.357925
v 60.758579 2.674276 -224.185120
v 72.011032 2.674273 -259.816803
v 78.411087 2.674271 -293.211456
v -126.510643 2.963114 -79.842537
v -111.392433 2.963112 -101.872437
v -84.490082 2.963110 -111.369469
v -50.545593 2.963110 -113.396927
v -14.800959 2.963110 -114.233170
v 22.262590 2.963110 -119.125114
v 58.755169 2.963109 -134.094543
v 73.716934 2.963106 -183.037018
v 71.299728 2.963103 -222.407822
v 82.119476 2.963101 -256.244202
v 88.995377 2.963098 -294.918701
v -129.275864 2.963115 -59.535698
v -139.521683 2.963115 -60.991104
v -139.153702 2.963115 -60.940369
v -128.490097 2.674288 -59.424271
v -140.293472 2.674289 -61.103195
v -129.635147 2.963115 -59.585114
v -119.874153 2.963113 -92.507614
v -128.253036 2.963111 -98.468697
v -127.951515 2.963112 -98.251526
v -119.215111 2.674286 -92.076767
v -128.884644 2.674285 -98.931183
v -120.170311 2.963113 -92.706230
v -99.473846 2.963111 -107.574730
v -103.848061 2.963110 -117.288712
v -103.692551 2.963110 -116.941780
v -99.137589 2.674283 -106.832108
v -104.178864 2.674283 -118.027229
v -99.628113 2.963111 -107.915665
v -67.772720 2.963111 -112.883621
v -68.114838 2.963110 -123.179070
v -68.103279 2.963110 -122.815155
v -67.742210 2.674284 -112.092850
v -68.138863 2.674283 -123.960747
v -67.786446 2.963110 -113.246971
v -32.913280 2.963110 -113.210480
v -33.227337 2.963110 -123.503723
v -33.216408 2.963110 -123.140053
v -32.888756 2.674284 -112.421432
v -33.250893 2.674283 -124.289177
v -32.924484 2.963110 -113.573593
v 3.794874 2.963110 -115.674225
v 2.443842 2.963109 -125.882568
v 2.491405 2.963109 -125.523178
v 3.898397 2.674283 -114.892006
v 2.340403 2.674282 -126.664139
v 3.747098 2.963110 -116.035194
v 40.790730 2.963109 -123.734581
v 37.295284 2.963108 -133.418457
v 37.417847 2.963109 -133.078888
v 41.058525 2.674283 -122.992699
v 37.026798 2.674282 -134.162262
v 40.666920 2.963110 -124.077599
v 74.167892 2.963107 -155.618286
v 64.025047 2.963106 -157.181396
v 64.376801 2.963107 -157.113647
v 74.963699 2.674280 -155.559143
v 63.251175 2.674280 -157.339401
v 73.800095 2.963107 -155.649567
v 70.259804 2.963104 -203.901367
v 59.982365 2.963104 -202.001251
v 60.332008 2.963104 -202.049362
v 71.057533 2.674278 -204.071304
v 59.206573 2.674278 -201.897339
v 69.890877 2.963104 -203.825378
v 76.206177 2.963101 -239.119202
v 66.432587 2.963101 -242.336639
v 66.771118 2.963102 -242.225189
v 76.954544 2.674276 -238.872849
v 65.674629 2.674275 -242.586151
v 75.858261 2.963102 -239.233734
v 88.044952 2.963098 -274.467773
v 77.961288 2.963098 -276.505981
v 78.309128 2.963099 -276.435669
v 88.816925 2.674271 -274.311737
v 77.176773 2.674272 -276.664551
v 87.685394 2.963099 -274.540436
v 83.841599 2.880191 -307.517090
v 83.155563 2.880191 -308.162476
v 85.341171 2.591363 -306.019684
v 68.177307 2.674280 -142.303848
v 67.546890 2.963107 -142.718460
v 59.399010 2.963107 -148.428864
v 59.681667 2.963108 -148.222977
v 58.777069 2.674281 -148.885590
v 67.255455 2.963108 -142.911728
v 76.425354 2.963105 -170.788879
v 65.672981 2.963105 -167.449875
v 66.044121 2.963106 -167.542847
v 64.855019 2.674279 -167.254822
v 76.039223 2.963106 -170.654297
v 77.261719 2.674278 -171.092346
v 72.520378 2.674279 -194.432175
v 71.727196 2.963105 -194.112930
v 61.573956 2.963104 -190.427185
v 61.918022 2.963105 -190.524979
v 60.812248 2.674278 -190.215363
v 71.360977 2.963105 -193.968948
v -129.594223 2.880211 -47.168922
v -71.005737 2.880233 236.742462
v -70.866806 2.880234 236.437195
v -75.263145 2.779033 246.097473
v -70.935738 2.880234 236.588654
v -70.699173 2.736488 236.068726
v -75.146553 2.880234 245.841370
v -75.057724 2.880234 245.646194
v -75.009720 2.880233 245.540710
v -70.532562 2.591406 235.702454
v -75.478760 2.591407 246.571167
v -134.380890 2.880233 218.200958
v -146.251419 2.880233 212.734711
vn 0.0399 0.9410 -0.3361
vn 0.0420 0.9410 -0.3358
vn -0.0399 0.9410 0.3361
vn -0.0356 0.9411 0.3364
vn -0.0000 1.0000 -0.0000
vn 0.0466 0.9410 -0.3353
vn 0.0487 0.9410 -0.3349
vn -0.0486 0.9410 0.3349
vn -0.0480 0.9424 0.3309
vn 0.0573 0.9410 -0.3335
vn 0.0616 0.9410 -0.3327
vn 0.0587 0.9406 -0.3344
vn -0.0573 0.9410 0.3336
vn 0.0714 0.9410 -0.3308
vn -0.0700 0.9415 0.3297
vn -0.0715 0.9410 0.3308
vn 0.0791 0.9410 -0.3290
vn -0.0809 0.9409 0.3288
vn -0.0791 0.9410 0.3291
vn 0.0956 0.9410 -0.3246
vn -0.0941 0.9415 0.3237
vn -0.0957 0.9410 0.3246
vn 0.1036 0.9410 -0.3222
vn -0.1054 0.9409 0.3217
vn -0.1035 0.9410 0.3223
vn 0.1211 0.9410 -0.3160
vn -0.1296 0.9299 0.3443
vn -0.1305 0.9299 0.3439
vn 0.0020 1.0000 0.0012
vn 0.1476 0.9410 -0.3045
vn -0.1446 0.9419 0.3033
vn -0.1477 0.9410 0.3045
vn 0.1600 0.9410 -0.2982
vn -0.1630 0.9409 0.2968
vn -0.1600 0.9410 0.2983
vn 0.1749 0.9410 -0.2898
vn -0.1749 0.9410 0.2898
vn 0.1909 0.9410 -0.2796
vn -0.1877 0.9418 0.2788
vn -0.1909 0.9410 0.2795
vn 0.2023 0.9410 -0.2713
vn -0.2051 0.9409 0.2696
vn -0.2023 0.9409 0.2715
vn 0.2219 0.9410 -0.2555
vn -0.2201 0.9415 0.2553
vn -0.2220 0.9410 0.2554
vn 0.2290 0.9410 -0.2492
vn -0.2307 0.9409 0.2480
vn -0.2290 0.9409 0.2496
vn 0.2548 0.9402 -0.2260
vn 0.2517 0.9410 -0.2263
vn -0.2524 0.9409 0.2260
vn -0.2518 0.9410 0.2261
vn 0.2559 0.9410 -0.2215
vn 0.2561 0.9402 -0.2246
vn -0.2551 0.9408 0.2230
vn -0.2560 0.9409 0.2219
vn 0.2808 0.9400 -0.1940
vn 0.2768 0.9410 -0.1947
vn -0.2786 0.9406 0.1942
vn -0.2769 0.9410 0.1945
vn 0.2815 0.9410 -0.1879
vn 0.2822 0.9400 -0.1919
vn -0.2807 0.9409 0.1896
vn -0.2816 0.9409 0.1881
vn 0.2964 0.9410 -0.1634
vn -0.2937 0.9417 0.1640
vn -0.2965 0.9410 0.1632
vn 0.3021 0.9410 -0.1525
vn -0.3035 0.9409 0.1500
vn -0.3022 0.9409 0.1526
vn 0.3115 0.9409 -0.1328
vn 0.3122 0.9410 -0.1306
vn 0.3130 0.9407 -0.1309
vn -0.3123 0.9410 0.1304
vn -0.3133 0.9410 0.1281
vn 0.3126 0.9410 -0.1294
vn 0.3147 0.9410 -0.1243
vn 0.3161 0.9403 -0.1263
vn -0.3160 0.9405 0.1248
vn -0.3131 0.9411 0.1278
vn -0.3157 0.9410 0.1217
vn 0.3172 0.9410 -0.1178
vn 0.3179 0.9410 -0.1159
vn -0.3173 0.9410 0.1178
vn -0.3156 0.9411 0.1216
vn 0.3140 0.9410 -0.1265
vn 0.3144 0.9410 -0.1253
vn -0.3144 0.9410 0.1253
vn -0.3153 0.9410 0.1227
vn -0.3131 0.9413 0.1259
vn 0.3119 0.9410 -0.1314
vn 0.3099 0.9419 -0.1295
vn 0.3128 0.9410 -0.1292
vn -0.3127 0.9410 0.1292
vn -0.3129 0.9410 0.1286
vn -0.3114 0.9412 0.1309
vn 0.3115 0.9410 -0.1322
vn 0.3088 0.9417 -0.1335
vn 0.3111 0.9410 -0.1332
vn -0.3109 0.9410 0.1335
vn -0.3071 0.9424 0.1327
vn -0.3106 0.9410 0.1343
vn 0.3140 0.9410 -0.1263
vn 0.3161 0.9408 -0.1225
vn 0.3121 0.9415 -0.1271
vn -0.3144 0.9408 0.1268
vn 0.3379 0.9396 -0.0547
vn -0.3424 0.9377 0.0591
vn -0.3412 0.9382 0.0579
vn 0.3284 0.9393 0.0994
vn 0.3264 0.9399 0.1001
vn -0.3234 0.9406 -0.1036
vn -0.3253 0.9401 -0.1019
vn -0.3247 0.9401 -0.1039
vn 0.2946 0.9407 0.1680
vn -0.2945 0.9407 -0.1681
vn 0.2700 0.9408 0.2049
vn -0.2708 0.9406 -0.2049
vn 0.2288 0.9407 0.2507
vn -0.2286 0.9407 -0.2509
vn 0.1845 0.9408 0.2843
vn -0.1842 0.9408 -0.2845
vn 0.1484 0.9409 0.3043
vn -0.1482 0.9409 -0.3044
vn 0.1290 0.9410 0.3129
vn 0.1269 0.9410 0.3137
vn 0.1273 0.9406 0.3149
vn -0.1268 0.9410 -0.3138
vn -0.1247 0.9410 -0.3148
vn 0.1221 0.9410 0.3157
vn 0.1209 0.9410 0.3161
vn -0.1221 0.9410 -0.3157
vn -0.1242 0.9411 -0.3146
vn 0.1365 0.9409 0.3100
vn -0.1367 0.9409 -0.3100
vn 0.1698 0.9407 0.2936
vn -0.1699 0.9407 -0.2935
vn 0.2136 0.9406 0.2640
vn -0.2137 0.9406 -0.2640
vn 0.2585 0.9405 0.2205
vn -0.2581 0.9406 -0.2205
vn 0.2910 0.9406 0.1747
vn -0.2904 0.9408 -0.1747
vn 0.3069 0.9408 0.1442
vn -0.3070 0.9408 -0.1439
vn 0.3234 0.9406 0.1033
vn -0.3234 0.9406 -0.1029
vn 0.3371 0.9405 0.0429
vn -0.3371 0.9405 -0.0430
vn 0.3391 0.9404 -0.0264
vn -0.3388 0.9405 0.0261
vn 0.3287 0.9407 -0.0843
vn -0.3282 0.9409 0.0837
vn 0.3225 0.9410 -0.1025
vn -0.3227 0.9409 0.1027
vn 0.3318 0.9408 -0.0693
vn -0.3326 0.9404 0.0701
vn 0.3400 0.9404 0.0029
vn -0.3399 0.9404 -0.0033
vn 0.3319 0.9406 0.0721
vn -0.3318 0.9406 -0.0724
vn 0.3135 0.9406 0.1305
vn -0.3154 0.9400 -0.1301
vn 0.2692 0.9404 0.2080
vn -0.2687 0.9404 -0.2085
vn 0.2181 0.9405 0.2606
vn -0.2179 0.9405 -0.2607
vn 0.1661 0.9406 0.2960
vn -0.1660 0.9406 -0.2961
vn 0.1148 0.9407 0.3191
vn -0.1146 0.9407 -0.3192
vn 0.0698 0.9408 0.3318
vn -0.0701 0.9406 -0.3321
vn -0.0701 0.9408 -0.3316
vn -0.0121 0.9396 0.3421
vn 0.0138 0.9410 -0.3381
vn 0.0074 0.9454 -0.3258
vn 0.0223 0.9408 -0.3382
vn -0.0739 0.9395 0.3346
vn 0.0632 0.9375 -0.3422
vn 0.2388 0.9257 -0.2933
vn 0.0754 0.9365 -0.3425
vn 0.1076 0.8315 -0.5449
vn 0.0106 0.9014 -0.4329
vn 0.1167 0.9406 -0.3189
vn 0.1257 0.9406 -0.3154
vn -0.1455 0.9410 0.3056
vn -0.1457 0.9389 0.3119
vn 0.1411 0.9407 -0.3084
vn -0.1551 0.9399 0.3041
vn 0.1539 0.9399 -0.3049
vn -0.1886 0.9403 0.2833
vn 0.1878 0.9403 -0.2839
vn -0.2046 0.9409 0.2701
vn 0.2049 0.9401 -0.2726
vn -0.2456 0.9409 0.2331
vn 0.2456 0.9409 -0.2330
vn -0.2602 0.9410 0.2165
vn 0.2602 0.9410 -0.2165
vn -0.2721 0.9410 0.2014
vn 0.2721 0.9410 -0.2014
vn -0.2821 0.9410 0.1870
vn 0.2822 0.9410 -0.1870
vn -0.2906 0.9410 0.1735
vn 0.2907 0.9410 -0.1735
vn -0.2985 0.9410 0.1595
vn 0.2987 0.9409 -0.1598
vn -0.3128 0.9409 0.1295
vn 0.3129 0.9409 -0.1293
vn -0.3215 0.9409 0.1062
vn 0.3216 0.9409 -0.1063
vn -0.3292 0.9409 0.0794
vn 0.3293 0.9409 -0.0795
vn -0.3354 0.9410 0.0453
vn 0.3330 0.9418 -0.0468
vn 0.3354 0.9410 -0.0450
vn -0.3369 0.9410 0.0326
vn 0.3373 0.9409 -0.0295
vn 0.3370 0.9409 -0.0326
vn -0.3383 0.9410 0.0083
vn 0.3383 0.9410 -0.0081
vn -0.3384 0.9410 -0.0061
vn 0.3363 0.9418 0.0041
vn 0.3384 0.9410 0.0062
vn -0.3379 0.9410 -0.0186
vn 0.3379 0.9409 0.0211
vn 0.3380 0.9410 0.0186
vn -0.3365 0.9410 -0.0361
vn 0.3370 0.9408 0.0368
vn 0.3365 0.9410 0.0361
vn -0.3359 0.9410 -0.0414
vn 0.3361 0.9409 0.0403
vn 0.3360 0.9410 0.0413
vn -0.3330 0.9410 -0.0604
vn 0.3329 0.9410 0.0605
vn -0.3323 0.9410 -0.0638
vn 0.3323 0.9410 0.0645
vn 0.3324 0.9410 0.0637
vn -0.3291 0.9410 -0.0789
vn 0.3291 0.9410 0.0789
vn -0.3277 0.9410 -0.0846
vn 0.3277 0.9410 0.0846
vn -0.3258 0.9411 -0.0908
vn -0.3247 0.9410 -0.0954
vn -0.3268 0.9402 -0.0961
vn 0.3236 0.9415 0.0935
vn 0.3247 0.9410 0.0954
vn 0.3232 0.9410 0.1001
vn -0.3218 0.9410 -0.1047
vn -0.3211 0.9410 -0.1070
vn 0.3210 0.9414 0.1032
vn 0.3231 0.9411 0.1000
vn 0.3218 0.9410 0.1047
vn -0.3195 0.9410 -0.1115
vn 0.3191 0.9409 0.1132
vn 0.3196 0.9410 0.1115
vn -0.3141 0.9410 -0.1259
vn 0.3137 0.9412 0.1251
vn 0.3141 0.9410 0.1259
vn -0.3113 0.9410 -0.1328
vn 0.3107 0.9409 0.1344
vn 0.3114 0.9410 0.1328
vn -0.3054 0.9410 -0.1458
vn 0.3056 0.9409 0.1458
vn -0.2953 0.9394 -0.1744
vn -0.2933 0.9410 -0.1690
vn 0.2934 0.9402 0.1728
vn 0.2933 0.9410 0.1690
vn -0.2870 0.9410 -0.1792
vn -0.2926 0.9397 -0.1772
vn 0.2900 0.9407 0.1760
vn 0.2878 0.9408 0.1792
vn -0.2626 0.9410 -0.2136
vn 0.2624 0.9410 0.2138
vn -0.2457 0.9409 -0.2331
vn 0.2457 0.9409 0.2331
vn -0.2275 0.9410 -0.2507
vn 0.2282 0.9407 0.2508
vn -0.1926 0.9409 -0.2784
vn 0.1922 0.9410 0.2786
vn -0.1687 0.9409 -0.2936
vn 0.1686 0.9409 0.2937
vn -0.1452 0.9409 -0.3059
vn 0.1454 0.9409 0.3060
vn -0.1168 0.9409 -0.3179
vn 0.1168 0.9409 0.3179
vn -0.0869 0.9410 -0.3271
vn 0.0867 0.9410 0.3272
vn -0.0667 0.9410 -0.3319
vn 0.0667 0.9409 0.3319
vn -0.0474 0.9410 -0.3352
vn 0.0475 0.9409 0.3353
vn -0.0254 0.9410 -0.3375
vn 0.0253 0.9410 0.3375
vn -0.0134 0.9410 -0.3382
vn -0.0067 0.9410 -0.3384
vn -0.0067 0.9398 -0.3415
vn 0.0088 0.9418 0.3362
vn 0.0066 0.9410 0.3384
vn -0.0001 0.9410 0.3384
vn 0.0068 0.9410 -0.3384
vn 0.0102 0.9410 -0.3384
vn -0.0068 0.9410 0.3383
vn -0.0001 0.9411 0.3381
vn 0.0194 0.9410 -0.3379
vn -0.0194 0.9410 0.3379
vn 0.0267 0.9411 -0.3369
vn 0.0311 0.9410 -0.3370
vn 0.0313 0.9403 -0.3389
vn -0.0297 0.9415 0.3357
vn -0.0312 0.9410 0.3370
vn -0.0355 0.9410 0.3366
vn -0.3986 0.9171 0.0002
vn 0.1545 0.9372 -0.3126
vn 0.1514 0.9379 -0.3122
vn 0.0102 0.9925 0.1217
vn -0.0077 0.9850 0.1723
vn 0.5235 0.8315 0.1856
vn 0.0837 0.9850 -0.1508
vn 0.1238 0.9416 -0.3132
vn 0.1254 0.9410 -0.3144
vn -0.3418 0.9398 -0.0001
vn -0.1207 0.9405 0.3177
vn -0.1247 0.9411 0.3144
vn -0.1253 0.9402 0.3168
vn 0.2985 0.9285 0.2210
vn -0.3028 0.9292 -0.2117
vn -0.2497 0.9409 0.2288
vn 0.2696 0.9401 -0.2085
vn -0.1100 0.9317 0.3460
vn -0.1084 0.9294 0.3527
vn -0.1080 0.9314 0.3477
vn 0.1222 0.9316 -0.3423
vn 0.1204 0.9317 -0.3428
vn 0.1188 0.9317 -0.3433
vn -0.1004 0.9359 -0.3378
vn 0.0809 0.9376 0.3382
vn -0.0011 1.0000 0.0026
vn -0.0016 1.0000 0.0048
vn -0.0041 0.9410 0.3384
vn 0.0006 0.9419 0.3358
vn 0.0030 0.9417 -0.3364
vn 0.0027 0.9415 -0.3369
vn 0.0057 0.9410 -0.3385
vn 0.2260 0.9273 0.2983
vn -0.2111 0.9287 -0.3049
vn -0.3356 0.9365 -0.1015
vn 0.3366 0.9384 0.0783
vn 0.1926 0.9390 -0.2850
vn -0.2036 0.9398 0.2744
vn 0.3524 0.9306 -0.0988
vn 0.3520 0.9310 -0.0972
vn -0.3611 0.9296 0.0737
vn -0.3384 0.9410 -0.0001
vn 0.3351 0.9422 -0.0061
vn 0.3282 0.9446 0.0013
vn 0.3282 0.9446 0.0002
vn -0.0001 0.9410 -0.3383
vn -0.0000 0.9410 0.3384
vn 0.3385 0.9410 -0.0001
vn 0.3384 0.9410 -0.0001
vn -0.1221 0.9925 -0.0009
vn -0.0032 0.9427 0.3335
vn -0.0000 0.9425 0.3342
vn -0.0020 0.9425 0.3342
vn 0.0026 0.9414 -0.3373
vn 0.3383 0.9410 -0.0001
vn -0.3496 0.9369 0.0012
vn -0.3496 0.9369 -0.0000
vn 0.3396 0.9406 0.0017
vn -0.3438 0.9390 -0.0015
vn -0.3442 0.9389 -0.0017
vn 0.0001 0.9294 -0.3690
vn -0.0021 0.9410 0.3384
vn -0.0001 0.9399 0.3414
vn -0.3377 0.9413 -0.0007
vn -0.3386 0.9409 -0.0026
vn -0.3386 0.9409 -0.0017
vn 0.3350 0.9422 0.0017
vn -0.1481 0.9401 0.3072
vn -0.1436 0.9410 0.3065
vn -0.1416 0.9410 0.3074
vn 0.1386 0.9423 -0.3046
vn 0.1396 0.9430 -0.3020
vn 0.1404 0.9423 -0.3037
vn 0.0018 0.9413 -0.3375
vn 0.0024 0.9411 -0.3381
vn -0.3382 0.9411 -0.0000
vn -0.3387 0.9409 -0.0006
vn 0.3376 0.9413 0.0011
vn 0.3376 0.9413 0.0006
vn -0.0047 0.9410 0.3383
vn -0.0039 0.9410 0.3384
vn -0.0001 0.9403 0.3403
vn -0.0001 0.9407 0.3392
vn -0.0000 0.9237 -0.3831
vn -0.3343 0.9425 -0.0006
vn 0.3355 0.9420 0.0006
vn 0.0025 0.9424 -0.3346
vn -0.3352 0.9422 -0.0001
vn -0.3353 0.9421 0.0008
vn -0.0026 0.9428 0.3334
vn 0.3316 0.9434 0.0008
vn 0.3336 0.9427 -0.0000
vn 0.1470 0.9367 -0.3178
vn 0.1442 0.9376 -0.3163
vn 0.1471 0.9368 -0.3173
vn 0.3444 0.9373 0.0534
vn 0.3438 0.9375 0.0529
vn 0.2514 0.9377 0.2400
vn 0.2518 0.9372 0.2413
vn 0.2522 0.9369 0.2423
vn 0.0759 0.9405 0.3312
vn 0.0757 0.9404 0.3315
vn 0.0030 0.9393 0.3430
vn 0.0125 0.9391 0.3434
vn 0.0566 0.9390 0.3392
vn 0.1693 0.9373 0.3045
vn 0.1686 0.9376 0.3042
vn 0.3110 0.9486 -0.0585
vn 0.3447 0.9384 0.0256
vn 0.3452 0.9381 0.0262
vn 0.3232 0.9388 0.1190
vn 0.3483 0.9371 0.0210
vn 0.3457 0.9381 0.0230
vn 0.3464 0.9378 0.0222
vn -0.3468 0.9362 -0.0568
vn -0.2578 0.9378 -0.2325
vn -0.2599 0.9373 -0.2323
vn -0.2588 0.9376 -0.2321
vn -0.0733 0.9395 -0.3346
vn -0.0030 0.9380 -0.3465
vn -0.0037 0.9382 -0.3461
vn -0.0125 0.9386 -0.3448
vn -0.0565 0.9389 -0.3395
vn -0.0570 0.9390 -0.3392
vn -0.1645 0.9382 -0.3044
vn -0.1655 0.9381 -0.3043
vn -0.1648 0.9381 -0.3048
vn -0.3392 0.9392 0.0543
vn -0.3391 0.9391 0.0552
vn -0.3388 0.9391 0.0575
vn -0.3517 0.9358 -0.0245
vn -0.3520 0.9357 -0.0244
vn -0.3196 0.9402 -0.1175
vn -0.3399 0.9401 -0.0254
vn -0.3409 0.9398 -0.0239
vn -0.3408 0.9398 -0.0254
vn 0.0015 1.0000 -0.0031
vn 0.0002 1.0000 0.0027
vn -0.3164 0.9357 -0.1560
vn 0.3118 0.9377 0.1536
vn -0.1541 0.9422 -0.2976
vn -0.1557 0.9416 -0.2985
vn 0.1525 0.9421 0.2987
vn 0.1525 0.9425 0.2975
vn -0.0390 0.9377 -0.3453
vn 0.0385 0.9387 0.3426
vn 0.0382 0.9387 0.3427
vn -0.0035 0.9386 -0.3450
vn 0.0034 0.9391 0.3436
vn -0.0333 0.9388 -0.3429
vn -0.0333 0.9387 -0.3433
vn 0.0332 0.9390 0.3422
vn -0.0889 0.9390 -0.3322
vn 0.0894 0.9389 0.3323
vn -0.3119 0.9357 -0.1652
vn -0.3138 0.9353 -0.1635
vn -0.3113 0.9356 -0.1663
vn 0.3211 0.9328 0.1638
vn 0.3190 0.9334 0.1644
vn 0.3197 0.9332 0.1641
vn -0.3430 0.9382 0.0471
vn -0.3438 0.9379 0.0468
vn 0.3307 0.9424 -0.0496
vn -0.3315 0.9393 -0.0886
vn 0.3342 0.9382 0.0906
vn -0.3252 0.9404 -0.0997
vn -0.3251 0.9405 -0.0993
vn 0.3296 0.9388 0.1003
vn 0.3309 0.9314 -0.1517
vn 0.3319 0.9314 -0.1497
vn -0.3097 0.9398 0.1447
vn -0.3092 0.9396 0.1468
vn -0.3089 0.9398 0.1465
vn 0.0022 1.0000 -0.0078
vn 0.0019 1.0000 -0.0075
vn 0.0035 1.0000 -0.0032
vn 0.2560 0.9351 0.2452
vn 0.2541 0.9356 0.2451
vn 0.2546 0.9355 0.2450
vn -0.2486 0.9364 -0.2478
vn -0.2494 0.9364 -0.2469
vn -0.3393 0.9391 -0.0549
vn -0.3378 0.9395 -0.0565
vn 0.3374 0.9400 0.0502
vn 0.3168 0.9460 -0.0687
vn -0.3384 0.9389 0.0622
vn -0.3383 0.9389 0.0637
vn 0.0040 0.9404 -0.3400
vn 0.0036 0.9403 -0.3404
vn 0.3461 0.9381 0.0150
vn 0.3457 0.9382 0.0149
vn 0.3481 0.9374 0.0128
vn 0.0062 1.0000 -0.0067
vn -0.0047 1.0000 0.0072
vn 0.0007 1.0000 0.0090
vn -0.3499 0.9368 -0.0050
vn -0.3489 0.9372 -0.0058
vn 0.1283 0.9410 -0.3133
vn -0.1306 0.9410 0.3123
vn 0.0395 0.9425 -0.3320
vn 0.0421 0.9409 -0.3360
vn -0.0413 0.9415 0.3346
vn -0.0395 0.9424 0.3320
vn 0.0475 0.9405 -0.3365
vn 0.0482 0.9425 -0.3308
vn -0.0529 0.9411 0.3340
vn 0.0573 0.9410 -0.3336
vn 0.0616 0.9409 -0.3330
vn -0.0572 0.9410 0.3335
vn -0.0530 0.9410 0.3343
vn 0.0714 0.9410 -0.3309
vn -0.0696 0.9410 0.3311
vn 0.0791 0.9410 -0.3291
vn -0.0798 0.9413 0.3279
vn -0.0790 0.9410 0.3291
vn 0.0956 0.9410 -0.3247
vn -0.0938 0.9410 0.3251
vn -0.0957 0.9410 0.3247
vn 0.1036 0.9410 -0.3223
vn -0.1044 0.9415 0.3205
vn -0.1035 0.9410 0.3222
vn 0.1211 0.9410 -0.3161
vn -0.1171 0.9410 0.3175
vn -0.0003 1.0000 -0.0025
vn 0.0025 1.0000 -0.0002
vn 0.0017 1.0000 -0.0017
vn -0.0003 1.0000 0.0023
vn 0.1477 0.9410 -0.3046
vn -0.1445 0.9411 0.3058
vn -0.1477 0.9410 0.3046
vn 0.1600 0.9410 -0.2983
vn -0.1611 0.9418 0.2952
vn -0.1879 0.9411 0.2812
vn -0.1909 0.9410 0.2796
vn 0.2024 0.9409 -0.2715
vn -0.2029 0.9418 0.2681
vn -0.2022 0.9410 0.2714
vn 0.2220 0.9409 -0.2556
vn -0.2204 0.9410 0.2569
vn -0.2221 0.9409 0.2556
vn 0.2292 0.9409 -0.2494
vn -0.2290 0.9415 0.2472
vn -0.2288 0.9410 0.2493
vn 0.2540 0.9409 -0.2242
vn 0.2519 0.9409 -0.2265
vn -0.2530 0.9409 0.2253
vn -0.2521 0.9409 0.2263
vn 0.2562 0.9409 -0.2217
vn 0.2541 0.9408 -0.2242
vn -0.2558 0.9407 0.2228
vn -0.2557 0.9410 0.2217
vn 0.2796 0.9408 -0.1916
vn 0.2770 0.9409 -0.1949
vn -0.2784 0.9408 0.1931
vn -0.2772 0.9409 0.1947
vn 0.2817 0.9409 -0.1880
vn 0.2794 0.9409 -0.1915
vn -0.2818 0.9405 0.1899
vn -0.2814 0.9410 0.1880
vn 0.2966 0.9409 -0.1635
vn -0.2951 0.9410 0.1659
vn -0.2967 0.9409 0.1633
vn 0.3022 0.9410 -0.1526
vn -0.3013 0.9417 0.1498
vn -0.3021 0.9410 0.1526
vn 0.3119 0.9407 -0.1332
vn 0.3124 0.9409 -0.1307
vn -0.3130 0.9409 0.1294
vn -0.3125 0.9409 0.1305
vn 0.3129 0.9409 -0.1294
vn 0.3119 0.9419 -0.1250
vn 0.3147 0.9410 -0.1247
vn -0.3150 0.9410 0.1238
vn -0.3143 0.9410 0.1256
vn -0.3123 0.9418 0.1247
vn 0.3173 0.9410 -0.1178
vn 0.3136 0.9424 -0.1165
vn 0.3181 0.9409 -0.1159
vn -0.3179 0.9406 0.1194
vn -0.3138 0.9423 0.1165
vn 0.3156 0.9405 -0.1258
vn 0.3133 0.9410 -0.1278
vn 0.3143 0.9410 -0.1253
vn -0.3155 0.9410 0.1228
vn 0.3131 0.9407 -0.1309
vn 0.3114 0.9410 -0.1324
vn 0.3131 0.9410 -0.1280
vn -0.3117 0.9413 0.1293
vn -0.3098 0.9419 0.1295
vn -0.3130 0.9410 0.1287
vn 0.3099 0.9415 -0.1323
vn 0.3073 0.9424 -0.1320
vn 0.3114 0.9410 -0.1323
vn -0.3091 0.9416 0.1336
vn -0.3121 0.9411 0.1303
vn 0.3145 0.9408 -0.1265
vn 0.3169 0.9404 -0.1229
vn -0.3139 0.9410 0.1267
vn -0.3123 0.9410 0.1305
vn 0.3422 0.9380 -0.0552
vn -0.3367 0.9398 0.0585
vn -0.3370 0.9398 0.0564
vn 0.3330 0.9375 0.1013
vn 0.3309 0.9382 0.1012
vn 0.3302 0.9384 0.1020
vn -0.3295 0.9384 -0.1044
vn -0.3305 0.9379 -0.1053
vn -0.3296 0.9384 -0.1037
vn 0.2948 0.9407 0.1681
vn 0.2946 0.9411 0.1659
vn -0.2947 0.9407 -0.1682
vn -0.2942 0.9406 -0.1695
vn 0.2705 0.9406 0.2053
vn -0.2703 0.9408 -0.2044
vn 0.2290 0.9405 0.2509
vn -0.2288 0.9405 -0.2511
vn 0.1848 0.9406 0.2847
vn -0.1845 0.9406 -0.2849
vn 0.1486 0.9408 0.3046
vn -0.1484 0.9408 -0.3047
vn 0.1293 0.9409 0.3132
vn 0.1269 0.9409 0.3139
vn -0.1257 0.9409 -0.3144
vn -0.1268 0.9409 -0.3139
vn 0.1220 0.9410 0.3156
vn 0.1214 0.9418 0.3136
vn 0.1210 0.9410 0.3161
vn -0.1221 0.9410 -0.3156
vn -0.1232 0.9407 -0.3161
vn -0.1211 0.9418 -0.3136
vn 0.1364 0.9410 0.3098
vn -0.1365 0.9410 -0.3097
vn 0.1697 0.9408 0.2934
vn -0.1698 0.9408 -0.2933
vn 0.2135 0.9406 0.2639
vn -0.2136 0.9406 -0.2638
vn 0.2582 0.9406 0.2203
vn -0.2583 0.9405 -0.2207
vn 0.2906 0.9408 0.1743
vn -0.2908 0.9406 -0.1750
vn 0.3065 0.9409 0.1440
vn -0.3067 0.9409 -0.1438
vn 0.3229 0.9408 0.1032
vn -0.3230 0.9408 -0.1028
vn 0.3387 0.9405 -0.0264
vn -0.3391 0.9404 0.0261
vn 0.3281 0.9409 -0.0841
vn -0.3288 0.9407 0.0838
vn 0.3227 0.9409 -0.1025
vn -0.3225 0.9410 0.1026
vn 0.3327 0.9405 -0.0694
vn -0.3316 0.9408 0.0700
vn 0.3404 0.9403 0.0029
vn -0.3404 0.9403 -0.0032
vn 0.3322 0.9404 0.0722
vn -0.3322 0.9404 -0.0725
vn 0.3150 0.9399 0.1315
vn 0.3148 0.9401 0.1311
vn -0.3139 0.9406 -0.1294
vn 0.2698 0.9401 0.2085
vn -0.2695 0.9400 -0.2090
vn 0.2183 0.9404 0.2608
vn -0.2182 0.9404 -0.2610
vn 0.1661 0.9406 0.2961
vn -0.1661 0.9406 -0.2962
vn 0.1149 0.9406 0.3193
vn -0.1147 0.9406 -0.3194
vn 0.0699 0.9406 0.3321
vn -0.0701 0.9408 -0.3318
vn -0.0119 0.9410 0.3382
vn 0.0141 0.9395 -0.3423
vn 0.0261 0.9421 -0.3344
vn -0.0730 0.9407 0.3312
vn -0.4815 0.8315 -0.2770
vn -0.1457 0.9408 0.3060
vn -0.1418 0.9397 0.3112
vn -0.1539 0.9410 0.3015
vn 0.1527 0.9409 -0.3022
vn -0.1876 0.9410 0.2817
vn 0.1868 0.9410 -0.2823
vn -0.2059 0.9401 0.2717
vn 0.2035 0.9408 -0.2709
vn 0.2456 0.9409 -0.2331
vn -0.2602 0.9409 0.2166
vn 0.2603 0.9409 -0.2165
vn 0.2821 0.9410 -0.1870
vn -0.2907 0.9410 0.1735
vn 0.2906 0.9410 -0.1735
vn -0.2988 0.9409 0.1596
vn 0.2984 0.9410 -0.1597
vn -0.3130 0.9409 0.1295
vn 0.3131 0.9409 -0.1294
vn -0.3216 0.9409 0.1062
vn 0.3215 0.9409 -0.1063
vn -0.3293 0.9409 0.0794
vn 0.3291 0.9409 -0.0795
vn -0.3358 0.9408 0.0454
vn 0.3353 0.9409 -0.0481
vn 0.3358 0.9408 -0.0451
vn -0.3370 0.9409 0.0326
vn 0.3351 0.9417 -0.0303
vn 0.3369 0.9410 -0.0326
vn -0.3385 0.9409 0.0083
vn 0.3385 0.9409 -0.0082
vn 0.3382 0.9411 0.0031
vn -0.3380 0.9410 -0.0186
vn 0.3358 0.9417 0.0207
vn 0.3379 0.9410 0.0186
vn -0.3366 0.9410 -0.0361
vn 0.3365 0.9409 0.0375
vn 0.3366 0.9410 0.0361
vn -0.3360 0.9410 -0.0414
vn 0.3359 0.9410 0.0413
vn -0.3331 0.9410 -0.0604
vn 0.3331 0.9410 0.0600
vn 0.3331 0.9410 0.0605
vn -0.3324 0.9410 -0.0638
vn 0.3323 0.9410 0.0637
vn -0.3292 0.9410 -0.0789
vn 0.3277 0.9410 0.0845
vn -0.3260 0.9410 -0.0908
vn 0.3253 0.9410 0.0931
vn -0.3175 0.9426 -0.1034
vn -0.3212 0.9409 -0.1070
vn 0.3222 0.9410 0.1030
vn 0.3198 0.9416 0.1059
vn 0.3174 0.9426 0.1033
vn -0.3196 0.9410 -0.1116
vn 0.3181 0.9414 0.1123
vn 0.3195 0.9410 0.1115
vn -0.3142 0.9410 -0.1259
vn 0.3147 0.9410 0.1243
vn 0.3142 0.9410 0.1260
vn -0.3113 0.9410 -0.1329
vn 0.3097 0.9414 0.1335
vn 0.3113 0.9410 0.1327
vn -0.3056 0.9409 -0.1459
vn 0.3055 0.9410 0.1457
vn -0.2913 0.9406 -0.1746
vn -0.2934 0.9409 -0.1690
vn 0.2915 0.9409 0.1725
vn 0.2934 0.9409 0.1691
vn -0.2876 0.9408 -0.1796
vn -0.2902 0.9410 -0.1742
vn 0.2910 0.9399 0.1787
vn 0.2873 0.9410 0.1788
vn -0.2630 0.9408 -0.2138
vn 0.2628 0.9408 0.2141
vn -0.2278 0.9408 -0.2511
vn 0.2278 0.9410 0.2504
vn -0.1929 0.9408 -0.2788
vn 0.1926 0.9408 0.2791
vn -0.1688 0.9408 -0.2938
vn 0.1687 0.9409 0.2938
vn -0.1453 0.9409 -0.3061
vn 0.1453 0.9409 0.3058
vn -0.0870 0.9409 -0.3274
vn 0.0868 0.9409 0.3275
vn -0.0667 0.9409 -0.3320
vn 0.0667 0.9409 0.3320
vn -0.0474 0.9409 -0.3352
vn 0.0475 0.9410 0.3351
vn -0.0254 0.9410 -0.3376
vn 0.0253 0.9410 0.3376
vn -0.0134 0.9408 -0.3388
vn -0.0067 0.9409 -0.3385
vn 0.0100 0.9410 0.3383
vn 0.0066 0.9409 0.3385
vn 0.0065 0.9432 -0.3321
vn 0.0100 0.9409 -0.3385
vn -0.0068 0.9410 0.3384
vn -0.0092 0.9418 0.3362
vn -0.0068 0.9432 0.3321
vn 0.0267 0.9410 -0.3374
vn -0.0290 0.9410 0.3371
vn -0.3384 0.9410 0.0004
vn -0.0003 0.7418 -0.6706
vn 0.0014 1.0000 -0.0000
vn 0.1477 0.9413 -0.3036
vn 0.1452 0.9410 -0.3057
vn 0.0167 0.9925 -0.1210
vn 0.0212 0.9925 0.1203
vn 0.0474 0.9831 0.1767
vn 0.1025 0.9850 0.1387
vn -0.1695 0.9850 -0.0320
vn -0.4804 0.7068 0.5193
vn 0.5383 0.8315 -0.1368
vn 0.5544 0.8315 -0.0337
vn 0.4724 0.7068 0.5266
vn -0.1668 0.9850 0.0439
vn 0.1233 0.9411 -0.3148
vn 0.1254 0.9409 -0.3145
vn -0.3444 0.9388 -0.0001
vn -0.1217 0.9398 0.3194
vn -0.1249 0.9406 0.3158
vn 0.2726 0.9398 0.2062
vn -0.2803 0.9392 -0.1984
vn -0.2848 0.9246 0.2530
vn 0.2971 0.9277 -0.2262
vn -0.1074 0.9363 0.3345
vn -0.1058 0.9357 0.3365
vn -0.1038 0.9342 0.3413
vn 0.1181 0.9355 -0.3330
vn 0.1169 0.9346 -0.3361
vn 0.1186 0.9342 -0.3365
vn -0.1029 0.9313 -0.3493
vn 0.0830 0.9304 0.3569
vn -0.0001 -1.0000 0.0050
vn -0.0104 -0.9999 -0.0099
vn -0.0007 -1.0000 -0.0027
vn 0.0050 1.0000 0.0002
vn -0.0049 1.0000 0.0010
vn 0.0025 1.0000 0.0013
vn 0.0044 1.0000 0.0024
vn -0.0041 0.9404 0.3400
vn 0.0018 0.9404 -0.3399
vn 0.0026 0.9410 -0.3384
vn 0.0020 0.9407 -0.3393
vn 0.2086 0.9403 0.2689
vn -0.1966 0.9396 -0.2803
vn -0.3495 0.9311 -0.1046
vn 0.3592 0.9298 0.0806
vn 0.2047 0.9295 -0.3068
vn 0.2060 0.9283 -0.3097
vn -0.2176 0.9285 0.3010
vn -0.2195 0.9275 0.3024
vn 0.3385 0.9363 -0.0935
vn 0.3369 0.9368 -0.0941
vn -0.3375 0.9386 0.0715
vn -0.3414 0.9399 -0.0001
vn 0.3384 0.9410 -0.0095
vn 0.3384 0.9410 0.0002
vn 0.3379 0.9412 0.0015
vn 0.0001 0.9365 -0.3507
vn -0.0000 0.9410 0.3383
vn 0.3387 0.9409 0.0002
vn -0.0236 0.9831 -0.1814
vn -0.1213 0.9925 0.0140
vn -0.1204 0.9925 0.0203
vn -0.0034 0.9444 0.3288
vn -0.0020 0.9444 0.3288
vn -0.0005 0.9439 0.3302
vn 0.0027 0.9400 -0.3411
vn -0.3460 0.9382 0.0004
vn -0.3447 0.9387 -0.0000
vn 0.3512 0.9363 0.0019
vn -0.3430 0.9393 -0.0017
vn -0.0001 0.9356 -0.3529
vn -0.0033 0.9419 0.3360
vn -0.0021 0.9419 0.3360
vn -0.0016 0.9417 0.3365
vn -0.0001 0.9402 0.3405
vn -0.3327 0.9430 -0.0025
vn -0.3339 0.9426 -0.0017
vn -0.3329 0.9430 -0.0018
vn 0.3404 0.9403 0.0018
vn -0.1358 0.9407 0.3108
vn -0.1393 0.9430 0.3024
vn -0.1439 0.9407 0.3071
vn 0.1424 0.9407 -0.3079
vn 0.1431 0.9412 -0.3061
vn 0.0018 0.9412 -0.3378
vn -0.3356 0.9420 -0.0010
vn -0.3362 0.9418 -0.0006
vn -0.3359 0.9419 -0.0007
vn 0.3402 0.9404 0.0003
vn 0.3402 0.9404 0.0006
vn -0.0039 0.9414 0.3371
vn -0.0000 0.9421 0.3353
vn 0.0009 0.9416 0.3366
vn -0.0000 0.9266 -0.3761
vn -0.0002 0.9268 -0.3757
vn -0.3359 0.9419 -0.0006
vn 0.3373 0.9414 0.0006
vn 0.0019 0.9436 -0.3311
vn 0.0026 0.9436 -0.3311
vn 0.0026 0.9437 -0.3307
vn -0.3336 0.9427 -0.0000
vn -0.3331 0.9429 -0.0002
vn 0.0003 0.7418 0.6706
vn -0.0026 0.9434 0.3317
vn 0.3357 0.9420 -0.0020
vn 0.3357 0.9420 0.0001
vn 0.1426 0.9410 -0.3069
vn 0.1409 0.9420 -0.3046
vn 0.3380 0.9397 0.0524
vn 0.3381 0.9397 0.0518
vn 0.2453 0.9410 0.2332
vn 0.2436 0.9409 0.2351
vn 0.2427 0.9413 0.2344
vn 0.0774 0.9391 0.3348
vn 0.0761 0.9392 0.3348
vn 0.0766 0.9393 0.3345
vn 0.0030 0.9393 0.3432
vn 0.0125 0.9390 0.3436
vn 0.0567 0.9389 0.3395
vn 0.1722 0.9351 0.3097
vn 0.1721 0.9358 0.3078
vn 0.1711 0.9355 0.3091
vn 0.3070 0.9499 -0.0580
vn 0.3448 0.9383 0.0253
vn 0.3443 0.9385 0.0267
vn 0.3442 0.9385 0.0262
vn 0.3231 0.9389 0.1189
vn 0.3535 0.9352 0.0218
vn 0.3513 0.9360 0.0223
vn -0.3428 0.9377 -0.0560
vn -0.2479 0.9424 -0.2246
vn -0.2491 0.9421 -0.2243
vn -0.2509 0.9417 -0.2241
vn -0.0743 0.9381 -0.3383
vn -0.0029 0.9387 -0.3447
vn -0.0124 0.9387 -0.3444
vn -0.0565 0.9390 -0.3393
vn -0.1674 0.9361 -0.3092
vn -0.3211 0.9455 0.0537
vn -0.3422 0.9393 -0.0246
vn -0.3425 0.9392 -0.0242
vn -0.3435 0.9389 -0.0237
vn -0.3190 0.9405 -0.1173
vn -0.3454 0.9381 -0.0249
vn -0.3470 0.9375 -0.0266
vn -0.3452 0.9382 -0.0242
vn 0.0034 1.0000 -0.0008
vn -0.0022 1.0000 -0.0035
vn -0.0038 1.0000 0.0046
vn 0.0019 1.0000 0.0019
vn -0.3146 0.9365 -0.1552
vn -0.3151 0.9361 -0.1563
vn 0.3109 0.9380 0.1532
vn 0.3087 0.9385 0.1544
vn -0.1551 0.9429 -0.2948
vn -0.1548 0.9424 -0.2966
vn -0.1553 0.9423 -0.2967
vn 0.1573 0.9375 0.3105
vn 0.1579 0.9375 0.3100
vn -0.0386 0.9378 -0.3450
vn -0.0393 0.9375 -0.3457
vn 0.0383 0.9391 0.3415
vn -0.0035 0.9387 -0.3447
vn 0.0035 0.9393 0.3432
vn -0.0332 0.9389 -0.3426
vn 0.0333 0.9390 0.3423
vn -0.0890 0.9389 -0.3325
vn 0.0897 0.9386 0.3331
vn 0.0902 0.9388 0.3324
vn -0.3142 0.9348 -0.1656
vn -0.3148 0.9345 -0.1664
vn -0.3134 0.9352 -0.1647
vn 0.3267 0.9303 0.1668
vn 0.3254 0.9308 0.1666
vn 0.3249 0.9309 0.1670
vn -0.3427 0.9383 0.0471
vn 0.3242 0.9447 -0.0492
vn -0.3292 0.9401 -0.0881
vn -0.3296 0.9400 -0.0880
vn 0.3327 0.9387 0.0899
vn 0.3326 0.9387 0.0902
vn -0.3259 0.9401 -0.0999
vn -0.3257 0.9400 -0.1012
vn 0.3308 0.9383 0.1005
vn 0.3300 0.9388 0.0984
vn 0.3245 0.9341 -0.1485
vn 0.3232 0.9345 -0.1490
vn -0.3165 0.9369 0.1487
vn -0.3167 0.9367 0.1494
vn -0.3175 0.9363 0.1503
vn 0.0014 1.0000 -0.0071
vn -0.0063 0.9999 -0.0084
vn -0.0032 1.0000 -0.0060
vn 0.2628 0.9315 0.2516
vn 0.2619 0.9322 0.2497
vn 0.2618 0.9319 0.2511
vn -0.2507 0.9355 -0.2490
vn -0.2503 0.9352 -0.2506
vn -0.2505 0.9358 -0.2482
vn -0.3441 0.9373 -0.0552
vn -0.3439 0.9374 -0.0550
vn 0.3424 0.9382 0.0507
vn 0.3067 0.9494 -0.0673
vn -0.3346 0.9402 0.0630
vn -0.3367 0.9395 0.0635
vn 0.0040 0.9410 -0.3384
vn 0.3430 0.9392 0.0142
vn 0.3430 0.9392 0.0154
vn 0.3425 0.9394 0.0154
vn 0.0140 0.9999 0.0035
vn -0.0047 1.0000 0.0045
vn -0.0015 0.9999 0.0103
vn -0.3358 0.9419 -0.0036
vn -0.3359 0.9419 -0.0049
vn -0.3357 0.9419 -0.0051
vn 0.1284 0.9409 -0.3133
vn -0.1285 0.9406 0.3141
vn -0.0002 1.0000 0.0021
vn -0.0021 1.0000 -0.0002
vn 0.0012 1.0000 0.0017
vn 0.0011 1.0000 0.0016
vn 0.0010 1.0000 0.0017
vn 0.0008 1.0000 -0.0004
vn -0.0025 1.0000 -0.0003
vn 0.0012 1.0000 0.0032
vn 0.0008 1.0000 0.0034
vn 0.0002 1.0000 0.0022
vn 0.0001 1.0000 -0.0014
vn 0.0004 1.0000 -0.0019
vn -0.0008 1.0000 0.0029
vn -0.0005 1.0000 -0.0012
vn 0.0005 1.0000 -0.0012
vn -0.0007 1.0000 -0.0019
vn -0.0012 1.0000 0.0005
vn 0.0005 1.0000 0.0012
vn 0.0008 1.0000 -0.0018
vn -0.0019 1.0000 0.0007
vn 0.0007 1.0000 0.0019
vn -0.0006 1.0000 0.0013
vn -0.0013 1.0000 0.0005
vn -0.0003 1.0000 0.0008
vn -0.0008 1.0000 0.0003
vn 0.0008 1.0000 -0.0020
vn -0.0009 1.0000 -0.0007
vn -0.0005 1.0000 0.0013
vn -0.0008 1.0000 -0.0012
vn 0.0012 1.0000 -0.0005
vn 0.0010 1.0000 0.0005
vn -0.0011 1.0000 0.0004
vn -0.0002 1.0000 -0.0003
vn -0.0002 1.0000 0.0003
vn -0.0000 1.0000 0.0085
vn -0.0132 0.9857 0.1680
vn -0.5517 0.8315 -0.0644
vn 0.4797 0.8315 0.2800
vn -0.2890 0.7068 -0.6457
vn 0.0019 1.0000 -0.0025
vn 0.0021 1.0000 -0.0022
vn -0.0010 1.0000 0.0008
vn 0.0005 1.0000 -0.0004
vn -0.0007 1.0000 0.0023
vn 0.0021 1.0000 -0.0012
vn 0.0023 1.0000 0.0007
vn 0.0015 1.0000 -0.0009
vn 0.0016 1.0000 -0.0007
vn -0.0038 1.0000 0.0001
vn -0.0034 1.0000 0.0001
vn 0.0024 1.0000 0.0023
vn -0.0000 1.0000 0.0034
vn -0.0034 1.0000 -0.0000
vn -0.0022 1.0000 -0.0001
vn 0.0014 1.0000 0.0017
vn -0.0000 1.0000 0.0019
vn -0.0011 0.7068 0.7075
vn -0.0009 1.0000 -0.0019
vn 0.0022 1.0000 0.0009
vn 0.0020 1.0000 -0.0017
vn -0.0027 1.0000 -0.0008
vn -0.0008 1.0000 0.0030
vn 0.0042 1.0000 -0.0027
vn 0.0008 1.0000 0.0025
vn -0.1211 0.9831 0.1371
vn -0.0000 1.0000 -0.0005
vn -0.1826 0.9831 0.0113
vn 0.0013 1.0000 -0.0006
vn -0.0864 0.9925 -0.0864
vn -0.0031 0.9925 -0.1221
vn -0.0002 1.0000 0.0005
vn -0.0005 1.0000 -0.0000
vn 0.0008 1.0000 -0.0022
vn -0.0005 1.0000 -0.0010
vn -0.0000 1.0000 0.0003
vn 0.6706 0.7418 0.0049
vn 0.0007 1.0000 -0.0040
vn -0.0004 1.0000 0.0060
vn -0.0002 1.0000 0.0014
vn 0.0005 1.0000 0.0011
vn -0.0003 1.0000 -0.0002
vn -0.0001 1.0000 0.0005
vn -0.0001 1.0000 -0.0009
vn -0.0002 1.0000 0.0002
vn 0.0005 1.0000 0.0002
vn -0.0012 1.0000 -0.0000
vn -0.0001 1.0000 0.0013
vn -0.0011 1.0000 0.0005
vn -0.0001 1.0000 0.0003
vn -0.0005 1.0000 0.0010
vn 0.0006 1.0000 -0.0004
vn 0.0003 1.0000 0.0002
vn 0.0005 1.0000 0.0001
vn -0.0010 1.0000 -0.0009
vn 0.0077 0.9998 -0.0162
vn 0.0077 0.9999 -0.0117
vn 0.0085 0.9999 -0.0098
vn -0.0006 1.0000 -0.0039
vn -0.0032 1.0000 -0.0014
vn -0.0017 1.0000 -0.0033
vn 0.0005 1.0000 -0.0001
vn -0.0004 1.0000 -0.0010
vn -0.0006 1.0000 0.0006
vn 0.0005 1.0000 -0.0006
vn -0.0009 1.0000 0.0002
vn -0.0008 1.0000 0.0027
vn -0.0121 0.9999 -0.0078
vn 0.0047 1.0000 0.0039
vn 0.0062 0.9999 0.0107
vn 0.0074 1.0000 0.0017
vn -0.0008 1.0000 0.0050
vn -0.0040 1.0000 0.0074
vn -0.0018 1.0000 0.0049
vn 0.0026 1.0000 0.0011
vn -0.0017 1.0000 0.0014
vn -0.0017 1.0000 0.0012
vn 0.0021 1.0000 0.0004
vn -0.0016 1.0000 0.0011
vn -0.0017 1.0000 0.0010
vn -0.0006 1.0000 -0.0003
vn -0.0032 1.0000 0.0012
vn -0.0034 1.0000 0.0007
vn -0.0022 1.0000 0.0001
vn 0.0014 1.0000 0.0001
vn 0.0019 1.0000 0.0004
vn -0.0029 1.0000 -0.0008
vn -0.0008 1.0000 -0.0019
vn 0.0012 1.0000 0.0005
vn 0.0019 1.0000 0.0008
vn -0.0005 1.0000 -0.0013
vn 0.0005 1.0000 0.0013
vn -0.0003 1.0000 -0.0008
vn -0.0013 1.0000 -0.0005
vn 0.0003 1.0000 0.0008
vn 0.0020 1.0000 0.0008
vn -0.0009 1.0000 -0.0004
vn -0.0008 1.0000 -0.0020
vn 0.0004 1.0000 -0.0010
vn -0.0013 1.0000 -0.0006
vn -0.0005 1.0000 0.0011
vn 0.0003 1.0000 -0.0002
vn 0.0084 1.0000 -0.0013
vn -0.0084 1.0000 -0.0014
vn 0.1413 0.9857 -0.0917
vn -0.1076 0.8315 0.5450
vn -0.1662 0.9857 -0.0278
vn 0.0025 1.0000 0.0019
vn 0.0022 1.0000 0.0022
vn -0.0008 1.0000 -0.0010
vn 0.0004 1.0000 0.0005
vn -0.0006 1.0000 0.0023
vn 0.0012 1.0000 0.0021
vn 0.0009 1.0000 0.0015
vn 0.0007 1.0000 0.0016
vn -0.0000 1.0000 -0.0038
vn -0.0024 1.0000 0.0024
vn -0.0022 1.0000 -0.0002
vn 0.0018 1.0000 -0.0025
vn -0.7005 0.7067 -0.0993
vn -0.0017 1.0000 -0.0007
vn 0.0007 0.7067 0.7075
vn 0.1075 0.9850 0.1349
vn 0.0022 1.0000 0.0008
vn 0.0006 1.0000 0.0017
vn -0.0027 1.0000 0.0008
vn -0.0016 1.0000 0.0008
vn 0.0005 1.0000 -0.0031
vn 0.0013 1.0000 0.0023
vn 0.0003 1.0000 -0.0018
vn 0.0107 0.9850 0.1721
vn 0.0910 0.9831 0.1587
vn 0.4539 0.7418 -0.4937
vn 0.0004 1.0000 -0.0002
vn -0.1590 0.9831 0.0905
vn -0.0212 0.9925 -0.1203
vn -0.0000 1.0000 0.0005
vn -0.0004 1.0000 0.0011
vn 0.0018 1.0000 -0.0008
vn -0.0005 1.0000 -0.0002
vn 0.6706 0.7418 -0.0006
vn -0.0026 1.0000 -0.0018
vn 0.0035 1.0000 -0.0021
vn 0.0008 1.0000 0.0001
vn 0.0009 1.0000 -0.0009
vn -0.0001 1.0000 -0.0005
vn 0.0002 1.0000 0.0002
vn -0.0011 1.0000 -0.0005
vn 0.0047 1.0000 0.0037
vn -0.0012 1.0000 0.0009
vn -0.0013 1.0000 -0.0032
vn -0.0003 1.0000 -0.0001
vn -0.0005 1.0000 -0.0007
vn -0.0023 1.0000 0.0014
vn -0.0011 1.0000 0.0007
vn 0.0007 1.0000 0.0010
vn 0.0003 1.0000 -0.0000
vn 0.0006 1.0000 -0.0003
vn -0.0006 1.0000 -0.0005
vn 0.0004 1.0000 0.0003
vn -0.0013 1.0000 -0.0003
vn -0.0002 1.0000 -0.0002
vn 0.0016 0.9999 -0.0116
vn -0.0008 1.0000 -0.0074
vn 0.0001 1.0000 -0.0036
vn 0.0005 1.0000 -0.0024
vn -0.0026 1.0000 -0.0056
vn 0.0004 1.0000 -0.0015
vn -0.0002 1.0000 -0.0004
vn 0.0006 1.0000 -0.0005
vn -0.0007 1.0000 0.0005
vn 0.0013 1.0000 -0.0025
vn -0.0008 1.0000 0.0035
vn -0.0009 1.0000 0.0059
vn 0.0015 0.9999 0.0099
vn -0.0043 1.0000 0.0064
vn -0.0078 0.9999 -0.0084
vn -0.0055 0.9999 0.0093
vn -0.0014 1.0000 0.0019
vn 0.0028 1.0000 -0.0001
vn -0.1424 0.9402 0.3093
vn -0.1481 0.9401 0.3071
vn -0.1436 0.9410 0.3064
vn 0.0019 1.0000 -0.0007
vn -0.1358 0.9407 0.3107
vn -0.1428 0.9399 0.3100
vn 0.0524 0.9589 -0.2790
vn 0.0585 0.9636 -0.2610
vn 0.2288 0.9313 -0.2834
vn -0.1355 0.9410 0.3101
vn -0.1415 0.9389 0.3137
vn -0.0018 1.0000 -0.0008
vn -0.1387 0.9423 0.3047
vn 0.1404 0.9423 -0.3038
vn 0.1670 0.9850 0.0431
vt 0.000000 1.000000
vt 0.000000 0.500000
vt 1.000000 1.000000
vt 1.000000 0.500000
vt 0.999999 0.500000
vt 0.999999 0.999999
vt 0.000000 0.836677
vt 1.000000 0.836677
vt 0.999999 0.814534
vt 0.008362 0.335241
vt 0.000000 1.000001
vt 1.000001 1.000001
vt 1.000001 0.500000
vt 0.000000 0.999999
vt 1.000000 0.543180
vt 1.000000 0.563550
vt 0.000000 0.000000
vt 1.000000 0.568806
vt 1.000000 0.790633
vt 0.554617 0.496077
vt 1.000000 0.894449
vt 0.322671 0.184167
vt 1.000000 0.945641
vt 0.553109 0.523043
vt 0.312848 0.284741
vt 0.316189 0.299001
vt 0.000000 0.693080
vt 0.685395 0.685395
vt 0.253509 0.253509
vt 0.000000 0.686524
vt 0.000000 0.691129
vt 0.273349 0.254964
vt 0.256284 0.146276
vt 0.311375 0.278509
vt 0.277874 0.248544
vt 0.180597 0.098098
vt 0.256284 0.144429
vt 0.256284 0.139208
vt 0.073167 0.068352
vt 0.074028 0.066215
vt 1.000000 0.765571
vt 1.000000 0.595445
vt 1.000000 0.765117
vt 0.002166 0.001178
vt 0.000000 0.358704
vt 0.649848 0.649848
vt 0.651333 0.651333
vt 0.000000 0.297533
vt 0.000000 0.298931
vt 1.000000 0.565061
vt 0.590042 0.537031
vt 1.000000 0.910157
vt 0.468353 0.468353
vt 0.468169 0.468169
vt 0.468214 0.468214
vt 0.000000 0.469473
vt 0.166275 0.093704
vt 0.090990 0.049425
vt 0.089866 0.050644
vt 0.316434 0.316434
vt 0.685396 0.685396
vt 0.320912 0.320912
vt 0.167010 0.095322
vt 0.180541 0.161485
vt 0.180646 0.103105
vt 0.178549 0.162508
vt 0.255945 0.239102
vt 0.256284 0.233259
vt 0.256284 0.229233
vt 0.000000 0.532402
vt 0.000000 0.855605
vt 0.000000 0.529872
vt 0.000000 0.528411
vt 0.855036 0.855036
vt 0.523768 0.523768
vt 0.528848 0.528848
vt 0.854401 0.854401
vt 0.853160 0.853160
vt 0.000000 0.824810
vt 0.000000 0.357175
vt 0.000000 0.654210
vt 0.000000 0.358236
vt 0.000000 0.536517
vt 0.000000 0.698185
vt 0.000000 0.536436
vt 0.531599 0.531599
vt 0.000000 0.698321
vt 0.695335 0.695335
vt 0.533145 0.533145
vt 0.695215 0.695215
vt 0.695257 0.695257
vt 0.755899 0.755899
vt 0.089746 0.081683
vt 0.165309 0.154430
vt 0.166221 0.151287
vt 0.073682 0.041523
vt 0.090203 0.051484
vt 0.166951 0.149330
vt 0.000000 0.714904
vt 0.000000 0.826599
vt 0.000000 0.826002
vt 0.711059 0.711059
vt 0.000000 0.825665
vt 0.824043 0.824043
vt 0.714833 0.714833
vt 0.824366 0.824366
vt 0.825403 0.825403
vt 0.000000 0.715306
vt 0.000000 0.715424
vt 0.000000 0.842681
vt 0.000000 0.853013
vt 0.000000 0.854279
vt 0.000000 0.654619
vt 0.713158 0.713158
vt 0.000000 0.715546
vt 0.715528 0.715528
vt 0.839692 0.839692
vt 0.000000 0.854819
vt 0.854659 0.854659
vt 0.845105 0.845105
vt 0.854026 0.854026
vt 0.852856 0.852856
vt 0.000000 0.132039
vt 0.000000 0.146387
vt 0.000000 0.146710
vt 0.000000 0.161026
vt 0.000000 0.176052
vt 0.000000 0.161381
vt 0.000000 0.190303
vt 0.000000 0.205394
vt 0.000000 0.190723
vt 0.000000 0.219581
vt 0.000000 0.234736
vt 0.000000 0.220065
vt 0.000000 0.248858
vt 0.000000 0.264078
vt 0.000000 0.249407
vt 0.000000 0.278136
vt 0.000000 0.293420
vt 0.000000 0.278749
vt 0.000000 0.307413
vt 0.000000 0.322762
vt 0.000000 0.308092
vt 0.000000 0.344769
vt 0.000000 0.351329
vt 0.000000 0.352104
vt 0.000000 0.365968
vt 0.000000 0.381446
vt 0.000000 0.366776
vt 0.000000 0.395246
vt 0.000000 0.410788
vt 0.000000 0.396117
vt 0.000000 0.424523
vt 0.000000 0.440131
vt 0.000000 0.425459
vt 0.131685 0.131685
vt 0.146303 0.146303
vt 0.146317 0.146317
vt 0.160933 0.160933
vt 0.175580 0.175580
vt 0.160949 0.160949
vt 0.190194 0.190194
vt 0.204844 0.204844
vt 0.190212 0.190212
vt 0.219454 0.219454
vt 0.234107 0.234107
vt 0.219475 0.219475
vt 0.248715 0.248715
vt 0.263371 0.263371
vt 0.248739 0.248739
vt 0.277976 0.277976
vt 0.292634 0.292634
vt 0.278002 0.278002
vt 0.307236 0.307236
vt 0.321897 0.321897
vt 0.307266 0.307266
vt 0.343845 0.343845
vt 0.351127 0.351127
vt 0.351161 0.351161
vt 0.365757 0.365757
vt 0.380424 0.380424
vt 0.365792 0.365792
vt 0.395018 0.395018
vt 0.409688 0.409688
vt 0.395056 0.395056
vt 0.424278 0.424278
vt 0.438951 0.438951
vt 0.424319 0.424319
vt 0.131724 0.131724
vt 0.000000 0.146810
vt 0.146360 0.146360
vt 0.000000 0.161491
vt 0.175632 0.175632
vt 0.160996 0.160996
vt 0.000000 0.190853
vt 0.204904 0.204904
vt 0.190268 0.190268
vt 0.000000 0.220215
vt 0.234176 0.234176
vt 0.219540 0.219540
vt 0.000000 0.249577
vt 0.263448 0.263448
vt 0.248812 0.248812
vt 0.000000 0.278939
vt 0.292720 0.292720
vt 0.278084 0.278084
vt 0.000000 0.308301
vt 0.321993 0.321993
vt 0.307357 0.307357
vt 0.343947 0.343947
vt 0.000000 0.352343
vt 0.351265 0.351265
vt 0.000000 0.367025
vt 0.380537 0.380537
vt 0.365901 0.365901
vt 0.000000 0.396386
vt 0.409808 0.409808
vt 0.395173 0.395173
vt 0.000000 0.425748
vt 0.439081 0.439081
vt 0.424445 0.424445
vt 0.000000 0.205534
vt 0.204824 0.204824
vt 0.000000 0.204942
vt 0.000000 0.264258
vt 0.263345 0.263345
vt 0.000000 0.263497
vt 0.000000 0.293620
vt 0.292606 0.292606
vt 0.000000 0.292774
vt 0.000000 0.330322
vt 0.336629 0.336629
vt 0.329311 0.329311
vt 0.329182 0.329182
vt 0.336529 0.336529
vt 0.329213 0.329213
vt 0.000000 0.329371
vt 0.000000 0.337433
vt 0.000000 0.330098
vt 0.358583 0.358583
vt 0.358477 0.358477
vt 0.000000 0.359440
vt 0.000000 0.381705
vt 0.380388 0.380388
vt 0.000000 0.380607
vt 0.000000 0.411067
vt 0.409648 0.409648
vt 0.000000 0.409884
vt 0.000000 0.453800
vt 0.000000 0.454801
vt 0.453539 0.453539
vt 0.453583 0.453583
vt 0.000000 0.455110
vt 0.453717 0.453717
vt 0.000000 0.322052
vt 0.321866 0.321866
vt 0.000000 0.322981
vt 0.000000 0.337663
vt 0.336497 0.336497
vt 0.000000 0.336690
vt 0.000000 0.358649
vt 0.358442 0.358442
vt 0.000000 0.359684
vt 0.000000 0.754285
vt 0.000000 0.749689
vt 0.000000 0.132129
vt 0.131673 0.131673
vt 0.000000 0.336398
vt 0.000000 0.336748
vt 1.000000 0.904363
vt 1.000804 0.860767
vt 1.015593 0.363632
vt 1.000000 0.592872
vt 1.000000 0.765852
vt 0.588030 0.525963
vt 0.999999 0.570757
vt 0.554125 0.504341
vt 0.260015 0.260015
vt 0.000000 0.747631
vt 0.314403 0.314403
vt 0.755955 0.755955
vt 0.257869 0.257869
vt 0.276765 0.251900
vt 0.178606 0.100653
vt 0.073679 0.067060
vt 0.074033 0.042255
vt 1.000000 0.593585
vt 0.000000 0.299628
vt 0.650258 0.650258
vt 1.000000 0.567670
vt 0.594875 0.562538
vt 0.000000 0.469791
vt 0.000000 0.468439
vt 0.166373 0.090371
vt 0.179651 0.167854
vt 0.000000 0.853991
vt 0.000000 0.856220
vt 0.525218 0.525218
vt 0.000000 0.824713
vt 0.000000 0.824806
vt 0.000000 0.653415
vt 0.000000 0.697558
vt 0.000000 0.536071
vt 0.531961 0.531961
vt 0.755940 0.755940
vt 0.089324 0.083446
vt 0.074814 0.040639
vt 0.090088 0.080579
vt 0.000000 0.716954
vt 0.000000 0.713865
vt 0.712096 0.712096
vt 0.000000 0.846160
vt 0.713827 0.713827
vt 0.000000 0.841167
vt 0.841213 0.841213
vt 0.000000 0.131749
vt 0.000000 0.175665
vt 0.000000 0.234220
vt 0.000000 0.344010
vt 0.000000 0.439162
vt 0.175564 0.175564
vt 0.234085 0.234085
vt 0.343812 0.343812
vt 0.438909 0.438909
vt 0.000000 0.176172
vt 0.000000 0.234896
vt 0.000000 0.345003
vt 0.000000 0.440429
vt 1.000000 0.842314
vt 1.000000 0.792014
vt 0.999999 0.999999
vt 0.999999 0.999999
vt 0.000000 0.824850
vt 0.000000 0.824849
vt 0.000000 0.647784
vt 0.000000 0.612382
s 0
usemtl Asphalt
f 5/1/1 8/2/2 13/1/1
f 9/3/3 2/4/4 4/3/3
f 7/4/5 1/1/5 6/2/5
f 12/1/6 5/2/7 13/2/7
f 9/4/8 15/3/9 20/3/8
f 1/2/5 18/3/5 17/1/5
f 26/1/10 16/2/11 12/2/12
f 20/4/13 21/3/13 19/3/13
f 17/2/5 14/3/5 24/1/5
f 23/1/14 26/2/14 25/1/14
f 27/3/15 21/4/16 28/3/16
f 14/4/5 30/1/5 24/2/5
f 32/1/17 23/2/17 25/2/17
f 27/5/18 35/3/19 33/3/19
f 30/2/5 37/3/5 36/1/5
f 43/1/20 32/2/20 38/1/20
f 39/3/21 35/4/22 42/3/22
f 37/4/5 34/1/5 36/2/5
f 50/1/23 43/2/23 38/2/23
f 39/5/24 44/3/25 51/3/25
f 34/2/5 41/6/5 40/1/5
f 49/7/26 50/2/26 54/7/26
f 51/4/27 48/8/27 55/8/28
f 41/4/5 53/7/5 40/2/5
f 949/9/29 60/1/5 53/10/5
f 59/1/30 62/2/30 69/1/30
f 63/3/31 58/4/32 66/3/32
f 61/4/5 56/1/5 60/2/5
f 68/1/33 59/2/33 69/2/33
f 63/4/34 71/3/35 75/3/35
f 56/2/5 74/3/5 65/11/5
f 81/1/36 67/2/36 68/2/36
f 75/4/37 72/3/37 82/3/37
f 65/2/5 79/12/5 70/1/5
f 78/1/38 81/2/38 80/1/38
f 86/12/39 72/4/40 77/3/40
f 79/4/5 84/1/5 70/2/5
f 85/1/41 78/2/41 80/2/41
f 86/13/42 87/3/43 91/3/43
f 84/2/5 89/3/5 88/1/5
f 95/1/44 85/2/44 99/1/44
f 90/3/45 87/4/46 94/3/46
f 89/4/5 97/1/5 88/2/5
f 102/11/47 95/2/47 99/2/47
f 90/4/48 96/3/49 103/3/49
f 97/2/5 93/3/5 92/1/5
f 101/1/50 102/2/51 109/1/51
f 110/3/52 96/4/53 105/3/53
f 93/4/5 106/1/5 92/2/5
f 108/1/54 101/2/55 109/2/54
f 110/4/56 112/3/57 116/12/57
f 106/2/5 115/3/5 104/1/5
f 114/1/58 108/2/59 121/1/59
f 122/3/60 112/4/61 118/3/61
f 115/4/5 111/1/5 104/2/5
f 127/1/62 114/2/63 121/2/62
f 122/4/64 125/3/65 128/3/65
f 111/2/5 126/3/5 117/1/5
f 131/1/66 127/2/66 135/1/66
f 137/3/67 125/4/68 130/3/68
f 126/4/5 123/1/5 117/2/5
f 134/1/69 131/2/69 135/2/69
f 137/4/70 132/3/71 136/3/71
f 123/2/5 140/3/5 129/1/5
f 141/1/72 134/2/73 145/1/74
f 146/3/75 132/4/75 139/3/76
f 140/4/5 143/1/5 129/2/5
f 148/1/77 145/2/78 144/1/79
f 153/3/80 139/4/81 142/3/82
f 138/4/5 150/1/5 143/2/5
f 149/1/83 144/2/84 157/14/83
f 152/3/85 142/4/86 155/3/85
f 151/4/5 156/1/5 150/2/5
f 166/1/87 149/2/88 157/2/88
f 152/4/89 161/3/90 158/3/91
f 156/2/5 165/3/5 154/1/5
f 168/1/92 162/2/93 166/2/94
f 158/4/95 163/3/96 169/3/97
f 154/2/5 160/3/5 159/1/5
f 175/1/98 164/2/99 168/2/100
f 169/4/101 171/3/102 177/3/103
f 159/2/5 174/3/5 167/1/5
f 181/1/104 172/2/105 175/2/106
f 177/4/107 178/3/107 176/3/107
f 167/2/5 179/3/5 170/1/5
f 180/14/108 173/2/108 181/2/108
f 176/4/109 183/3/110 189/3/109
f 170/2/5 188/3/5 187/1/5
f 186/1/111 180/2/112 192/1/112
f 193/3/113 183/4/114 185/3/115
f 188/5/5 191/1/5 187/2/5
f 197/1/116 192/2/116 202/11/116
f 203/3/117 185/4/117 196/3/117
f 182/4/5 200/1/5 191/2/5
f 201/1/118 197/2/118 202/2/118
f 203/4/119 198/3/119 205/3/119
f 200/2/5 195/3/5 194/1/5
f 208/1/120 201/2/120 212/14/120
f 213/3/121 198/4/121 207/3/121
f 195/13/5 204/1/5 194/2/5
f 209/1/122 212/2/122 211/1/122
f 218/3/123 207/4/123 215/3/123
f 210/4/5 206/1/5 204/2/5
f 221/1/124 211/2/124 217/1/124
f 226/3/125 215/4/125 220/3/125
f 216/4/5 223/1/5 206/2/5
f 229/1/126 217/2/127 224/1/128
f 225/3/129 220/4/129 222/3/130
f 214/13/5 231/14/5 223/2/5
f 230/1/131 224/2/132 234/1/131
f 236/6/133 222/4/134 233/3/133
f 219/4/5 227/1/5 231/2/5
f 238/1/135 234/2/135 242/1/135
f 235/3/136 233/4/136 237/3/136
f 228/4/5 232/1/5 227/2/5
f 245/1/137 242/2/137 241/1/137
f 243/3/138 237/4/138 239/3/138
f 240/4/5 247/1/5 232/2/5
f 252/1/139 241/2/139 249/1/139
f 250/3/140 239/4/140 246/3/140
f 248/4/5 244/1/5 247/2/5
f 261/1/141 252/2/141 249/2/141
f 250/4/142 256/3/142 254/3/142
f 244/2/5 251/3/5 259/1/5
f 260/11/143 257/2/143 261/2/143
f 254/4/144 263/3/144 262/3/144
f 259/2/5 255/3/5 265/1/5
f 264/1/145 260/2/145 266/1/145
f 267/3/146 263/4/146 269/3/146
f 255/5/5 271/1/5 265/2/5
f 274/1/147 266/2/147 279/1/147
f 280/3/148 269/4/148 270/3/148
f 272/4/5 268/1/5 271/2/5
f 278/1/149 274/2/149 279/2/149
f 280/4/150 275/3/150 284/3/150
f 268/2/5 273/3/5 283/1/5
f 291/1/151 276/2/151 278/2/151
f 284/4/152 287/3/152 293/3/152
f 283/2/5 281/3/5 289/1/5
f 290/1/153 282/2/153 291/2/153
f 293/4/154 288/3/154 292/12/154
f 289/2/5 286/3/5 285/1/5
f 304/1/155 296/2/155 290/2/155
f 292/4/156 297/3/156 298/3/156
f 285/2/5 295/3/5 294/1/5
f 303/1/157 301/2/157 304/2/157
f 298/4/158 306/3/158 309/3/158
f 294/2/5 300/3/5 299/1/5
f 307/1/159 303/2/159 308/1/159
f 318/3/160 306/4/160 312/3/160
f 300/4/5 305/1/5 299/2/5
f 314/1/161 308/2/161 316/1/161
f 317/3/162 312/4/162 313/3/162
f 315/4/5 310/11/5 305/2/5
f 322/1/163 314/2/163 316/2/163
f 317/4/164 321/3/164 323/3/164
f 310/2/5 320/3/5 319/1/5
f 327/1/165 322/2/165 333/1/165
f 335/3/166 321/4/166 326/3/166
f 320/4/5 324/1/5 319/2/5
f 337/1/167 333/2/167 332/1/167
f 334/3/168 326/4/168 330/3/168
f 331/4/5 328/1/5 324/2/5
f 339/1/169 332/2/169 343/1/169
f 340/3/170 330/4/170 338/3/170
f 329/4/5 342/1/5 328/2/5
f 346/1/171 343/2/171 352/1/171
f 344/3/172 338/4/172 341/3/172
f 336/4/5 349/1/5 342/2/5
f 351/1/173 346/2/173 352/2/173
f 344/4/174 347/3/175 353/3/174
f 349/2/5 345/6/5 356/1/5
f 357/14/176 348/2/176 351/2/176
f 353/4/177 360/3/178 364/3/179
f 356/2/5 362/3/5 354/1/5
f 363/1/180 355/2/180 357/2/180
f 360/4/181 367/3/182 364/4/183
f 354/2/5 359/3/184 358/1/5
f 367/13/185 673/15/186 675/16/187
f 384/1/188 375/2/189 376/2/188
f 386/17/190 662/2/190 379/2/190
f 659/2/5 378/2/5 372/2/5
f 389/1/191 384/2/191 392/1/191
f 385/3/192 379/4/192 382/3/192
f 383/4/5 391/11/5 378/2/5
f 395/1/193 392/2/193 399/1/193
f 393/3/194 382/4/194 390/3/194
f 381/4/5 387/1/5 391/2/5
f 398/1/195 395/2/195 399/2/195
f 393/4/196 396/3/196 400/3/196
f 387/2/5 404/3/5 394/1/5
f 403/1/197 398/2/197 409/1/197
f 411/3/198 396/4/198 402/3/198
f 404/4/5 408/1/5 394/2/5
f 407/1/199 409/2/199 416/1/199
f 410/3/200 402/4/200 413/3/200
f 401/4/5 405/1/5 408/2/5
f 414/1/201 416/2/201 415/14/201
f 424/3/202 413/4/202 419/3/202
f 406/4/5 421/1/5 405/2/5
f 426/1/203 415/2/203 422/1/203
f 423/3/204 419/4/204 420/3/204
f 412/4/5 417/1/5 421/2/5
f 435/1/205 426/2/205 422/2/205
f 423/4/206 427/3/206 428/6/206
f 417/2/5 433/3/5 425/11/5
f 434/1/207 430/2/207 435/2/207
f 428/4/208 431/3/208 436/3/208
f 425/2/5 439/3/5 429/1/5
f 438/1/209 434/2/209 440/1/209
f 441/3/210 431/4/210 437/3/210
f 439/4/5 444/1/5 429/2/5
f 446/1/211 438/2/211 440/2/211
f 441/4/212 448/3/212 451/3/212
f 444/2/5 449/3/5 442/1/5
f 456/1/213 443/2/213 446/2/213
f 451/4/214 452/3/214 450/3/214
f 442/2/5 447/3/5 455/11/5
f 454/1/215 456/2/215 462/1/215
f 457/3/216 452/4/217 459/3/217
f 447/4/5 460/1/5 455/2/5
f 470/1/218 454/2/218 462/2/218
f 457/4/219 465/3/220 463/3/220
f 460/2/5 458/3/5 469/1/5
f 468/1/221 470/2/221 476/1/221
f 477/3/222 465/4/222 467/3/222
f 458/4/5 475/1/5 469/2/5
f 474/1/223 476/2/223 480/1/223
f 481/3/224 467/4/225 473/3/225
f 464/5/5 471/1/5 475/2/5
f 484/1/226 474/2/226 480/2/226
f 481/13/227 482/3/228 485/3/228
f 471/2/5 483/3/5 478/1/5
f 487/1/229 484/2/229 490/1/229
f 491/6/230 482/4/231 486/3/231
f 483/4/5 488/1/5 478/2/5
f 499/1/232 487/2/232 490/2/232
f 491/4/233 493/3/234 501/3/234
f 488/2/5 497/3/5 496/1/5
f 504/1/235 499/2/235 498/1/235
f 500/3/236 493/4/236 495/3/236
f 497/4/5 506/1/5 496/2/5
f 511/1/237 504/2/237 498/2/237
f 500/4/238 508/3/239 513/3/239
f 506/2/5 503/3/5 502/1/5
f 510/1/240 511/2/240 520/1/240
f 512/3/241 508/4/241 509/3/241
f 503/4/5 507/1/5 502/2/5
f 519/1/242 510/2/242 520/2/242
f 512/4/243 516/3/243 521/3/243
f 507/2/5 515/3/5 514/1/5
f 525/1/244 519/2/245 530/1/246
f 531/3/247 516/4/248 524/3/249
f 515/4/5 527/1/5 514/2/5
f 534/1/250 530/2/251 529/1/250
f 539/3/252 524/4/253 526/3/254
f 528/4/5 522/1/5 527/2/5
f 537/11/255 534/2/255 529/2/255
f 539/4/256 535/3/257 538/3/257
f 522/2/5 533/3/5 532/1/5
f 542/1/258 537/2/258 546/1/258
f 547/3/259 535/4/260 540/3/260
f 533/4/5 544/11/5 532/2/5
f 552/1/261 542/2/261 546/2/261
f 547/4/262 549/3/263 554/3/263
f 544/2/5 541/3/5 550/1/5
f 551/1/264 543/2/264 552/2/264
f 554/4/265 557/3/265 553/3/265
f 550/2/5 548/3/5 560/1/5
f 563/1/266 551/2/267 566/1/267
f 568/3/268 557/4/269 559/3/269
f 548/5/5 555/1/5 560/2/5
f 565/1/270 563/2/271 566/2/270
f 568/4/272 564/3/273 567/3/273
f 555/2/5 562/3/5 561/14/5
f 573/1/274 565/2/274 574/1/274
f 580/3/275 564/4/275 572/3/275
f 562/4/5 569/1/5 561/2/5
f 578/1/276 574/2/276 579/1/276
f 585/3/277 572/4/277 577/3/277
f 570/4/5 575/1/5 569/2/5
f 584/1/278 578/2/278 579/2/278
f 585/4/279 588/3/279 592/3/279
f 575/2/5 582/3/5 581/1/5
f 590/1/280 584/2/280 597/1/280
f 591/3/281 588/4/281 589/3/281
f 582/4/5 586/1/5 581/2/5
f 595/1/282 597/2/282 596/1/282
f 603/3/283 589/4/283 594/3/283
f 587/4/5 593/1/5 586/2/5
f 602/1/284 595/2/284 596/2/284
f 603/4/285 599/3/285 607/3/285
f 593/2/5 598/3/5 606/1/5
f 615/14/286 600/2/286 602/2/286
f 607/4/287 610/3/287 617/3/287
f 606/2/5 613/3/5 604/1/5
f 612/1/288 615/2/288 614/1/288
f 616/3/289 610/4/289 611/3/289
f 613/4/5 608/1/5 604/2/5
f 620/1/290 614/2/290 628/11/290
f 621/3/291 611/4/291 619/3/291
f 609/4/5 626/1/5 608/2/5
f 627/14/292 620/2/292 628/2/292
f 621/13/293 624/3/293 634/3/293
f 626/2/5 623/12/5 622/1/5
f 631/1/294 627/2/294 632/1/294
f 633/3/295 624/4/295 630/3/295
f 623/4/5 629/1/5 622/2/5
f 638/1/296 632/2/297 640/1/298
f 641/3/299 630/4/300 637/3/301
f 639/4/5 635/1/5 629/2/5
f 647/1/302 640/2/303 643/1/302
f 644/3/304 637/4/305 642/3/304
f 636/4/5 650/1/5 635/2/5
f 652/1/306 647/2/306 643/2/306
f 644/4/307 648/3/307 653/3/307
f 650/2/5 646/3/5 645/1/5
f 6/2/5 646/3/5 7/4/5
f 3/2/308 652/1/309 8/2/310
f 10/4/311 648/3/312 2/4/313
f 661/1/314 379/2/314 662/2/314
f 746/18/5 737/19/5 654/14/5
f 377/3/315 656/4/316 664/4/316
f 743/20/317 672/21/318 730/22/5
f 359/4/319 672/21/320 365/1/5
f 371/3/321 674/23/322 368/3/322
f 741/24/323 726/25/323 732/26/323
f 369/1/324 363/2/325 366/1/326
f 707/3/327 682/3/327 708/3/327
f 710/1/328 680/11/328 711/1/328
f 709/3/5 677/1/5 712/1/5
f 721/17/5 687/17/5 683/17/5
f 723/17/329 684/17/329 686/17/329
f 719/17/330 685/17/330 688/17/330
f 713/17/331 692/17/332 714/17/333
f 715/17/334 694/17/335 716/17/336
f 717/17/5 689/17/5 718/17/5
f 703/1/337 699/11/337 698/1/337
f 705/3/338 697/6/338 700/3/338
f 701/1/5 696/3/5 695/1/339
f 823/27/340 696/3/5 784/28/5
f 690/17/341 754/29/341 692/17/342
f 694/17/343 811/30/344 969/31/345
f 677/1/5 706/3/5 701/1/5
f 682/3/346 704/3/346 705/3/346
f 680/11/347 702/1/347 703/1/347
f 655/3/5 712/1/5 654/14/5
f 661/1/348 711/1/348 658/1/348
f 657/3/349 708/3/349 663/3/349
f 687/17/5 718/17/5 683/17/5
f 685/17/350 716/17/350 688/17/350
f 684/17/351 714/17/351 686/17/351
f 670/17/352 724/17/353 719/17/353
f 668/17/354 722/17/354 723/17/354
f 665/17/5 720/17/5 721/17/5
f 731/32/355 666/17/355 668/17/355
f 673/15/356 670/17/357 675/16/358
f 665/17/5 729/33/5 669/17/5
f 728/34/5 729/33/5 727/35/5
f 773/36/359 725/37/359 731/38/359
f 797/39/360 734/17/360 736/17/360
f 798/40/5 737/17/5 733/17/5
f 734/41/361 748/42/361 736/43/361
f 663/3/362 735/44/362 657/3/362
f 743/17/363 757/45/5 804/46/5
f 740/17/364 806/47/365 742/17/366
f 744/17/367 759/48/367 762/49/367
f 747/50/368 664/4/368 656/4/368
f 740/51/369 674/23/370 676/52/370
f 755/17/5 769/53/5 751/17/5
f 754/17/371 771/54/371 773/55/371
f 753/17/372 763/56/373 756/17/373
f 763/57/374 794/58/374 789/59/374
f 756/60/375 785/61/375 753/62/375
f 764/63/5 770/64/5 769/65/5
f 774/66/376 732/67/376 726/68/376
f 769/65/5 728/69/5 727/33/5
f 766/70/377 761/71/378 767/72/379
f 765/73/5 758/74/5 770/75/5
f 772/76/380 762/77/380 759/78/380
f 375/2/381 975/79/382 376/2/383
f 371/3/384 974/3/385 971/3/386
f 760/80/387 801/81/387 761/82/388
f 782/83/389 787/84/390 783/85/390
f 784/86/5 796/87/5 791/88/5
f 785/89/391 789/90/392 794/91/392
f 782/92/393 700/3/394 697/6/394
f 790/93/395 766/94/396 767/95/395
f 787/96/397 735/44/397 738/17/397
f 791/97/5 765/98/5 764/63/5
f 788/99/398 800/100/398 810/101/398
f 796/87/5 792/102/5 791/88/5
f 792/102/5 808/103/5 803/104/5
f 795/105/399 801/106/399 805/107/399
f 800/108/400 749/1/400 810/109/400
f 809/110/401 778/111/402 779/112/401
f 803/113/5 807/114/5 804/46/5
f 808/115/5 746/3/5 807/114/5
f 799/116/403 750/3/403 747/3/403
f 804/117/5 775/118/5 776/119/5
f 806/120/404 780/121/405 777/122/405
f 778/3/406 377/3/407 779/3/408
f 882/123/409 857/124/410 812/125/410
f 891/126/411 813/127/412 888/128/413
f 897/129/414 814/130/415 894/131/415
f 903/132/416 815/133/416 900/134/416
f 909/135/417 816/136/417 906/137/417
f 915/138/418 817/139/418 912/140/418
f 921/141/419 818/142/420 918/143/420
f 957/144/421 850/145/421 819/146/421
f 933/147/422 820/148/423 930/149/423
f 939/150/424 821/151/424 936/152/424
f 945/153/425 822/154/426 942/155/427
f 886/156/428 824/157/428 860/158/428
f 889/159/429 861/160/430 892/161/431
f 895/162/432 862/163/432 898/164/432
f 901/165/433 863/166/433 904/167/434
f 907/168/435 864/169/435 910/170/435
f 913/171/436 865/172/436 916/173/437
f 919/174/438 866/175/439 922/176/440
f 960/177/441 831/178/442 867/179/443
f 931/180/444 868/181/445 934/182/444
f 937/183/446 869/184/446 940/185/446
f 943/186/447 870/187/448 946/188/449
f 884/189/450 871/190/5 836/191/5
f 893/192/5 837/193/5 890/194/5
f 899/195/5 838/196/5 896/197/5
f 905/198/5 839/199/5 902/200/5
f 911/201/5 840/202/5 908/203/5
f 917/204/5 841/205/5 914/206/5
f 923/207/5 842/208/5 920/209/5
f 959/210/5 878/211/5 843/212/5
f 935/213/5 844/214/5 932/215/5
f 941/216/5 845/217/5 938/218/5
f 947/219/5 846/220/451 944/221/5
f 871/190/5 890/194/5 836/191/5
f 824/157/452 892/161/452 860/158/452
f 857/124/453 888/128/453 812/125/453
f 837/193/5 899/195/5 896/197/5
f 861/160/454 895/162/455 898/164/455
f 813/127/456 897/129/457 894/131/457
f 873/222/5 902/200/5 838/196/5
f 826/223/458 904/167/458 862/163/458
f 855/224/459 900/134/459 814/130/460
f 839/199/5 911/201/5 908/203/5
f 863/166/461 907/168/461 910/170/461
f 815/133/462 909/135/462 906/137/462
f 875/225/5 914/206/5 840/202/5
f 828/226/463 916/173/464 864/169/463
f 853/227/465 912/140/465 816/136/465
f 876/228/5 920/209/5 841/205/5
f 829/229/466 922/176/466 865/172/466
f 852/230/467 918/143/467 817/139/467
f 956/231/5 926/232/5 954/233/5
f 953/234/468 928/235/469 955/236/470
f 951/237/471 924/238/472 952/239/473
f 966/240/5 935/213/5 932/215/5
f 967/241/474 931/180/475 934/182/474
f 964/242/476 933/147/476 930/149/476
f 879/243/5 938/218/5 844/214/5
f 832/244/477 940/185/477 868/181/477
f 849/245/478 936/152/478 820/148/478
f 880/246/5 944/221/5 845/217/5
f 833/247/479 946/188/479 869/184/480
f 848/248/481 942/155/481 821/151/481
f 822/154/482 950/249/482 948/250/483
f 870/187/484 55/251/485 48/252/486
f 846/220/487 949/253/488 46/254/489
f 851/255/490 952/239/491 818/142/492
f 830/256/493 955/236/494 866/175/493
f 877/257/5 954/233/5 842/208/5
f 929/258/5 959/210/5 926/232/5
f 925/259/495 960/177/495 928/235/496
f 927/260/497 957/144/497 924/238/497
f 819/146/498 963/261/498 964/242/498
f 867/179/499 965/262/500 967/241/500
f 843/212/5 968/263/5 966/240/5
f 858/264/501 699/11/501 835/265/502
f 811/17/503 882/123/504 969/17/505
f 859/17/506 887/266/507 884/189/508
f 858/17/509 883/267/510 886/156/509
f 62/1/511 49/268/511 54/269/511
f 64/3/512 950/270/512 58/3/512
f 5/1/1 3/2/513 8/2/514
f 9/3/3 10/4/515 2/4/516
f 7/4/5 11/3/5 1/1/5
f 12/1/517 16/1/518 5/2/7
f 9/4/8 4/4/8 15/3/519
f 1/2/5 11/4/5 18/3/5
f 26/1/520 22/1/520 16/2/521
f 20/4/522 15/4/523 21/3/522
f 17/2/5 18/4/5 14/3/5
f 23/1/524 22/2/524 26/2/524
f 27/3/525 19/4/16 21/4/16
f 14/4/5 31/3/5 30/1/5
f 32/1/526 29/1/526 23/2/526
f 27/5/527 28/4/528 35/3/528
f 30/2/5 31/4/5 37/3/5
f 43/1/529 29/2/529 32/2/529
f 39/3/530 33/4/531 35/4/531
f 37/4/5 45/3/5 34/1/5
f 50/1/532 47/1/532 43/2/532
f 39/5/533 42/4/534 44/3/534
f 34/2/5 45/4/5 41/6/5
f 49/7/535 47/2/535 50/2/535
f 51/4/536 44/4/536 48/8/536
f 41/4/5 46/271/537 53/7/5
f 53/10/5 46/272/538 949/9/539
f 949/9/540 61/3/5 60/1/5
f 59/1/541 52/2/541 62/2/541
f 63/3/542 64/4/543 58/4/543
f 61/4/5 57/3/5 56/1/5
f 68/1/544 67/1/544 59/2/544
f 63/4/545 66/4/35 71/3/35
f 56/2/5 57/4/5 74/3/5
f 81/1/36 73/1/36 67/2/36
f 75/4/37 71/4/37 72/3/37
f 65/2/5 74/4/5 79/12/5
f 78/1/38 73/2/38 81/2/38
f 86/12/546 82/4/547 72/4/547
f 79/4/5 76/3/5 84/1/5
f 85/1/548 83/1/548 78/2/548
f 86/13/549 77/4/550 87/3/550
f 84/2/5 76/4/5 89/3/5
f 95/1/551 83/2/551 85/2/551
f 90/3/552 91/4/553 87/4/553
f 89/4/5 98/3/5 97/1/5
f 102/11/554 100/1/554 95/2/554
f 90/4/555 94/4/556 96/3/556
f 97/2/5 98/4/5 93/3/5
f 101/1/557 100/2/558 102/2/558
f 110/3/559 103/4/560 96/4/560
f 93/4/5 107/3/5 106/1/5
f 108/1/561 113/1/561 101/2/562
f 110/4/563 105/4/564 112/3/564
f 106/2/5 107/5/5 115/3/5
f 114/1/565 113/2/566 108/2/566
f 122/3/567 116/4/568 112/4/568
f 115/4/5 120/3/5 111/1/5
f 127/1/569 119/1/569 114/2/570
f 122/4/571 118/4/572 125/3/572
f 111/2/5 120/4/5 126/3/5
f 131/1/573 119/2/573 127/2/573
f 137/3/574 128/4/575 125/4/575
f 126/4/5 124/3/5 123/1/5
f 134/1/576 133/1/576 131/2/576
f 137/4/577 130/4/578 132/3/578
f 123/2/5 124/4/5 140/3/5
f 141/1/579 133/2/580 134/2/580
f 146/3/581 136/4/582 132/4/582
f 140/4/5 138/3/5 143/1/5
f 148/1/583 141/2/584 145/2/585
f 153/3/586 146/4/587 139/4/588
f 138/4/5 151/3/5 150/1/5
f 149/1/589 148/2/590 144/2/591
f 152/3/85 153/4/592 142/4/593
f 151/4/5 147/3/5 156/1/5
f 166/1/594 162/1/595 149/2/596
f 152/4/89 155/4/89 161/3/597
f 156/2/5 147/4/5 165/3/5
f 168/1/598 164/1/599 162/2/600
f 158/4/601 161/4/602 163/3/603
f 154/2/5 165/4/5 160/3/5
f 175/1/604 172/1/605 164/2/606
f 169/4/103 163/4/607 171/3/608
f 159/2/5 160/4/5 174/3/5
f 181/1/609 173/1/609 172/2/610
f 177/4/611 171/4/612 178/3/611
f 167/2/5 174/4/5 179/3/5
f 180/14/613 184/1/613 173/2/613
f 176/4/614 178/4/614 183/3/615
f 170/2/5 179/4/5 188/3/5
f 186/1/616 184/2/617 180/2/618
f 193/3/619 189/4/620 183/4/621
f 188/5/5 182/3/5 191/1/5
f 197/1/622 186/2/623 192/2/622
f 203/3/624 193/4/625 185/4/624
f 182/4/5 190/3/5 200/1/5
f 201/1/626 199/1/626 197/2/626
f 203/4/627 196/4/627 198/3/627
f 200/2/5 190/4/5 195/3/5
f 208/1/628 199/2/628 201/2/628
f 213/3/629 205/4/629 198/4/629
f 195/13/5 210/3/5 204/1/5
f 209/1/630 208/2/630 212/2/630
f 218/3/631 213/5/631 207/4/631
f 210/4/5 216/3/5 206/1/5
f 221/1/632 209/2/632 211/2/632
f 226/3/633 218/4/633 215/4/633
f 216/4/5 214/3/5 223/1/5
f 229/1/634 221/2/635 217/2/635
f 225/3/636 226/4/637 220/4/637
f 214/13/5 219/3/5 231/14/5
f 230/1/638 229/2/639 224/2/640
f 236/6/641 225/13/642 222/4/643
f 219/4/5 228/3/5 227/1/5
f 238/1/644 230/2/644 234/2/644
f 235/3/645 236/4/645 233/4/645
f 228/4/5 240/3/5 232/1/5
f 245/1/646 238/2/646 242/2/646
f 243/3/647 235/4/647 237/4/647
f 240/4/5 248/3/5 247/1/5
f 252/1/648 245/2/648 241/2/648
f 250/3/649 243/4/649 239/4/649
f 248/4/5 253/3/5 244/1/5
f 261/1/650 257/1/650 252/2/650
f 250/4/651 246/4/651 256/3/651
f 244/2/5 253/4/5 251/3/5
f 260/11/652 258/1/652 257/2/652
f 254/4/653 256/4/653 263/3/653
f 259/2/5 251/4/5 255/3/5
f 264/1/654 258/2/654 260/2/654
f 267/3/655 262/4/655 263/4/655
f 255/5/5 272/3/5 271/1/5
f 274/1/656 264/2/656 266/2/656
f 280/3/657 267/4/657 269/4/657
f 272/4/5 277/6/5 268/1/5
f 278/1/149 276/1/149 274/2/149
f 280/4/150 270/4/150 275/3/150
f 268/2/5 277/4/5 273/3/5
f 291/1/658 282/1/658 276/2/658
f 284/4/659 275/4/659 287/3/659
f 283/2/5 273/4/5 281/3/5
f 290/1/660 296/1/660 282/2/660
f 293/4/661 287/4/661 288/3/661
f 289/2/5 281/4/5 286/3/5
f 304/1/662 301/1/662 296/2/662
f 292/4/663 288/4/663 297/3/663
f 285/2/5 286/4/5 295/3/5
f 303/1/664 302/1/664 301/2/664
f 298/4/665 297/4/665 306/3/665
f 294/2/5 295/4/5 300/3/5
f 307/1/666 302/2/666 303/2/666
f 318/3/667 309/4/667 306/4/667
f 300/4/5 315/3/5 305/1/5
f 314/1/668 307/2/668 308/2/668
f 317/3/669 318/4/669 312/4/669
f 315/4/5 311/3/5 310/11/5
f 322/1/670 325/1/671 314/2/671
f 317/4/672 313/4/672 321/3/672
f 310/2/5 311/4/5 320/3/5
f 327/1/673 325/2/673 322/2/673
f 335/3/674 323/4/674 321/4/674
f 320/4/5 331/3/5 324/1/5
f 337/1/675 327/2/675 333/2/675
f 334/3/676 335/4/676 326/4/676
f 331/4/5 329/3/5 328/1/5
f 339/1/677 337/2/677 332/2/677
f 340/3/678 334/4/678 330/4/678
f 329/4/5 336/12/5 342/1/5
f 346/1/679 339/2/679 343/2/679
f 344/3/680 340/4/680 338/4/680
f 336/4/5 350/3/5 349/1/5
f 351/1/681 348/1/681 346/2/681
f 344/4/682 341/4/682 347/3/682
f 349/2/5 350/4/5 345/6/5
f 357/14/683 355/1/683 348/2/683
f 353/4/684 347/4/684 360/3/685
f 356/2/5 345/4/5 362/3/5
f 363/1/686 361/1/686 355/2/686
f 354/2/5 362/4/5 359/3/687
f 384/1/688 380/1/688 375/2/689
f 372/2/5 373/6/5 660/13/5
f 659/2/5 383/17/5 378/2/5
f 372/2/5 660/13/5 659/2/5
f 389/1/690 380/2/690 384/2/690
f 385/3/691 386/4/691 379/4/691
f 383/4/5 381/3/5 391/11/5
f 395/1/692 389/2/692 392/2/692
f 393/3/693 385/4/693 382/4/693
f 381/4/5 388/3/5 387/1/5
f 398/1/694 397/1/694 395/2/694
f 393/4/695 390/4/695 396/3/695
f 387/2/5 388/4/5 404/3/5
f 403/1/197 397/2/197 398/2/197
f 411/3/696 400/4/696 396/4/696
f 404/4/5 401/3/5 408/1/5
f 407/1/697 403/2/697 409/2/697
f 410/3/698 411/4/698 402/4/698
f 401/4/5 406/3/5 405/1/5
f 414/1/201 407/2/201 416/2/201
f 424/3/202 410/4/202 413/4/202
f 406/4/5 412/3/5 421/1/5
f 426/1/203 414/2/203 415/2/203
f 423/3/699 424/4/699 419/4/699
f 412/4/5 418/3/5 417/1/5
f 435/1/700 430/1/700 426/2/700
f 423/4/701 420/4/701 427/3/701
f 417/2/5 418/4/5 433/3/5
f 434/1/702 432/1/702 430/2/702
f 428/4/703 427/4/703 431/3/703
f 425/2/5 433/4/5 439/3/5
f 438/1/704 432/2/704 434/2/704
f 441/3/705 436/4/705 431/4/705
f 439/4/5 445/3/5 444/1/5
f 446/1/706 443/1/706 438/2/706
f 441/4/707 437/4/707 448/3/707
f 444/2/5 445/4/5 449/3/5
f 456/1/708 453/1/708 443/2/708
f 451/4/709 448/4/709 452/3/709
f 442/2/5 449/4/5 447/3/5
f 454/1/710 453/2/710 456/2/710
f 457/3/711 450/5/712 452/4/712
f 447/4/5 461/12/5 460/1/5
f 470/1/713 466/1/713 454/2/713
f 457/4/714 459/4/715 465/3/715
f 460/2/5 461/4/5 458/3/5
f 468/1/716 466/2/716 470/2/716
f 477/3/717 463/4/717 465/4/717
f 458/4/5 464/3/5 475/1/5
f 474/1/223 468/2/223 476/2/223
f 481/3/718 477/4/225 467/4/225
f 464/5/5 472/3/5 471/1/5
f 484/1/719 479/1/719 474/2/719
f 481/13/720 473/4/721 482/3/721
f 471/2/5 472/4/5 483/3/5
f 487/1/722 479/2/722 484/2/722
f 491/6/723 485/4/724 482/4/724
f 483/4/5 489/3/5 488/1/5
f 499/1/725 494/1/725 487/2/725
f 491/4/726 486/4/726 493/3/726
f 488/2/5 489/4/5 497/3/5
f 504/1/727 494/2/727 499/2/727
f 500/3/728 501/4/729 493/4/729
f 497/4/5 492/3/5 506/1/5
f 511/1/730 505/1/730 504/2/730
f 500/4/731 495/4/731 508/3/731
f 506/2/5 492/4/5 503/3/5
f 510/1/732 505/2/732 511/2/732
f 512/3/241 513/4/241 508/4/241
f 503/4/5 518/3/5 507/1/5
f 519/1/242 517/1/242 510/2/242
f 512/4/733 509/4/733 516/3/733
f 507/2/5 518/4/5 515/3/5
f 525/1/734 517/2/245 519/2/245
f 531/3/735 521/4/248 516/4/248
f 515/4/5 528/3/5 527/1/5
f 534/1/250 525/2/736 530/2/737
f 539/3/738 531/4/739 524/4/740
f 528/4/5 523/3/5 522/1/5
f 537/11/741 536/1/741 534/2/741
f 539/4/742 526/4/743 535/3/743
f 522/2/5 523/4/5 533/3/5
f 542/1/744 536/2/744 537/2/744
f 547/3/745 538/4/746 535/4/746
f 533/4/5 545/12/5 544/11/5
f 552/1/747 543/1/747 542/2/747
f 547/4/748 540/4/749 549/3/749
f 544/2/5 545/4/5 541/3/5
f 551/1/750 558/1/750 543/2/750
f 554/4/751 549/4/751 557/3/751
f 550/2/5 541/4/5 548/3/5
f 563/1/752 558/2/753 551/2/753
f 568/3/754 553/4/755 557/4/755
f 548/5/5 556/3/5 555/1/5
f 565/1/756 571/1/756 563/2/757
f 568/4/758 559/4/759 564/3/759
f 555/2/5 556/4/5 562/3/5
f 573/1/760 571/2/760 565/2/760
f 580/3/761 567/4/761 564/4/761
f 562/4/5 570/6/5 569/1/5
f 578/1/276 573/2/276 574/2/276
f 585/3/277 580/4/277 572/4/277
f 570/4/5 576/3/5 575/1/5
f 584/1/762 583/1/762 578/2/762
f 585/4/763 577/4/763 588/3/763
f 575/2/5 576/4/5 582/3/5
f 590/1/764 583/2/764 584/2/764
f 591/3/765 592/5/765 588/4/765
f 582/4/5 587/3/5 586/1/5
f 595/1/766 590/2/766 597/2/766
f 603/3/767 591/4/767 589/4/767
f 587/4/5 601/3/5 593/1/5
f 602/1/768 600/1/768 595/2/768
f 603/4/769 594/4/769 599/3/769
f 593/2/5 601/4/5 598/3/5
f 615/14/286 605/1/286 600/2/286
f 607/4/287 599/4/287 610/3/287
f 606/2/5 598/4/5 613/3/5
f 612/1/770 605/2/770 615/2/770
f 616/3/771 617/4/771 610/4/771
f 613/4/5 609/3/5 608/1/5
f 620/1/772 612/2/772 614/2/772
f 621/3/773 616/4/773 611/4/773
f 609/4/5 618/3/5 626/1/5
f 627/14/774 625/1/774 620/2/774
f 621/13/775 619/4/775 624/3/775
f 626/2/5 618/4/5 623/12/5
f 631/1/776 625/2/776 627/2/776
f 633/3/777 634/5/777 624/4/777
f 623/4/5 639/3/5 629/1/5
f 638/1/778 631/2/779 632/2/779
f 641/3/780 633/4/781 630/4/781
f 639/4/5 636/3/5 635/1/5
f 647/1/302 638/2/782 640/2/783
f 644/3/784 641/4/785 637/4/786
f 636/4/5 651/3/5 650/1/5
f 652/1/306 649/1/306 647/2/306
f 644/4/307 642/4/307 648/3/307
f 650/2/5 651/4/5 646/3/5
f 6/2/5 645/1/5 646/3/5
f 3/2/787 649/1/309 652/1/309
f 10/4/788 653/3/312 648/3/312
f 661/1/789 658/1/789 379/2/789
f 654/14/5 659/2/5 660/13/5
f 746/18/5 745/273/790 733/274/5
f 654/14/5 660/13/5 746/18/5
f 737/19/5 655/3/5 654/14/5
f 746/18/791 733/274/791 737/19/791
f 377/3/792 374/3/793 656/4/793
f 730/22/5 728/34/5 743/20/794
f 743/20/795 739/275/796 672/21/797
f 672/21/798 671/276/799 730/22/5
f 365/1/5 358/2/5 359/4/800
f 359/4/801 671/276/802 672/21/803
f 371/3/804 676/52/805 674/23/805
f 741/24/806 744/277/806 726/25/806
f 369/1/807 361/2/808 363/2/808
f 707/3/809 679/3/809 682/3/809
f 710/1/810 681/1/810 680/11/810
f 709/3/5 678/3/5 677/1/5
f 721/17/5 720/17/5 687/17/5
f 723/17/811 722/17/811 684/17/811
f 719/17/812 724/17/812 685/17/812
f 713/17/813 690/17/814 692/17/815
f 715/17/816 691/17/817 694/17/818
f 717/17/5 693/17/5 689/17/5
f 703/1/819 702/1/819 699/11/819
f 705/3/820 704/3/820 697/6/820
f 701/1/5 706/3/5 696/3/5
f 751/278/5 689/17/5 693/17/5
f 823/27/821 859/279/822 695/1/823
f 751/278/5 693/17/5 823/27/824
f 784/28/5 755/280/5 751/278/5
f 696/3/5 781/281/5 784/28/5
f 823/27/825 695/1/826 696/3/5
f 784/28/5 751/278/5 823/27/827
f 690/17/828 752/282/828 754/29/828
f 694/17/829 691/17/830 811/30/831
f 677/1/5 678/3/5 706/3/5
f 682/3/832 679/3/832 704/3/832
f 680/11/833 681/1/833 702/1/833
f 655/3/5 709/3/5 712/1/5
f 661/1/834 710/1/834 711/1/834
f 657/3/835 707/3/835 708/3/835
f 687/17/5 717/17/5 718/17/5
f 685/17/836 715/17/837 716/17/836
f 684/17/838 713/17/839 714/17/838
f 670/17/840 667/17/841 724/17/841
f 668/17/842 666/17/842 722/17/842
f 665/17/5 669/17/5 720/17/5
f 731/32/843 725/283/843 666/17/843
f 673/15/844 667/17/845 670/17/846
f 665/17/5 727/35/5 729/33/5
f 728/34/5 730/22/5 729/33/5
f 773/36/847 771/284/847 725/37/847
f 797/39/848 788/285/848 734/17/848
f 798/40/5 796/286/5 737/17/5
f 734/41/362 749/287/849 748/42/362
f 663/3/361 738/17/361 735/44/361
f 804/46/5 739/17/850 743/17/851
f 743/17/852 758/288/5 757/45/5
f 757/45/5 803/113/5 804/46/5
f 740/17/853 802/289/854 806/47/855
f 744/17/856 741/17/856 759/48/856
f 747/50/362 750/290/362 664/4/362
f 740/51/857 742/291/858 674/23/858
f 755/17/5 764/292/5 769/53/5
f 754/17/859 752/17/859 771/54/859
f 753/17/860 768/293/860 763/56/860
f 763/57/861 768/294/861 794/58/861
f 756/60/862 786/28/863 785/61/864
f 764/63/5 765/98/5 770/64/5
f 774/66/865 772/295/865 732/67/865
f 769/65/5 770/64/5 728/69/5
f 766/70/866 760/296/867 761/71/868
f 765/73/5 757/297/5 758/74/5
f 772/76/869 774/298/869 762/77/869
f 375/2/870 979/299/871 972/300/872
f 368/3/873 974/3/873 371/3/874
f 760/80/875 805/301/875 801/81/875
f 782/83/876 793/302/877 787/84/878
f 784/86/5 781/303/5 796/87/5
f 785/89/879 786/304/880 789/90/880
f 782/92/881 783/305/394 700/3/394
f 790/93/882 795/306/882 766/94/883
f 787/96/884 793/307/885 735/44/885
f 791/97/5 792/308/5 765/98/5
f 788/99/886 797/309/886 800/100/886
f 796/87/5 798/310/5 792/102/5
f 792/102/5 798/310/5 808/103/5
f 795/105/887 790/311/887 801/106/887
f 800/108/888 748/1/889 749/1/890
f 809/110/891 799/312/891 778/111/892
f 803/113/5 808/115/5 807/114/5
f 808/115/5 745/1/893 746/3/5
f 799/116/894 809/313/894 750/3/894
f 804/117/5 807/314/5 775/118/5
f 806/120/895 802/315/896 780/121/896
f 778/3/897 374/3/897 377/3/898
f 882/123/899 885/316/900 857/124/900
f 891/126/901 856/317/902 813/127/903
f 897/129/904 855/224/905 814/130/906
f 903/132/907 854/318/907 815/133/907
f 909/135/908 853/227/908 816/136/908
f 915/138/909 852/230/909 817/139/909
f 921/141/910 851/255/911 818/142/912
f 957/144/913 962/319/913 850/145/913
f 933/147/914 849/245/915 820/148/916
f 939/150/917 848/248/917 821/151/917
f 945/153/918 847/320/919 822/154/919
f 886/156/920 883/267/920 824/157/920
f 889/159/921 825/321/922 861/160/923
f 895/162/924 826/223/924 862/163/924
f 901/165/925 827/322/925 863/166/925
f 907/168/926 828/226/926 864/169/926
f 913/171/927 829/229/927 865/172/927
f 919/174/928 830/256/928 866/175/928
f 960/177/929 958/323/929 831/178/929
f 931/180/930 832/244/931 868/181/932
f 937/183/933 833/247/933 869/184/933
f 943/186/934 834/324/935 870/187/936
f 884/189/937 887/266/938 871/190/5
f 893/192/5 872/325/5 837/193/5
f 899/195/5 873/222/5 838/196/5
f 905/198/5 874/326/5 839/199/5
f 911/201/5 875/225/5 840/202/5
f 917/204/5 876/228/5 841/205/5
f 923/207/5 877/257/5 842/208/5
f 959/210/5 961/327/5 878/211/5
f 935/213/5 879/243/5 844/214/5
f 941/216/5 880/246/5 845/217/5
f 947/219/5 881/328/939 846/220/940
f 871/190/5 893/192/5 890/194/5
f 824/157/941 889/159/942 892/161/941
f 857/124/943 891/126/944 888/128/943
f 837/193/5 872/325/5 899/195/5
f 861/160/945 825/321/946 895/162/947
f 813/127/948 856/317/949 897/129/949
f 873/222/5 905/198/5 902/200/5
f 826/223/950 901/165/458 904/167/951
f 855/224/952 903/132/952 900/134/952
f 839/199/5 874/326/5 911/201/5
f 863/166/953 827/322/953 907/168/953
f 815/133/954 854/318/954 909/135/954
f 875/225/5 917/204/5 914/206/5
f 828/226/955 913/171/955 916/173/955
f 853/227/956 915/138/956 912/140/956
f 876/228/5 923/207/5 920/209/5
f 829/229/957 919/174/957 922/176/957
f 852/230/958 921/141/959 918/143/958
f 956/231/5 929/258/5 926/232/5
f 953/234/960 925/259/961 928/235/962
f 951/237/963 927/260/964 924/238/965
f 966/240/5 968/263/5 935/213/5
f 967/241/966 965/262/966 931/180/966
f 964/242/967 963/261/967 933/147/967
f 879/243/5 941/216/5 938/218/5
f 832/244/968 937/183/968 940/185/969
f 849/245/970 939/150/971 936/152/971
f 880/246/5 947/219/5 944/221/5
f 833/247/972 943/186/973 946/188/972
f 848/248/974 945/153/975 942/155/974
f 822/154/976 847/320/977 950/249/977
f 870/187/978 834/324/979 55/251/980
f 846/220/981 881/328/982 949/253/983
f 851/255/984 951/237/985 952/239/986
f 830/256/987 953/234/988 955/236/989
f 877/257/5 956/231/5 954/233/5
f 929/258/5 961/327/5 959/210/5
f 925/259/990 958/323/990 960/177/991
f 927/260/992 962/319/992 957/144/992
f 819/146/993 850/145/993 963/261/993
f 867/179/994 831/178/995 965/262/995
f 843/212/5 878/211/5 968/263/5
f 858/264/996 698/1/996 699/11/996
f 811/17/997 885/316/998 882/123/999
f 859/17/1000 823/17/1001 887/266/1002
f 858/17/1003 835/17/1004 883/267/1005
f 62/1/1006 52/1/1006 49/268/1006
f 64/3/512 948/329/1007 950/270/512
f 975/79/1227 972/300/1228 366/1/1229
f 980/335/5 970/332/5 776/3/5
f 979/299/1231 366/1/872 972/300/1232
f 974/3/873 978/3/873 777/3/873
f 971/3/386 777/3/386 780/3/386
f 980/335/5 775/118/5 981/336/5
f 981/336/5 373/6/5 372/2/5
f 365/1/5 370/6/5 970/332/5
f 360/4/1233 673/15/1234 367/3/1235
f 375/2/1236 972/300/1237 975/79/382
f 368/3/873 978/3/873 974/3/873
f 980/335/5 977/333/5 970/332/5
f 979/299/870 369/1/1239 366/1/872
f 971/3/1240 974/3/384 777/3/1240
f 980/335/5 776/3/5 775/118/5
f 981/336/5 775/118/5 373/6/5
f 970/332/5 977/333/5 365/1/5
f 365/1/5 672/21/1241 370/6/5
usemtl Road_lines
f 6/2/5 13/1/5 8/2/1008
f 11/3/5 10/4/1009 9/3/5
f 17/1/5 13/2/5 1/2/5
f 11/4/5 20/3/5 18/3/5
f 24/1/5 12/2/1010 17/2/5
f 18/4/5 19/3/5 14/3/5
f 24/2/5 25/1/5 26/2/5
f 31/3/5 19/4/5 27/3/1011
f 36/1/5 25/2/5 30/2/5
f 31/4/5 33/3/5 37/3/5
f 36/2/5 38/1/5 32/2/5
f 45/3/5 33/4/5 39/3/1012
f 40/1/5 38/2/5 34/2/5
f 45/4/5 51/3/5 41/6/5
f 40/2/5 54/7/5 50/2/5
f 41/4/5 55/8/1013 46/271/1014
f 60/1/5 54/269/5 53/10/5
f 60/2/5 69/1/5 62/2/5
f 57/3/5 64/4/5 63/3/1015
f 65/11/5 69/2/5 56/2/5
f 57/4/5 75/3/5 74/3/5
f 70/1/5 68/2/5 65/2/5
f 74/4/5 82/3/5 79/12/5
f 70/2/5 80/1/5 81/2/5
f 76/3/5 82/4/5 86/12/1016
f 88/1/5 80/2/5 84/2/5
f 76/4/5 91/3/5 89/3/5
f 88/2/5 99/1/5 85/2/5
f 98/3/5 91/4/5 90/3/1017
f 92/1/5 99/2/5 97/2/5
f 98/4/5 103/3/5 93/3/5
f 92/2/5 109/1/5 102/2/5
f 107/3/5 103/4/5 110/3/1018
f 104/1/5 109/2/5 106/2/5
f 107/5/5 116/12/5 115/3/5
f 104/2/5 121/1/5 108/2/5
f 120/3/5 116/4/5 122/3/1019
f 117/1/5 121/2/5 111/2/5
f 120/4/5 128/3/5 126/3/5
f 117/2/5 135/1/5 127/2/5
f 124/3/5 128/4/5 137/3/1020
f 129/1/5 135/2/5 123/2/5
f 124/4/5 136/3/5 140/3/5
f 129/2/5 145/1/1021 134/2/5
f 138/3/5 136/4/5 146/3/1022
f 143/2/5 144/1/1023 145/2/1024
f 151/3/5 146/4/1025 153/3/1026
f 150/2/5 157/14/5 144/2/1027
f 147/3/5 153/4/1028 152/3/5
f 154/1/5 157/2/5 156/2/5
f 147/4/5 158/3/1029 165/3/5
f 159/1/5 166/2/1030 154/2/5
f 165/4/5 169/3/1031 160/3/5
f 167/1/5 168/2/1032 159/2/5
f 160/4/5 177/3/5 174/3/5
f 170/1/5 175/2/1033 167/2/5
f 174/4/5 176/3/5 179/3/5
f 187/1/5 181/2/5 170/2/5
f 179/4/5 189/3/5 188/3/5
f 187/2/5 192/1/5 180/2/1034
f 182/3/5 189/4/5 193/3/1035
f 191/2/5 202/11/5 192/2/5
f 190/3/5 193/4/1036 203/3/5
f 194/1/5 202/2/5 200/2/5
f 190/4/5 205/3/5 195/3/5
f 194/2/5 212/14/5 201/2/5
f 210/3/5 205/4/5 213/3/5
f 204/2/5 211/1/5 212/2/5
f 216/3/5 213/5/5 218/3/5
f 206/2/5 217/1/5 211/2/5
f 214/3/5 218/4/5 226/3/5
f 223/2/5 224/1/1037 217/2/5
f 219/3/5 226/4/5 225/3/1038
f 231/2/5 234/1/5 224/2/1021
f 228/3/5 225/13/1039 236/6/5
f 227/2/5 242/1/5 234/2/5
f 240/3/5 236/4/5 235/3/5
f 232/2/5 241/1/5 242/2/5
f 248/3/5 235/4/5 243/3/5
f 247/2/5 249/1/5 241/2/5
f 253/3/5 243/4/5 250/3/5
f 259/1/5 249/2/5 244/2/5
f 253/4/5 254/3/5 251/3/5
f 265/1/5 261/2/5 259/2/5
f 251/4/5 262/3/5 255/3/5
f 265/2/5 266/1/5 260/2/5
f 272/3/5 262/4/5 267/3/5
f 271/2/5 279/1/5 266/2/5
f 277/6/5 267/4/5 280/3/5
f 283/1/5 279/2/5 268/2/5
f 277/4/5 284/3/5 273/3/5
f 289/1/5 278/2/5 283/2/5
f 273/4/5 293/3/5 281/3/5
f 285/1/5 291/2/5 289/2/5
f 281/4/5 292/12/5 286/3/5
f 294/1/5 290/2/5 285/2/5
f 286/4/5 298/3/5 295/3/5
f 299/1/5 304/2/5 294/2/5
f 295/4/5 309/3/5 300/3/5
f 299/2/5 308/1/5 303/2/5
f 315/3/5 309/4/5 318/3/5
f 305/2/5 316/1/5 308/2/5
f 311/3/5 318/4/5 317/3/5
f 319/1/5 316/2/5 310/2/5
f 311/4/5 323/3/5 320/3/5
f 319/2/5 333/1/5 322/2/1040
f 331/3/5 323/4/5 335/3/1041
f 324/2/5 332/1/5 333/2/5
f 329/3/5 335/4/5 334/3/5
f 328/2/5 343/1/5 332/2/5
f 336/12/5 334/4/5 340/3/5
f 342/2/5 352/1/5 343/2/5
f 350/3/5 340/4/5 344/3/5
f 356/1/5 352/2/5 349/2/5
f 350/4/5 353/3/5 345/6/5
f 354/1/5 351/2/5 356/2/5
f 345/4/5 364/3/1042 362/3/5
f 358/1/5 357/2/5 354/2/5
f 362/4/5 367/3/1043 359/3/1044
f 359/4/1045 675/16/5 671/276/1046
f 378/1/5 376/2/5 372/2/5
f 383/17/5 662/2/5 386/17/5
f 378/2/5 392/1/5 384/2/5
f 381/3/5 386/4/5 385/3/5
f 391/2/5 399/1/5 392/2/5
f 388/3/5 385/4/5 393/3/5
f 394/1/5 399/2/5 387/2/5
f 388/4/5 400/3/5 404/3/5
f 394/2/5 409/1/5 398/2/5
f 401/3/5 400/4/5 411/3/5
f 408/2/5 416/1/5 409/2/5
f 406/3/5 411/4/5 410/3/5
f 405/2/5 415/14/5 416/2/5
f 412/3/5 410/4/5 424/3/5
f 417/1/5 415/2/5 421/2/5
f 412/4/5 423/3/5 418/3/5
f 425/11/5 422/2/5 417/2/5
f 418/4/5 428/6/5 433/3/5
f 429/1/5 435/2/5 425/2/5
f 433/4/5 436/3/5 439/3/5
f 429/2/5 440/1/5 434/2/5
f 445/3/5 436/4/5 441/3/5
f 442/1/5 440/2/5 444/2/5
f 445/4/5 451/3/5 449/3/5
f 455/11/5 446/2/5 442/2/5
f 449/4/5 450/3/5 447/3/5
f 455/2/5 462/1/5 456/2/5
f 461/12/5 450/5/5 457/3/1047
f 469/1/5 462/2/5 460/2/5
f 461/4/5 463/3/5 458/3/5
f 469/2/5 476/1/5 470/2/5
f 464/3/5 463/4/5 477/3/5
f 475/2/5 480/1/5 476/2/5
f 472/3/5 477/4/5 481/3/1048
f 478/1/5 480/2/5 471/2/5
f 472/4/5 485/3/5 483/3/5
f 478/2/5 490/1/5 484/2/5
f 489/3/5 485/4/5 491/6/1049
f 496/1/5 490/2/5 488/2/5
f 489/4/5 501/3/5 497/3/5
f 496/2/5 498/1/5 499/2/5
f 492/3/5 501/4/5 500/3/1050
f 502/1/5 498/2/5 506/2/5
f 492/4/5 513/3/5 503/3/5
f 502/2/5 520/1/5 511/2/5
f 518/3/5 513/4/5 512/3/5
f 514/1/5 520/2/5 507/2/5
f 518/4/5 521/3/5 515/3/5
f 514/2/5 530/1/1051 519/2/5
f 528/3/5 521/4/5 531/3/1052
f 527/2/5 529/1/5 530/2/1053
f 523/3/5 531/4/1051 539/3/1054
f 532/1/5 529/2/5 522/2/5
f 523/4/5 538/3/5 533/3/5
f 532/2/5 546/1/5 537/2/5
f 545/12/5 538/4/5 547/3/1055
f 550/1/5 546/2/5 544/2/5
f 545/4/5 554/3/5 541/3/5
f 560/1/5 552/2/5 550/2/5
f 541/4/5 553/3/5 548/3/5
f 560/2/5 566/1/5 551/2/5
f 556/3/5 553/4/5 568/3/1056
f 561/14/5 566/2/5 555/2/5
f 556/4/5 567/3/5 562/3/5
f 561/2/5 574/1/5 565/2/5
f 570/6/5 567/4/5 580/3/5
f 569/2/5 579/1/5 574/2/5
f 576/3/5 580/4/5 585/3/5
f 581/1/5 579/2/5 575/2/5
f 576/4/5 592/3/5 582/3/5
f 581/2/5 597/1/5 584/2/5
f 587/3/5 592/5/5 591/3/5
f 586/2/5 596/1/5 597/2/5
f 601/3/5 591/4/5 603/3/5
f 606/1/5 596/2/5 593/2/5
f 601/4/5 607/3/5 598/3/5
f 604/1/5 602/2/5 606/2/5
f 598/4/5 617/3/5 613/3/5
f 604/2/5 614/1/5 615/2/5
f 609/3/5 617/4/5 616/3/5
f 608/2/5 628/11/5 614/2/5
f 618/3/5 616/4/5 621/3/5
f 622/1/5 628/2/5 626/2/5
f 618/4/5 634/3/5 623/12/5
f 622/2/5 632/1/5 627/2/5
f 639/3/5 634/5/5 633/3/5
f 629/2/5 640/1/1057 632/2/5
f 636/3/5 633/4/5 641/3/1058
f 635/2/5 643/1/5 640/2/1059
f 651/3/5 641/4/1060 644/3/5
f 645/1/5 643/2/5 650/2/5
f 651/4/5 653/3/5 646/3/5
f 8/2/1061 645/1/5 6/2/5
f 7/4/5 653/3/5 10/4/1062
f 654/14/5 662/2/5 659/2/5
f 655/3/5 738/330/5 663/3/5
f 373/6/5 664/4/5 660/13/5
f 670/17/1063 729/33/5 671/276/1064
f 725/283/5 665/17/5 666/17/5
f 370/6/5 676/52/5 371/3/1065
f 358/2/5 366/1/1066 363/2/5
f 708/3/5 678/3/5 709/3/5
f 712/1/5 681/1/5 710/1/5
f 720/17/5 688/17/5 687/17/5
f 722/17/5 683/17/5 684/17/5
f 716/17/5 693/17/5 717/17/5
f 718/17/5 690/17/5 713/17/1067
f 702/1/5 695/1/1068 699/11/5
f 706/3/5 700/3/5 696/3/5
f 689/17/5 752/282/5 690/17/5
f 693/17/5 969/31/1069 823/27/1070
f 678/3/5 705/3/5 706/3/5
f 681/1/5 701/1/5 702/1/5
f 654/14/5 710/1/5 661/1/5
f 663/3/5 709/3/5 655/3/5
f 683/17/5 713/17/1071 684/17/5
f 688/17/5 717/17/5 687/17/5
f 666/17/5 721/17/5 722/17/5
f 669/17/5 719/17/5 720/17/5
f 676/52/5 739/275/1072 740/51/1035
f 728/69/5 774/66/5 726/68/5
f 771/284/5 727/33/5 725/37/5
f 733/274/5 749/287/1073 734/41/5
f 739/17/1074 802/289/5 740/17/1075
f 744/17/5 758/288/5 743/17/1076
f 750/290/5 660/13/5 664/4/5
f 743/20/1077 726/25/5 744/277/5
f 751/17/5 771/54/5 752/17/5
f 756/17/1078 764/292/5 755/17/5
f 756/60/1079 784/28/5 786/28/5
f 767/95/5 792/308/5 790/93/5
f 763/57/1040 791/97/5 764/63/5
f 770/75/5 762/77/5 774/298/5
f 767/72/5 757/297/5 765/73/5
f 365/1/5 975/79/5 366/1/1080
f 370/6/5 973/331/5 970/332/5
f 761/82/1081 803/113/5 757/45/5
f 786/304/5 791/88/5 789/90/5
f 781/303/5 787/84/1082 796/87/5
f 783/305/5 696/3/5 700/3/5
f 792/102/5 801/106/5 790/311/5
f 798/310/5 810/101/5 808/103/5
f 788/285/5 733/17/5 734/17/5
f 787/96/5 737/17/5 796/286/5
f 810/109/5 745/1/1083 808/115/5
f 802/315/5 776/119/5 780/121/5
f 807/314/5 779/112/5 775/118/5
f 809/313/5 746/3/5 750/3/5
f 779/3/5 373/6/5 775/3/5
f 887/266/1084 812/125/5 871/190/5
f 888/128/5 872/325/5 893/192/5
f 894/131/5 873/222/5 899/195/5
f 900/134/5 874/326/5 905/198/5
f 906/137/5 875/225/5 911/201/5
f 912/140/5 876/228/5 917/204/5
f 918/143/5 877/257/5 923/207/5
f 961/327/5 819/146/5 878/211/5
f 930/149/5 879/243/5 935/213/5
f 936/152/5 880/246/5 941/216/5
f 942/155/5 881/328/1085 947/219/5
f 883/267/1086 836/191/5 824/157/5
f 890/194/5 825/321/5 889/159/1087
f 896/197/5 826/223/1088 895/162/1089
f 902/200/5 827/322/5 901/165/5
f 908/203/5 828/226/5 907/168/5
f 914/206/5 829/229/5 913/171/5
f 920/209/5 830/256/1090 919/174/5
f 958/323/5 843/212/5 831/178/5
f 932/215/5 832/244/1091 931/180/1092
f 938/218/5 833/247/5 937/183/5
f 944/221/5 834/324/1093 943/186/1094
f 836/191/5 889/159/1095 824/157/5
f 812/125/5 893/192/5 871/190/5
f 825/321/5 896/197/5 895/162/1079
f 872/325/5 894/131/5 899/195/5
f 838/196/5 901/165/5 826/223/1096
f 814/130/5 905/198/5 873/222/5
f 827/322/5 908/203/5 907/168/5
f 874/326/5 906/137/5 911/201/5
f 840/202/5 913/171/5 828/226/5
f 816/136/5 917/204/5 875/225/5
f 841/205/5 919/174/5 829/229/5
f 817/139/5 923/207/5 876/228/5
f 954/233/5 925/259/5 953/234/1097
f 952/239/1098 929/258/5 956/231/5
f 965/262/5 932/215/5 931/180/1078
f 968/263/5 930/149/5 935/213/5
f 844/214/5 937/183/5 832/244/1099
f 820/148/1100 941/216/5 879/243/5
f 845/217/5 943/186/1101 833/247/5
f 821/151/5 947/219/5 880/246/5
f 881/328/1102 948/250/1103 949/253/1104
f 834/324/1105 46/254/1106 55/251/1107
f 818/142/1108 956/231/5 877/257/5
f 842/208/5 953/234/1109 830/256/1110
f 926/232/5 958/323/5 925/259/5
f 924/238/1111 961/327/5 929/258/5
f 878/211/5 964/242/5 968/263/5
f 831/178/5 966/240/5 965/262/5
f 835/265/1112 695/1/1113 859/279/1114
f 969/17/1115 887/266/1116 823/17/1117
f 835/17/1118 884/189/1119 883/267/1120
f 61/3/5 948/329/1121 64/3/5
f 6/2/5 1/1/5 13/1/5
f 11/3/5 7/4/5 10/4/1122
f 17/1/5 12/1/1123 13/2/5
f 11/4/5 9/4/5 20/3/5
f 24/1/5 26/1/5 12/2/1124
f 18/4/5 20/4/5 19/3/5
f 24/2/5 30/1/5 25/1/5
f 31/3/5 14/4/5 19/4/5
f 36/1/5 32/1/5 25/2/5
f 31/4/5 27/5/1125 33/3/5
f 36/2/5 34/1/5 38/1/5
f 45/3/5 37/4/5 33/4/5
f 40/1/5 50/1/5 38/2/5
f 45/4/5 39/5/1126 51/3/5
f 40/2/5 53/7/5 54/7/5
f 41/4/5 51/4/5 55/8/1127
f 60/1/5 62/1/5 54/269/5
f 60/2/5 56/1/5 69/1/5
f 57/3/5 61/4/5 64/4/5
f 65/11/5 68/1/5 69/2/5
f 57/4/5 63/4/1128 75/3/5
f 70/1/5 81/1/5 68/2/5
f 74/4/5 75/4/5 82/3/5
f 70/2/5 84/1/5 80/1/5
f 76/3/5 79/4/5 82/4/5
f 88/1/5 85/1/5 80/2/5
f 76/4/5 86/13/1129 91/3/5
f 88/2/5 97/1/5 99/1/5
f 98/3/5 89/4/5 91/4/5
f 92/1/5 102/11/5 99/2/5
f 98/4/5 90/4/1130 103/3/5
f 92/2/5 106/1/5 109/1/5
f 107/3/5 93/4/5 103/4/5
f 104/1/5 108/1/5 109/2/5
f 107/5/5 110/4/1131 116/12/5
f 104/2/5 111/1/5 121/1/5
f 120/3/5 115/4/5 116/4/5
f 117/1/5 127/1/5 121/2/5
f 120/4/5 122/4/1132 128/3/5
f 117/2/5 123/1/5 135/1/5
f 124/3/5 126/4/5 128/4/5
f 129/1/5 134/1/5 135/2/5
f 124/4/5 137/4/1133 136/3/5
f 129/2/5 143/1/5 145/1/1021
f 138/3/5 140/4/5 136/4/5
f 143/2/5 150/1/5 144/1/1134
f 151/3/5 138/4/5 146/4/1135
f 150/2/5 156/1/5 157/14/5
f 147/3/5 151/4/5 153/4/1136
f 154/1/5 166/1/1137 157/2/5
f 147/4/5 152/4/5 158/3/1138
f 159/1/5 168/1/1139 166/2/1138
f 165/4/5 158/4/1140 169/3/1141
f 167/1/5 175/1/1142 168/2/1141
f 160/4/5 169/4/1143 177/3/5
f 170/1/5 181/1/5 175/2/1144
f 174/4/5 177/4/5 176/3/5
f 187/1/5 180/14/1145 181/2/5
f 179/4/5 176/4/5 189/3/5
f 187/2/5 191/1/5 192/1/5
f 182/3/5 188/5/5 189/4/5
f 191/2/5 200/1/5 202/11/5
f 190/3/5 182/4/5 193/4/1146
f 194/1/5 201/1/5 202/2/5
f 190/4/5 203/4/5 205/3/5
f 194/2/5 204/1/5 212/14/5
f 210/3/5 195/13/5 205/4/5
f 204/2/5 206/1/5 211/1/5
f 216/3/5 210/4/5 213/5/5
f 206/2/5 223/1/5 217/1/5
f 214/3/5 216/4/5 218/4/5
f 223/2/5 231/14/5 224/1/1037
f 219/3/5 214/13/5 226/4/5
f 231/2/5 227/1/5 234/1/5
f 228/3/5 219/4/5 225/13/1147
f 227/2/5 232/1/5 242/1/5
f 240/3/5 228/4/5 236/4/5
f 232/2/5 247/1/5 241/1/5
f 248/3/5 240/4/5 235/4/5
f 247/2/5 244/1/5 249/1/5
f 253/3/5 248/4/5 243/4/5
f 259/1/5 261/1/5 249/2/5
f 253/4/5 250/4/5 254/3/5
f 265/1/5 260/11/5 261/2/5
f 251/4/5 254/4/5 262/3/5
f 265/2/5 271/1/5 266/1/5
f 272/3/5 255/5/5 262/4/5
f 271/2/5 268/1/5 279/1/5
f 277/6/5 272/4/5 267/4/5
f 283/1/5 278/1/5 279/2/5
f 277/4/5 280/4/5 284/3/5
f 289/1/5 291/1/5 278/2/5
f 273/4/5 284/4/5 293/3/5
f 285/1/5 290/1/5 291/2/5
f 281/4/5 293/4/5 292/12/5
f 294/1/5 304/1/5 290/2/5
f 286/4/5 292/4/5 298/3/5
f 299/1/5 303/1/5 304/2/5
f 295/4/5 298/4/5 309/3/5
f 299/2/5 305/1/5 308/1/5
f 315/3/5 300/4/5 309/4/5
f 305/2/5 310/11/5 316/1/5
f 311/3/5 315/4/5 318/4/5
f 319/1/5 322/1/1148 316/2/5
f 311/4/5 317/4/5 323/3/5
f 319/2/5 324/1/5 333/1/5
f 331/3/5 320/4/5 323/4/5
f 324/2/5 328/1/5 332/1/5
f 329/3/5 331/4/5 335/4/5
f 328/2/5 342/1/5 343/1/5
f 336/12/5 329/4/5 334/4/5
f 342/2/5 349/1/5 352/1/5
f 350/3/5 336/4/5 340/4/5
f 356/1/5 351/1/5 352/2/5
f 350/4/5 344/4/5 353/3/5
f 354/1/5 357/14/5 351/2/5
f 345/4/5 353/4/5 364/3/1149
f 358/1/5 363/1/5 357/2/5
f 362/4/5 364/4/1150 367/3/1151
f 359/4/1152 367/13/1153 675/16/5
f 378/1/5 384/1/5 376/2/5
f 383/17/5 659/2/5 662/2/5
f 378/2/5 391/11/5 392/1/5
f 381/3/5 383/4/5 386/4/5
f 391/2/5 387/1/5 399/1/5
f 388/3/5 381/4/5 385/4/5
f 394/1/5 398/1/5 399/2/5
f 388/4/5 393/4/5 400/3/5
f 394/2/5 408/1/5 409/1/5
f 401/3/5 404/4/5 400/4/5
f 408/2/5 405/1/5 416/1/5
f 406/3/5 401/4/5 411/4/5
f 405/2/5 421/1/5 415/14/5
f 412/3/5 406/4/5 410/4/5
f 417/1/5 422/1/5 415/2/5
f 412/4/5 424/4/5 423/3/5
f 425/11/5 435/1/5 422/2/5
f 418/4/5 423/4/5 428/6/5
f 429/1/5 434/1/5 435/2/5
f 433/4/5 428/4/5 436/3/5
f 429/2/5 444/1/5 440/1/5
f 445/3/5 439/4/5 436/4/5
f 442/1/5 446/1/5 440/2/5
f 445/4/5 441/4/5 451/3/5
f 455/11/5 456/1/5 446/2/5
f 449/4/5 451/4/5 450/3/5
f 455/2/5 460/1/5 462/1/5
f 461/12/5 447/4/5 450/5/5
f 469/1/5 470/1/5 462/2/5
f 461/4/5 457/4/1154 463/3/5
f 469/2/5 475/1/5 476/1/5
f 464/3/5 458/4/5 463/4/5
f 475/2/5 471/1/5 480/1/5
f 472/3/5 464/5/5 477/4/5
f 478/1/5 484/1/5 480/2/5
f 472/4/5 481/13/1155 485/3/5
f 478/2/5 488/1/5 490/1/5
f 489/3/5 483/4/5 485/4/5
f 496/1/5 499/1/5 490/2/5
f 489/4/5 491/4/1156 501/3/5
f 496/2/5 506/1/5 498/1/5
f 492/3/5 497/4/5 501/4/5
f 502/1/5 511/1/5 498/2/5
f 492/4/5 500/4/1157 513/3/5
f 502/2/5 507/1/5 520/1/5
f 518/3/5 503/4/5 513/4/5
f 514/1/5 519/1/5 520/2/5
f 518/4/5 512/4/5 521/3/5
f 514/2/5 527/1/5 530/1/1158
f 528/3/5 515/4/5 521/4/5
f 527/2/5 522/1/5 529/1/5
f 523/3/5 528/4/5 531/4/1159
f 532/1/5 537/11/5 529/2/5
f 523/4/5 539/4/1160 538/3/5
f 532/2/5 544/11/5 546/1/5
f 545/12/5 533/4/5 538/4/5
f 550/1/5 552/1/5 546/2/5
f 545/4/5 547/4/1161 554/3/5
f 560/1/5 551/1/5 552/2/5
f 541/4/5 554/4/5 553/3/5
f 560/2/5 555/1/5 566/1/5
f 556/3/5 548/5/5 553/4/5
f 561/14/5 565/1/5 566/2/5
f 556/4/5 568/4/1162 567/3/5
f 561/2/5 569/1/5 574/1/5
f 570/6/5 562/4/5 567/4/5
f 569/2/5 575/1/5 579/1/5
f 576/3/5 570/4/5 580/4/5
f 581/1/5 584/1/5 579/2/5
f 576/4/5 585/4/5 592/3/5
f 581/2/5 586/1/5 597/1/5
f 587/3/5 582/4/5 592/5/5
f 586/2/5 593/1/5 596/1/5
f 601/3/5 587/4/5 591/4/5
f 606/1/5 602/1/5 596/2/5
f 601/4/5 603/4/5 607/3/5
f 604/1/5 615/14/5 602/2/5
f 598/4/5 607/4/5 617/3/5
f 604/2/5 608/1/5 614/1/5
f 609/3/5 613/4/5 617/4/5
f 608/2/5 626/1/5 628/11/5
f 618/3/5 609/4/5 616/4/5
f 622/1/5 627/14/5 628/2/5
f 618/4/5 621/13/5 634/3/5
f 622/2/5 629/1/5 632/1/5
f 639/3/5 623/4/5 634/5/5
f 629/2/5 635/1/5 640/1/1057
f 636/3/5 639/4/5 633/4/5
f 635/2/5 650/1/5 643/1/5
f 651/3/5 636/4/5 641/4/1163
f 645/1/5 652/1/5 643/2/5
f 651/4/5 644/4/5 653/3/5
f 8/2/1164 652/1/5 645/1/5
f 7/4/5 646/3/5 653/3/5
f 654/14/5 661/1/5 662/2/5
f 655/3/5 737/19/5 738/330/5
f 373/6/5 377/3/1165 664/4/5
f 671/276/1166 675/16/5 670/17/1063
f 670/17/1167 669/17/5 729/33/5
f 729/33/791 730/22/791 671/276/1168
f 725/283/5 727/35/5 665/17/5
f 370/6/5 672/21/1169 676/52/5
f 358/2/5 365/1/5 366/1/1170
f 708/3/5 682/3/5 678/3/5
f 712/1/5 677/1/5 681/1/5
f 720/17/5 719/17/5 688/17/5
f 722/17/5 721/17/5 683/17/5
f 716/17/5 694/17/1171 693/17/5
f 718/17/5 689/17/5 690/17/5
f 702/1/5 701/1/5 695/1/1172
f 706/3/5 705/3/5 700/3/5
f 689/17/5 751/278/5 752/282/5
f 693/17/5 694/17/1173 969/31/1174
f 678/3/5 682/3/5 705/3/5
f 681/1/5 677/1/5 701/1/5
f 654/14/5 712/1/5 710/1/5
f 663/3/5 708/3/5 709/3/5
f 683/17/5 718/17/5 713/17/1175
f 688/17/5 716/17/5 717/17/5
f 666/17/5 665/17/5 721/17/5
f 669/17/5 670/17/1176 719/17/5
f 676/52/5 672/21/1177 739/275/1178
f 728/69/5 770/64/5 774/66/5
f 771/284/5 769/65/5 727/33/5
f 733/274/5 745/273/1179 749/287/1180
f 739/17/1181 804/46/5 802/289/5
f 744/17/5 762/49/5 758/288/5
f 750/290/5 746/18/5 660/13/5
f 743/20/1182 728/34/5 726/25/5
f 751/17/5 769/53/5 771/54/5
f 756/17/1183 763/56/5 764/292/5
f 756/60/1180 755/280/5 784/28/5
f 767/95/5 765/98/5 792/308/5
f 763/57/5 789/59/5 791/97/5
f 770/75/5 758/74/5 762/77/5
f 767/72/5 761/71/1184 757/297/5
f 365/1/5 977/333/5 976/334/5
f 371/3/1185 973/331/5 370/6/5
f 761/82/1093 801/81/5 803/113/5
f 786/304/5 784/86/5 791/88/5
f 781/303/5 783/85/5 787/84/5
f 783/305/5 781/281/5 696/3/5
f 792/102/5 803/104/5 801/106/5
f 798/310/5 788/99/5 810/101/5
f 788/285/5 798/40/5 733/17/5
f 787/96/5 738/17/5 737/17/5
f 810/109/5 749/1/1186 745/1/1187
f 802/315/5 804/117/5 776/119/5
f 807/314/5 809/110/5 779/112/5
f 809/313/5 807/114/5 746/3/5
f 779/3/5 377/3/1188 373/6/5
f 887/266/1189 882/123/1190 812/125/5
f 888/128/5 813/127/1191 872/325/5
f 894/131/5 814/130/5 873/222/5
f 900/134/5 815/133/5 874/326/5
f 906/137/5 816/136/5 875/225/5
f 912/140/5 817/139/5 876/228/5
f 918/143/5 818/142/1192 877/257/5
f 961/327/5 957/144/5 819/146/5
f 930/149/5 820/148/1073 879/243/5
f 936/152/1193 821/151/5 880/246/5
f 942/155/5 822/154/1194 881/328/1195
f 883/267/1196 884/189/1197 836/191/5
f 890/194/5 837/193/5 825/321/5
f 896/197/5 838/196/5 826/223/1198
f 902/200/5 839/199/5 827/322/5
f 908/203/5 840/202/5 828/226/5
f 914/206/5 841/205/5 829/229/5
f 920/209/5 842/208/5 830/256/1199
f 958/323/5 959/210/5 843/212/5
f 932/215/5 844/214/5 832/244/1041
f 938/218/5 845/217/5 833/247/5
f 944/221/5 846/220/1200 834/324/1095
f 836/191/5 890/194/5 889/159/1201
f 812/125/5 888/128/5 893/192/5
f 825/321/5 837/193/5 896/197/5
f 872/325/5 813/127/1202 894/131/5
f 838/196/5 902/200/5 901/165/5
f 814/130/1078 900/134/1203 905/198/5
f 827/322/5 839/199/5 908/203/5
f 874/326/5 815/133/5 906/137/5
f 840/202/5 914/206/5 913/171/5
f 816/136/5 912/140/5 917/204/5
f 841/205/5 920/209/5 919/174/5
f 817/139/5 918/143/5 923/207/5
f 954/233/5 926/232/5 925/259/5
f 952/239/1204 924/238/1205 929/258/5
f 965/262/5 966/240/5 932/215/5
f 968/263/5 964/242/5 930/149/5
f 844/214/5 938/218/5 937/183/5
f 820/148/1206 936/152/5 941/216/5
f 845/217/5 944/221/5 943/186/1207
f 821/151/5 942/155/1208 947/219/5
f 881/328/1209 822/154/1210 948/250/1211
f 834/324/1212 846/220/1213 46/254/1214
f 818/142/1108 952/239/1215 956/231/5
f 842/208/5 954/233/5 953/234/1034
f 926/232/5 959/210/5 958/323/5
f 924/238/1216 957/144/5 961/327/5
f 878/211/5 819/146/5 964/242/5
f 831/178/5 843/212/5 966/240/5
f 835/265/1217 699/11/5 695/1/1218
f 969/17/1219 882/123/1220 887/266/1221
f 835/17/1222 859/17/1223 884/189/1224
f 61/3/5 949/9/1225 948/329/1226
f 973/331/5 971/3/1230 780/3/5
f 975/79/5 976/334/5 376/2/5
f 970/332/5 780/3/5 776/3/5
f 980/335/5 372/2/5 376/2/5
f 365/1/5 976/334/5 975/79/5
f 371/3/1238 971/3/1023 973/331/5
f 970/332/5 973/331/5 780/3/5
f 376/2/5 976/334/5 977/333/5
f 980/335/5 981/336/5 372/2/5
f 376/2/5 977/333/5 980/335/5
